id,sentiment_negative,sentiment_neutral,sentiment_positive,topic_id,topic_probability,predicted_behavior,source,score,engagement,keyword_count
1,0.014171616174280643,0.5229756236076355,0.46285274624824524,13,1.0,passive_browsing,youtube,9,5,1
2,0.003802269697189331,0.3965098559856415,0.5996878147125244,-1,0.0,passive_browsing,youtube,157,3,1
9,0.0038296168204396963,0.01036940235644579,0.9858009219169617,0,1.0,purchase_intent,youtube,0,1,2
10,0.004660682287067175,0.007447461131960154,0.9878919124603271,0,1.0,purchase_intent,youtube,4,1,1
23,0.0024645652156323195,0.006737441755831242,0.9907979965209961,0,0.9104397221974675,purchase_intent,youtube,1,1,2
30,0.007813045755028725,0.029723085463047028,0.9624638557434082,0,1.0,purchase_intent,youtube,2,0,2
45,0.002747482154518366,0.021182416006922722,0.9760701060295105,0,0.9308250813075205,purchase_intent,youtube,2,2,3
54,0.021106163039803505,0.9471063613891602,0.031787555664777756,-1,0.0,passive_browsing,youtube,1,0,1
65,0.02114533632993698,0.8583666086196899,0.12048813700675964,1,0.6701896161961013,passive_browsing,youtube,0,0,1
66,0.0294497087597847,0.902816116809845,0.06773413717746735,11,0.8972120470091649,passive_browsing,youtube,0,1,2
71,0.02782331220805645,0.4359654188156128,0.5362112522125244,0,0.7895137670537655,passive_browsing,youtube,0,0,1
81,0.013588483445346355,0.8826579451560974,0.10375361144542694,0,0.7212413639825394,passive_browsing,youtube,0,1,2
82,0.0032303077168762684,0.010125454515218735,0.9866442084312439,0,0.6428411038145002,purchase_intent,youtube,2,1,1
83,0.8600520491600037,0.11503094434738159,0.024917028844356537,-1,0.0,churn_risk,youtube,0,1,3
84,0.41868093609809875,0.5352271795272827,0.04609188064932823,-1,0.0,passive_browsing,youtube,0,0,1
87,0.11854781210422516,0.8459915518760681,0.03546055033802986,13,0.10215887611977689,passive_browsing,youtube,0,3,1
94,0.005330642219632864,0.06144538149237633,0.9332240223884583,-1,0.0,purchase_intent,youtube,0,0,3
96,0.02037922479212284,0.5673021078109741,0.41231873631477356,-1,0.0,passive_browsing,youtube,0,0,3
101,0.028557028621435165,0.47867947816848755,0.49276357889175415,0,0.9683608621893881,passive_browsing,youtube,42,0,1
102,0.009083772078156471,0.49865713715553284,0.49225908517837524,0,0.7697798641224151,passive_browsing,youtube,25,1,2
103,0.019672341644763947,0.3008270561695099,0.6795006394386292,0,1.0,passive_browsing,youtube,9,0,1
105,0.040609996765851974,0.871903657913208,0.08748625963926315,0,0.348178192829128,passive_browsing,youtube,19,2,1
112,0.004666028544306755,0.021059390157461166,0.9742745161056519,0,0.8864690970215078,purchase_intent,youtube,0,0,1
115,0.014275196939706802,0.09613969177007675,0.8895851373672485,0,1.0,purchase_intent,youtube,0,0,1
116,0.004192802123725414,0.008521419949829578,0.9872857928276062,0,0.8101157973875188,purchase_intent,youtube,0,0,1
122,0.004761954303830862,0.028102384880185127,0.9671356678009033,0,0.9953901258655936,purchase_intent,youtube,0,0,1
123,0.01054602675139904,0.3295518159866333,0.6599022150039673,0,1.0,passive_browsing,youtube,1,0,1
127,0.05042976140975952,0.8050603270530701,0.14450982213020325,-1,0.0,passive_browsing,youtube,3,1,1
128,0.48237282037734985,0.45836153626441956,0.05926569923758507,0,0.7831792066816192,passive_browsing,youtube,3,1,1
131,0.021303998306393623,0.9465785026550293,0.032117508351802826,0,0.933875827302158,passive_browsing,youtube,3,1,1
132,0.009793316945433617,0.25966566801071167,0.7305409908294678,0,0.7082272404923591,purchase_intent,youtube,0,0,1
135,0.06532446295022964,0.5396082997322083,0.3950672149658203,0,1.0,passive_browsing,youtube,0,0,1
148,0.03378751501441002,0.935961127281189,0.03025124967098236,1,0.6804412134419845,passive_browsing,youtube,0,1,1
159,0.0043379138223826885,0.014848771505057812,0.9808133244514465,-1,0.0,purchase_intent,youtube,0,0,1
166,0.22406628727912903,0.29115810990333557,0.48477551341056824,-1,0.0,passive_browsing,youtube,1241,21,1
169,0.042423397302627563,0.2708454132080078,0.6867311596870422,0,0.5025871777389996,passive_browsing,youtube,25,1,3
171,0.2844143807888031,0.49051907658576965,0.22506652772426605,0,1.0,passive_browsing,youtube,77,2,1
173,0.007101269438862801,0.25273996591567993,0.7401587963104248,-1,0.0,purchase_intent,youtube,10,1,5
175,0.007580920588225126,0.023324010893702507,0.9690950512886047,0,1.0,purchase_intent,youtube,11,0,1
180,0.11661018431186676,0.5558517575263977,0.32753807306289673,-1,0.0,passive_browsing,youtube,142,10,1
182,0.7880198955535889,0.19506311416625977,0.016917070373892784,-1,0.0,churn_risk,youtube,29,2,1
183,0.08655373752117157,0.7064106464385986,0.20703566074371338,-1,0.0,passive_browsing,youtube,44,4,1
186,0.050013236701488495,0.641139030456543,0.30884766578674316,42,1.0,passive_browsing,youtube,3,0,1
192,0.6034656167030334,0.3560958504676819,0.040438514202833176,0,1.0,passive_browsing,youtube,3,0,3
203,0.06078232824802399,0.7682034969329834,0.17101414501667023,-1,0.0,passive_browsing,youtube,2,0,1
206,0.05194329470396042,0.594398558139801,0.35365816950798035,-1,0.0,passive_browsing,youtube,19,1,1
215,0.07350173592567444,0.7224142551422119,0.20408406853675842,-1,0.0,passive_browsing,youtube,1,0,1
218,0.008489871397614479,0.46495357155799866,0.5265565514564514,-1,0.0,passive_browsing,youtube,1,0,1
219,0.06718996912240982,0.5309734344482422,0.4018366038799286,0,0.7723362975270162,passive_browsing,youtube,22,3,1
222,0.026153085753321648,0.7079184651374817,0.2659284472465515,0,1.0,passive_browsing,youtube,1,0,4
223,0.33778783679008484,0.47306692600250244,0.18914520740509033,-1,0.0,passive_browsing,youtube,5,1,1
228,0.1467105746269226,0.7111769318580627,0.14211249351501465,0,0.7913439797439041,passive_browsing,youtube,3,0,1
235,0.009293057024478912,0.08116728067398071,0.9095396995544434,0,1.0,purchase_intent,youtube,2,0,1
241,0.012168738059699535,0.34597471356391907,0.6418565511703491,39,0.8545585344018652,passive_browsing,youtube,2,0,2
242,0.23024334013462067,0.39889955520629883,0.37085703015327454,-1,0.0,passive_browsing,youtube,9,3,1
248,0.34075790643692017,0.3704792261123657,0.2887628674507141,0,1.0,passive_browsing,youtube,18,1,1
250,0.009990819729864597,0.24832580983638763,0.7416833639144897,-1,0.0,purchase_intent,youtube,9,0,1
252,0.7529512047767639,0.21291053295135498,0.03413834422826767,-1,0.0,churn_risk,youtube,343,10,1
253,0.01147907879203558,0.23742887377738953,0.7510920763015747,0,0.5279138148633238,purchase_intent,youtube,1,0,1
257,0.0834110826253891,0.789402961730957,0.12718597054481506,-1,0.0,passive_browsing,youtube,1,0,1
258,0.11458966881036758,0.770596444606781,0.11481385678052902,0,0.6421164577008794,passive_browsing,youtube,4,1,2
260,0.008932932280004025,0.9138946533203125,0.07717239856719971,0,0.8359432418028313,passive_browsing,youtube,0,0,1
261,0.003014517715200782,0.012390335090458393,0.9845951795578003,-1,0.0,purchase_intent,youtube,2,1,1
263,0.0028469625394791365,0.008763760328292847,0.988389253616333,0,0.9848595298628722,purchase_intent,youtube,1,1,1
264,0.006370122544467449,0.03339138254523277,0.960238516330719,0,0.6163471453988185,purchase_intent,youtube,1,1,1
266,0.004196935333311558,0.018185200169682503,0.9776178002357483,-1,0.0,purchase_intent,youtube,0,1,1
267,0.48078176379203796,0.3880407512187958,0.13117749989032745,0,1.0,passive_browsing,youtube,3,1,2
273,0.007079274859279394,0.03752521798014641,0.9553955793380737,2,0.9357696544698273,purchase_intent,youtube,0,1,1
274,0.02142925001680851,0.8586089611053467,0.11996173858642578,0,1.0,passive_browsing,youtube,2,2,1
280,0.004909059032797813,0.033659614622592926,0.9614313840866089,-1,0.0,purchase_intent,youtube,0,1,1
288,0.00291787669993937,0.03542759642004967,0.961654543876648,-1,0.0,purchase_intent,youtube,0,0,2
291,0.012634757906198502,0.029167842119932175,0.9581974148750305,-1,0.0,purchase_intent,youtube,38,2,1
293,0.013996658846735954,0.8021287322044373,0.18387462198734283,-1,0.0,passive_browsing,youtube,30,3,1
295,0.004634780343621969,0.016050981357693672,0.9793142676353455,0,0.9734862239192664,purchase_intent,youtube,0,0,1
296,0.02079513855278492,0.9391692280769348,0.040035635232925415,0,1.0,passive_browsing,youtube,2,1,1
300,0.03891058266162872,0.9014745354652405,0.0596148706972599,-1,0.0,passive_browsing,youtube,0,0,3
305,0.09230472147464752,0.7776939272880554,0.13000133633613586,-1,0.0,passive_browsing,youtube,5,0,1
316,0.024210888892412186,0.8992853164672852,0.07650382071733475,13,0.07255125947333209,passive_browsing,youtube,0,0,1
356,0.0031879101879894733,0.03486507013440132,0.9619470238685608,-1,0.0,purchase_intent,youtube,121,0,2
357,0.006398455239832401,0.07326273620128632,0.9203387498855591,-1,0.0,purchase_intent,youtube,71,0,2
360,0.003337960224598646,0.05206530913710594,0.9445967078208923,1,0.6232776018146818,purchase_intent,youtube,43,0,5
361,0.0027613076381385326,0.024181032553315163,0.9730576276779175,-1,0.0,purchase_intent,youtube,18,0,2
362,0.06660216301679611,0.17434610426425934,0.7590517401695251,13,0.45224325780428026,purchase_intent,youtube,1,0,1
365,0.004306959453970194,0.05986064299941063,0.9358323812484741,13,0.8085089091024587,purchase_intent,youtube,0,0,1
369,0.050794363021850586,0.2160426825284958,0.7331629395484924,13,0.5160034754013165,purchase_intent,youtube,0,0,1
371,0.15701770782470703,0.5048123002052307,0.3381699323654175,13,0.6130055620065504,passive_browsing,youtube,0,0,1
374,0.26985836029052734,0.61835116147995,0.1117904782295227,13,0.04569733595646209,passive_browsing,youtube,31,1,1
380,0.003923867829144001,0.020739145576953888,0.9753369688987732,-1,0.0,purchase_intent,youtube,0,0,3
385,0.06412962079048157,0.8036422729492188,0.13222812116146088,0,0.720795476999628,passive_browsing,youtube,6,1,1
387,0.0038621947169303894,0.02568105421960354,0.9704567790031433,42,0.9905942427321888,purchase_intent,youtube,1,0,1
389,0.005073041655123234,0.02482791244983673,0.9700989723205566,-1,0.0,purchase_intent,youtube,0,0,3
397,0.005696414969861507,0.05083959549665451,0.9434639811515808,13,0.072820200085051,purchase_intent,youtube,0,0,1
402,0.008635551668703556,0.16005867719650269,0.831305742263794,13,0.4502989834514232,purchase_intent,youtube,0,0,1
406,0.15157806873321533,0.7123948931694031,0.1360270380973816,0,1.0,passive_browsing,youtube,0,0,1
409,0.002720482414588332,0.03293737396597862,0.9643421769142151,0,0.9534664878500775,purchase_intent,youtube,0,0,1
410,0.004755768459290266,0.032706499099731445,0.9625377655029297,13,1.0,purchase_intent,youtube,0,0,1
417,0.007626820355653763,0.03153093531727791,0.9608421921730042,13,0.06726833437169953,purchase_intent,youtube,0,0,1
426,0.003971689846366644,0.04651134833693504,0.9495169520378113,41,1.0,purchase_intent,youtube,1,0,4
427,0.1673550307750702,0.5354608297348022,0.2971840798854828,13,0.9840860556275837,passive_browsing,youtube,0,0,1
429,0.008641156367957592,0.15573985874652863,0.8356189131736755,1,0.9176997553281332,purchase_intent,youtube,0,0,1
430,0.0035995186772197485,0.01621735654771328,0.9801831245422363,13,0.06111957905310323,purchase_intent,youtube,0,0,1
431,0.47251901030540466,0.36291027069091797,0.16457076370716095,13,0.07607451606612602,passive_browsing,youtube,0,0,1
432,0.42012280225753784,0.4314746558666229,0.14840248227119446,13,0.8497537967994697,passive_browsing,youtube,0,0,1
438,0.0038308408111333847,0.031953442841768265,0.9642156958580017,1,0.873649354641237,purchase_intent,youtube,0,0,5
442,0.14173802733421326,0.6688129305839539,0.18944905698299408,13,1.0,passive_browsing,youtube,0,0,1
443,0.002584942150861025,0.025359902530908585,0.972055196762085,-1,0.0,purchase_intent,youtube,0,0,2
444,0.00527911214157939,0.13700731098651886,0.8577135801315308,1,0.9345097810483813,purchase_intent,youtube,0,0,4
565,0.004051634576171637,0.008649383671581745,0.9872990250587463,0,1.0,purchase_intent,youtube,0,0,1
567,0.05131387710571289,0.3429926037788391,0.605693519115448,-1,0.0,passive_browsing,youtube,4,0,2
575,0.0037903401535004377,0.019797256216406822,0.9764124155044556,0,0.9657640090845291,purchase_intent,youtube,1,0,2
588,0.041071996092796326,0.9201173782348633,0.03881056606769562,0,1.0,passive_browsing,youtube,0,1,1
589,0.009651928208768368,0.9395194053649902,0.050828732550144196,13,0.865580467066941,passive_browsing,youtube,1,0,1
594,0.02205539681017399,0.9395797848701477,0.03836479410529137,0,1.0,passive_browsing,youtube,0,1,2
599,0.05808958038687706,0.7202757000923157,0.2216346710920334,3,0.491837530121611,passive_browsing,youtube,0,1,1
610,0.7678661942481995,0.21896971762180328,0.013164062052965164,-1,0.0,churn_risk,youtube,0,1,3
611,0.0057590133510529995,0.016110209748148918,0.9781307578086853,0,0.9610470834015069,purchase_intent,youtube,0,0,1
613,0.004649928770959377,0.016468441113829613,0.9788815975189209,0,0.7417512979596024,purchase_intent,youtube,1,1,1
616,0.005653848871588707,0.6810575723648071,0.31328850984573364,0,0.49422133471777235,passive_browsing,youtube,1,0,2
619,0.0037819661665707827,0.02122347429394722,0.9749945998191833,13,0.03892684939628718,purchase_intent,youtube,0,0,1
625,0.005264492239803076,0.8626495599746704,0.132085919380188,0,1.0,passive_browsing,youtube,268,28,1
627,0.002964249812066555,0.03474009782075882,0.9622955918312073,0,0.7274656565266961,purchase_intent,youtube,269,1,1
629,0.0036025161389261484,0.020502224564552307,0.9758952260017395,0,0.851086076664398,purchase_intent,youtube,110,1,1
631,0.0043474603444337845,0.024541767314076424,0.9711107611656189,0,1.0,purchase_intent,youtube,371,2,1
632,0.00534539669752121,0.01715872809290886,0.9774959087371826,0,1.0,purchase_intent,youtube,132,1,1
633,0.017918286845088005,0.1356627196073532,0.8464189767837524,0,0.8008464061226754,purchase_intent,youtube,16,1,1
634,0.005274760536849499,0.013582845218479633,0.9811424612998962,0,0.6568395702636338,purchase_intent,youtube,18,1,1
635,0.006708119530230761,0.034986987709999084,0.9583048820495605,0,1.0,purchase_intent,youtube,125,5,1
640,0.0031079964246600866,0.010093994438648224,0.9867979884147644,0,1.0,purchase_intent,youtube,11,1,1
641,0.004275110550224781,0.03172653913497925,0.9639983773231506,0,0.7768136711673893,purchase_intent,youtube,5,1,2
643,0.0038406967651098967,0.009887279942631721,0.9862719774246216,0,1.0,purchase_intent,youtube,9,1,1
645,0.0023269534576684237,0.008746492676436901,0.9889265298843384,-1,0.0,purchase_intent,youtube,7,1,1
648,0.0035203692968934774,0.010103072039783001,0.9863765835762024,0,1.0,purchase_intent,youtube,1,1,1
653,0.0038201846182346344,0.0229650866240263,0.9732147455215454,0,1.0,purchase_intent,youtube,7,1,1
655,0.006258966866880655,0.303351491689682,0.6903895735740662,0,1.0,passive_browsing,youtube,25,2,2
656,0.01116986945271492,0.03623136132955551,0.9525988101959229,0,0.9208962459002988,purchase_intent,youtube,8,1,3
659,0.0028597069904208183,0.016073739156126976,0.9810665845870972,0,1.0,purchase_intent,youtube,4,1,1
664,0.0038272228557616472,0.010036766529083252,0.9861359596252441,0,1.0,purchase_intent,youtube,0,1,1
665,0.05053068324923515,0.38752782344818115,0.5619415044784546,0,1.0,passive_browsing,youtube,7,1,1
669,0.003976732492446899,0.09608770906925201,0.8999355435371399,0,1.0,purchase_intent,youtube,4,1,1
671,0.0034575259778648615,0.00698087178170681,0.9895616173744202,0,0.8953561868854659,purchase_intent,youtube,27,1,1
674,0.004226867109537125,0.02920658327639103,0.9665665626525879,0,0.7681107309140812,purchase_intent,youtube,5,1,1
675,0.0026417342014610767,0.01103624701499939,0.9863220453262329,0,1.0,purchase_intent,youtube,11,2,1
676,0.005762489978224039,0.05018775910139084,0.9440497756004333,0,1.0,purchase_intent,youtube,1,1,1
678,0.0018556236755102873,0.021555060520768166,0.9765892624855042,0,0.7702642753930798,purchase_intent,youtube,9,1,1
679,0.16050012409687042,0.31428730487823486,0.5252125859260559,0,0.8896062182740562,passive_browsing,youtube,29,1,2
680,0.0023379132617264986,0.011164724826812744,0.9864973425865173,0,0.9006212355590265,purchase_intent,youtube,2,1,1
690,0.0026153295766562223,0.007750207092612982,0.9896344542503357,0,0.6960789181940661,purchase_intent,youtube,5,1,1
693,0.0039860764518380165,0.009237902238965034,0.9867760539054871,0,1.0,purchase_intent,youtube,24,1,1
694,0.003846334759145975,0.009739011526107788,0.9864146113395691,0,0.9135077594334277,purchase_intent,youtube,100,2,1
695,0.0025877824518829584,0.02169353887438774,0.9757187366485596,0,0.9742532428885456,purchase_intent,youtube,2,0,1
696,0.00575397489592433,0.061706848442554474,0.9325392246246338,0,0.7851690278533882,purchase_intent,youtube,4,1,1
699,0.004721319302916527,0.018238132819533348,0.9770405292510986,0,1.0,purchase_intent,youtube,2,1,2
702,0.0028880026657134295,0.012212879955768585,0.98489910364151,0,0.8766808255038807,purchase_intent,youtube,30,3,1
705,0.005244806874543428,0.04460984095931053,0.9501453638076782,0,0.834666039922698,purchase_intent,youtube,18,1,1
708,0.00496227340772748,0.010727453045547009,0.9843102693557739,0,1.0,purchase_intent,youtube,11,2,1
710,0.003217089921236038,0.020547369495034218,0.9762355089187622,22,0.7376159212853031,purchase_intent,youtube,6,1,1
711,0.006404651328921318,0.007556133437901735,0.9860391616821289,0,1.0,purchase_intent,youtube,1,0,1
712,0.0018779964884743094,0.020659921690821648,0.977462112903595,0,0.919924951363375,purchase_intent,youtube,495,10,3
713,0.004649249836802483,0.013954728841781616,0.9813960194587708,0,0.8058155163930876,purchase_intent,youtube,77,4,3
715,0.05343831330537796,0.43020138144493103,0.516360342502594,0,0.8469049392733928,passive_browsing,youtube,1,1,1
722,0.014341137371957302,0.03937798738479614,0.9462808966636658,0,0.938300627388662,purchase_intent,youtube,7,1,1
723,0.005573237780481577,0.014044622890651226,0.9803820848464966,0,0.6355948044683408,purchase_intent,youtube,0,0,1
969,0.004480832256376743,0.02380535937845707,0.9717137813568115,-1,0.0,purchase_intent,youtube,0,0,1
981,0.01002589426934719,0.14105257391929626,0.848921537399292,-1,0.0,purchase_intent,youtube,0,0,1
982,0.005099258851259947,0.09156939387321472,0.9033313989639282,-1,0.0,purchase_intent,youtube,0,0,1
984,0.003443080233410001,0.013204485177993774,0.9833524227142334,0,0.7596430400046039,purchase_intent,youtube,0,1,1
990,0.8198577165603638,0.15030668675899506,0.02983551099896431,1,0.5171232594102169,churn_risk,youtube,1,0,1
991,0.004187049809843302,0.061703238636255264,0.9341097474098206,-1,0.0,purchase_intent,youtube,0,0,2
993,0.005908881314098835,0.1215309202671051,0.8725602030754089,11,0.9650631325081035,purchase_intent,youtube,0,0,2
1283,0.004759426228702068,0.07943852990865707,0.9158021211624146,-1,0.0,purchase_intent,youtube,113,0,1
1288,0.003696456551551819,0.018827524036169052,0.9774760007858276,-1,0.0,purchase_intent,youtube,10,0,1
1291,0.08592484891414642,0.4148723781108856,0.49920281767845154,13,0.2276003373035667,passive_browsing,youtube,1,0,1
1297,0.0037165789399296045,0.025476714596152306,0.9708067178726196,13,0.8254508401442288,purchase_intent,youtube,0,0,1
1301,0.006983011495321989,0.02293449640274048,0.9700825214385986,-1,0.0,purchase_intent,youtube,0,0,1
1302,0.0032484629191458225,0.05216394364833832,0.9445875287055969,-1,0.0,purchase_intent,youtube,0,0,1
1314,0.02862643636763096,0.9071882963180542,0.06418522447347641,-1,0.0,passive_browsing,youtube,1,2,1
1315,0.5758754014968872,0.37743502855300903,0.04668949171900749,-1,0.0,passive_browsing,youtube,0,0,1
1317,0.038581155240535736,0.7455148696899414,0.21590392291545868,-1,0.0,passive_browsing,youtube,1,0,2
1327,0.03207258880138397,0.754519522190094,0.21340784430503845,0,1.0,passive_browsing,youtube,0,0,2
1337,0.006843429058790207,0.07276415824890137,0.9203923940658569,0,0.9200306358265109,purchase_intent,youtube,81,5,1
1340,0.014529615640640259,0.7246055603027344,0.26086482405662537,-1,0.0,passive_browsing,youtube,19,0,2
1342,0.02033301629126072,0.5367627143859863,0.4429042935371399,-1,0.0,passive_browsing,youtube,8,0,3
1343,0.6410026550292969,0.32472196221351624,0.03427545353770256,-1,0.0,passive_browsing,youtube,16,0,1
1344,0.024577539414167404,0.44721519947052,0.5282072424888611,2,0.8832082532030747,passive_browsing,youtube,10,1,1
1346,0.0030226456001400948,0.013366236351430416,0.9836110472679138,-1,0.0,purchase_intent,youtube,1,0,1
1347,0.00222813175059855,0.008409101516008377,0.9893627762794495,-1,0.0,purchase_intent,youtube,1,0,1
1352,0.34579285979270935,0.5028378367424011,0.15136933326721191,13,0.14382724361789126,passive_browsing,youtube,1,0,1
1355,0.004506257828325033,0.0341266468167305,0.961367130279541,1,0.5623444729125243,purchase_intent,youtube,0,0,1
1356,0.16786792874336243,0.16814282536506653,0.663989245891571,-1,0.0,passive_browsing,youtube,2,0,2
1358,0.004155454691499472,0.05043403431773186,0.9454105496406555,13,0.27897921538994963,purchase_intent,youtube,1,0,1
1360,0.011239173822104931,0.11249005049467087,0.8762708306312561,-1,0.0,purchase_intent,youtube,75,4,2
1363,0.7051470875740051,0.2568550407886505,0.03799792751669884,13,1.0,churn_risk,youtube,0,0,1
1365,0.003209501737728715,0.020958684384822845,0.9758317470550537,-1,0.0,purchase_intent,youtube,0,0,2
1366,0.004713964648544788,0.03779006376862526,0.9574959874153137,-1,0.0,purchase_intent,youtube,0,0,1
1369,0.0050592427141964436,0.012103158049285412,0.9828375577926636,42,1.0,purchase_intent,youtube,0,0,1
1370,0.004828595090657473,0.018247125670313835,0.9769242405891418,-1,0.0,purchase_intent,youtube,5,1,2
1373,0.013373847119510174,0.04415375739336014,0.9424724578857422,13,0.41428361512916995,purchase_intent,youtube,0,0,1
1377,0.009057383053004742,0.7975257039070129,0.19341698288917542,0,1.0,passive_browsing,youtube,2,0,1
1379,0.10631852596998215,0.8232158422470093,0.07046563923358917,-1,0.0,passive_browsing,youtube,0,0,4
1381,0.3257698118686676,0.6217764019966125,0.05245380476117134,-1,0.0,passive_browsing,youtube,1,0,1
1383,0.003348808502778411,0.05428735911846161,0.9423637986183167,-1,0.0,purchase_intent,youtube,1,1,1
1387,0.009723013266921043,0.03984298184514046,0.9504340887069702,13,0.7751981247714158,purchase_intent,youtube,0,0,1
1389,0.09080527722835541,0.3476950228214264,0.5614997744560242,0,0.35401852303900544,passive_browsing,youtube,0,0,1
1398,0.012808465398848057,0.45075535774230957,0.5364362001419067,-1,0.0,passive_browsing,youtube,0,0,2
1402,0.0030490863136947155,0.01818082295358181,0.9787701368331909,-1,0.0,purchase_intent,youtube,0,0,2
1405,0.09394702315330505,0.5238727927207947,0.38218024373054504,13,0.6050107025114542,passive_browsing,youtube,0,0,1
1410,0.008088566362857819,0.10713249444961548,0.8847788572311401,-1,0.0,purchase_intent,youtube,0,0,3
1413,0.028969282284379005,0.26853278279304504,0.7024979591369629,-1,0.0,purchase_intent,youtube,0,0,1
1431,0.15900224447250366,0.5742049813270569,0.26679277420043945,-1,0.0,passive_browsing,youtube,0,0,1
1433,0.6073358654975891,0.329603910446167,0.06306019425392151,13,0.5191260726400395,passive_browsing,youtube,0,0,1
1434,0.010385087691247463,0.31416964530944824,0.6754452586174011,-1,0.0,passive_browsing,youtube,0,1,2
1436,0.04129289463162422,0.47275400161743164,0.48595309257507324,-1,0.0,passive_browsing,youtube,15,1,1
1441,0.18432006239891052,0.46535295248031616,0.3503269851207733,13,0.061621430485197866,passive_browsing,youtube,0,0,1
1444,0.5600030422210693,0.3484201431274414,0.09157679229974747,13,0.2921029870532532,passive_browsing,youtube,0,0,1
1454,0.010799290612339973,0.06960376352071762,0.9195970296859741,38,1.0,purchase_intent,youtube,1,0,1
1458,0.4237091839313507,0.43389448523521423,0.14239634573459625,13,1.0,passive_browsing,youtube,0,0,1
1460,0.003386370837688446,0.012002268806099892,0.9846113324165344,-1,0.0,purchase_intent,youtube,1,2,1
1461,0.6698630452156067,0.3045308589935303,0.025606075301766396,13,1.0,passive_browsing,youtube,0,0,1
1463,0.008172018453478813,0.1556224673986435,0.8362055420875549,-1,0.0,purchase_intent,youtube,1,0,1
1464,0.035137832164764404,0.7720653414726257,0.19279685616493225,-1,0.0,passive_browsing,youtube,1,1,2
1466,0.005292988382279873,0.04113183915615082,0.9535751342773438,1,0.686341313997462,purchase_intent,youtube,1,0,1
1470,0.5960519909858704,0.3750324845314026,0.028915544971823692,-1,0.0,passive_browsing,youtube,1,1,1
1591,0.0019382179016247392,0.01478035282343626,0.9832814335823059,0,0.7201207456918646,purchase_intent,youtube,1,1,2
1594,0.00868133082985878,0.05488768592476845,0.9364309906959534,0,1.0,purchase_intent,youtube,1,0,1
1596,0.008650804869830608,0.06684249639511108,0.9245067238807678,0,1.0,purchase_intent,youtube,7,0,1
1597,0.003989037591964006,0.016482746228575706,0.9795281887054443,0,0.802013601840208,purchase_intent,youtube,0,0,1
1607,0.005127893760800362,0.019880319014191628,0.9749917984008789,24,0.7997469513209039,purchase_intent,youtube,0,0,1
1610,0.008904838934540749,0.02558896504342556,0.9655061364173889,0,0.8328538786879658,purchase_intent,youtube,0,0,1
1630,0.035814639180898666,0.07154809683561325,0.892637312412262,0,1.0,purchase_intent,youtube,0,0,1
1645,0.01589246466755867,0.04377274960279465,0.9403347969055176,-1,0.0,purchase_intent,youtube,0,0,2
1648,0.4974631071090698,0.4107522666454315,0.09178471565246582,13,1.0,passive_browsing,youtube,0,0,1
1651,0.019095297902822495,0.6979026794433594,0.2830020785331726,0,0.3795728374351455,passive_browsing,youtube,0,0,1
1656,0.11474577337503433,0.567644476890564,0.3176097869873047,-1,0.0,passive_browsing,youtube,0,0,2
1668,0.0032615866512060165,0.00899509247392416,0.9877433776855469,0,0.7502870568278271,purchase_intent,youtube,0,0,1
1677,0.006851143669337034,0.017903128638863564,0.9752457141876221,0,1.0,purchase_intent,youtube,2,0,1
1697,0.011805149726569653,0.5895599126815796,0.3986349105834961,-1,0.0,passive_browsing,youtube,0,0,1
1705,0.006205365527421236,0.8414520621299744,0.1523425430059433,0,1.0,passive_browsing,youtube,1,0,1
1761,0.0062799276784062386,0.04170074686408043,0.9520193338394165,-1,0.0,purchase_intent,youtube,5,0,1
1763,0.014411958865821362,0.169538214802742,0.8160498142242432,11,1.0,purchase_intent,youtube,0,0,1
1768,0.002810155972838402,0.009619113989174366,0.9875707030296326,0,1.0,purchase_intent,youtube,0,0,1
1769,0.003550469409674406,0.014180812053382397,0.9822686910629272,0,0.7466996473936396,purchase_intent,youtube,1,0,3
1777,0.03499022498726845,0.7535482048988342,0.21146155893802643,-1,0.0,passive_browsing,youtube,2,0,2
1778,0.14735694229602814,0.35944682359695435,0.4931962788105011,22,0.7706830786934231,passive_browsing,youtube,0,0,2
1780,0.1530063897371292,0.5991490483283997,0.2478446364402771,-1,0.0,passive_browsing,youtube,0,0,2
1781,0.2212563455104828,0.5015193223953247,0.2772243618965149,-1,0.0,passive_browsing,youtube,0,0,1
1782,0.009549269452691078,0.163020059466362,0.8274306654930115,-1,0.0,purchase_intent,youtube,0,0,1
1786,0.019644271582365036,0.6687873601913452,0.31156837940216064,0,0.8412238816403671,passive_browsing,youtube,0,0,1
1791,0.0030602584592998028,0.013736541382968426,0.9832031726837158,0,1.0,purchase_intent,youtube,0,0,1
1793,0.042948685586452484,0.2428320199251175,0.7142192721366882,38,1.0,purchase_intent,youtube,0,1,2
1796,0.1819150447845459,0.48521366715431213,0.3328712582588196,12,0.5048331476144344,passive_browsing,youtube,0,0,3
1799,0.2987261116504669,0.6517094373703003,0.04956438019871712,0,0.8479426488767319,passive_browsing,youtube,0,0,1
1800,0.03752082213759422,0.2727084159851074,0.6897707581520081,0,0.5602437271392712,purchase_intent,youtube,3,1,2
1802,0.7396445274353027,0.2385028600692749,0.02185262367129326,2,0.9361002545036992,churn_risk,youtube,0,0,2
1806,0.005876719951629639,0.011222710832953453,0.9829005599021912,0,1.0,purchase_intent,youtube,0,0,1
1808,0.08438365161418915,0.7176381945610046,0.19797813892364502,-1,0.0,passive_browsing,youtube,129,0,1
1811,0.005097653716802597,0.07626431435346603,0.9186379909515381,1,0.5224222269488451,purchase_intent,youtube,15,0,1
1812,0.004977122880518436,0.010057887062430382,0.9849649667739868,0,1.0,purchase_intent,youtube,3,0,1
1816,0.006061903666704893,0.07449986040592194,0.9194382429122925,-1,0.0,purchase_intent,youtube,2,0,1
1820,0.00339398137293756,0.008338025771081448,0.9882679581642151,0,1.0,purchase_intent,youtube,0,1,1
1825,0.006341152358800173,0.013651799410581589,0.980006992816925,0,0.7818861270795571,purchase_intent,youtube,0,1,1
1827,0.0032347755040973425,0.007431654259562492,0.9893335700035095,0,0.9610470834015069,purchase_intent,youtube,2,0,1
1832,0.45330026745796204,0.5229232907295227,0.02377646043896675,-1,0.0,passive_browsing,youtube,10,1,2
1836,0.45124351978302,0.4279772639274597,0.12077917903661728,1,0.6021255379329189,passive_browsing,youtube,19,0,2
1837,0.003826156724244356,0.02233188971877098,0.9738419055938721,1,1.0,purchase_intent,youtube,0,1,2
1847,0.03339163213968277,0.7887528538703918,0.17785555124282837,13,1.0,passive_browsing,youtube,0,0,1
1851,0.3359444737434387,0.5765851140022278,0.08747044950723648,-1,0.0,passive_browsing,youtube,1,1,1
1856,0.11301242560148239,0.5252202749252319,0.3617672920227051,3,0.5447134067814043,passive_browsing,youtube,1,0,1
1857,0.003722655586898327,0.007388424593955278,0.9888889193534851,0,1.0,purchase_intent,youtube,0,0,1
1858,0.0032746335491538048,0.01046439167112112,0.9862609505653381,0,1.0,purchase_intent,youtube,0,0,1
1860,0.8981260061264038,0.09399423003196716,0.007879718206822872,17,1.0,churn_risk,youtube,0,1,1
1861,0.8312197327613831,0.15801438689231873,0.010765873827040195,38,1.0,churn_risk,youtube,3,1,1
1863,0.8605616092681885,0.12988294661045074,0.009555472992360592,38,1.0,churn_risk,youtube,0,0,1
1869,0.004045069217681885,0.32621949911117554,0.6697354316711426,-1,0.0,passive_browsing,youtube,2,1,2
2136,0.03291616216301918,0.8329874277114868,0.13409638404846191,11,1.0,passive_browsing,youtube,6,0,2
2139,0.002162570832297206,0.007288903463631868,0.9905485510826111,0,1.0,purchase_intent,youtube,4,1,1
2140,0.010255655273795128,0.04812876880168915,0.9416155219078064,-1,0.0,purchase_intent,youtube,0,0,1
2142,0.003712752368301153,0.006041479762643576,0.9902458190917969,0,1.0,purchase_intent,youtube,2,1,2
2145,0.018785467371344566,0.9144500494003296,0.06676451861858368,-1,0.0,passive_browsing,youtube,0,0,1
2190,0.01729053072631359,0.2647624909877777,0.7179470062255859,-1,0.0,purchase_intent,youtube,0,0,2
2193,0.00321223889477551,0.011860771104693413,0.9849269390106201,1,0.9099603573981396,purchase_intent,youtube,3,1,1
2194,0.007040069904178381,0.20323048532009125,0.7897294163703918,-1,0.0,purchase_intent,youtube,0,0,3
2195,0.00527492118999362,0.02925906889140606,0.9654660224914551,-1,0.0,purchase_intent,youtube,3,2,4
2198,0.7740902900695801,0.21089522540569305,0.015014448203146458,-1,0.0,churn_risk,youtube,0,0,1
2215,0.003294729394838214,0.011727073229849339,0.984978199005127,0,1.0,purchase_intent,youtube,0,1,1
2217,0.008938321843743324,0.25985637307167053,0.7312052845954895,0,1.0,purchase_intent,youtube,0,0,2
2222,0.0037944037467241287,0.015849018469452858,0.9803565144538879,0,0.3304410151940321,purchase_intent,youtube,4,0,2
2228,0.010215277783572674,0.2542710602283478,0.7355136871337891,1,0.39438674776688276,purchase_intent,youtube,0,0,1
2242,0.012596524320542812,0.4695785939693451,0.5178248286247253,1,1.0,passive_browsing,youtube,1,0,2
2245,0.018709061667323112,0.8467164635658264,0.13457445800304413,7,0.6193181193710944,passive_browsing,youtube,1,0,2
2247,0.03247572109103203,0.8373565673828125,0.13016770780086517,0,0.9335989165618791,passive_browsing,youtube,6,0,1
2250,0.003777699079364538,0.018780836835503578,0.9774414896965027,42,1.0,purchase_intent,youtube,61,0,3
2251,0.0026578367687761784,0.02875867299735546,0.9685834646224976,0,1.0,purchase_intent,youtube,21,0,2
2252,0.011001147329807281,0.20737327635288239,0.7816255688667297,42,1.0,purchase_intent,youtube,21,0,1
2253,0.003060034243389964,0.05579864978790283,0.9411413073539734,42,1.0,purchase_intent,youtube,12,0,2
2254,0.0025422819890081882,0.018679147586226463,0.9787785410881042,-1,0.0,purchase_intent,youtube,20,0,1
2255,0.0031676071230322123,0.022396070882678032,0.9744364023208618,42,1.0,purchase_intent,youtube,14,0,1
2257,0.009960366412997246,0.0496765561401844,0.9403631091117859,0,0.5968817280928935,purchase_intent,youtube,27,2,1
2259,0.010437137447297573,0.08391203731298447,0.9056508541107178,-1,0.0,purchase_intent,youtube,4,0,1
2260,0.0020507306326180696,0.018309103325009346,0.9796401858329773,1,0.549490597475596,purchase_intent,youtube,13,0,4
2263,0.0033310598228126764,0.03053368255496025,0.9661353230476379,-1,0.0,purchase_intent,youtube,13,0,2
2264,0.02414279617369175,0.5838080644607544,0.3920491635799408,11,1.0,passive_browsing,youtube,2,0,7
2268,0.38359275460243225,0.5345179438591003,0.081889308989048,13,0.3515825482607689,passive_browsing,youtube,1,0,1
2269,0.32783254981040955,0.5906449556350708,0.08152253180742264,0,0.7359234451689121,passive_browsing,youtube,12,0,1
2275,0.0026879573706537485,0.011347702704370022,0.985964298248291,0,0.9571672433842247,purchase_intent,youtube,11,3,1
2276,0.014428794384002686,0.3139461576938629,0.671625018119812,11,0.9840193957088117,passive_browsing,youtube,0,0,4
2280,0.49441081285476685,0.29517239332199097,0.21041680872440338,13,0.982701785984723,passive_browsing,youtube,0,0,1
2286,0.005761022679507732,0.065310038626194,0.9289289116859436,13,0.21056308110324848,purchase_intent,youtube,0,0,1
2287,0.0037830574437975883,0.018693068996071815,0.9775238037109375,26,0.537424618290122,purchase_intent,youtube,1,0,1
2291,0.005153631791472435,0.018096687272191048,0.9767497181892395,13,0.8074872442398191,purchase_intent,youtube,0,0,1
2293,0.0070579214952886105,0.048494067043066025,0.9444479942321777,13,0.13909988470303455,purchase_intent,youtube,0,0,1
2296,0.004085342865437269,0.013922398909926414,0.981992244720459,42,1.0,purchase_intent,youtube,1,0,2
2298,0.12020918726921082,0.8177539706230164,0.06203682720661163,13,0.3775210306149333,passive_browsing,youtube,0,0,1
2300,0.00963723286986351,0.43363189697265625,0.5567309260368347,11,1.0,passive_browsing,youtube,1,0,8
2301,0.013426544144749641,0.3550581634044647,0.6315152645111084,-1,0.0,passive_browsing,youtube,1,0,1
2304,0.00504247797653079,0.04189889132976532,0.953058660030365,38,0.8098631613915015,purchase_intent,youtube,0,0,2
2306,0.014203854836523533,0.7570130228996277,0.22878316044807434,0,0.8088716690330469,passive_browsing,youtube,2,2,4
2310,0.5122517347335815,0.3465747535228729,0.14117352664470673,13,0.7957011688081552,passive_browsing,youtube,0,0,1
2313,0.3328552544116974,0.40866410732269287,0.25848066806793213,13,1.0,passive_browsing,youtube,1,1,1
2315,0.7183217406272888,0.264894962310791,0.01678331382572651,13,0.4696685759516416,churn_risk,youtube,0,0,1
2323,0.023783378303050995,0.7019508481025696,0.2742658257484436,-1,0.0,passive_browsing,youtube,0,0,3
2331,0.00480793509632349,0.01751166768372059,0.9776803851127625,38,1.0,purchase_intent,youtube,0,0,1
2342,0.0036428910680115223,0.01917717233300209,0.9771799445152283,13,0.6649914802436117,purchase_intent,youtube,0,0,1
2344,0.6227935552597046,0.33209773898124695,0.045108724385499954,13,0.2784622764805458,passive_browsing,youtube,0,0,1
2345,0.2900388240814209,0.48368772864341736,0.22627343237400055,13,0.3002674755945601,passive_browsing,youtube,0,0,1
2349,0.9447131752967834,0.05025933310389519,0.005027530714869499,4,1.0,churn_risk,youtube,0,1,1
2351,0.0018193102441728115,0.00810680165886879,0.9900739192962646,0,0.8513545354704898,purchase_intent,youtube,1336,11,2
2352,0.018037104979157448,0.5644427537918091,0.4175201654434204,-1,0.0,passive_browsing,youtube,2658,80,5
2353,0.7749015092849731,0.20656205713748932,0.018536467105150223,9,0.9330517437422322,churn_risk,youtube,273,1,4
2355,0.002010620664805174,0.04670247435569763,0.9512869119644165,-1,0.0,purchase_intent,youtube,187,4,3
2361,0.9108655452728271,0.08242998272180557,0.006704480852931738,-1,0.0,churn_risk,youtube,632,13,4
2363,0.17006807029247284,0.5610822439193726,0.268849641084671,-1,0.0,passive_browsing,youtube,390,3,4
2364,0.31559866666793823,0.6023730635643005,0.08202830702066422,-1,0.0,passive_browsing,youtube,1,0,2
2365,0.5293861031532288,0.4298202097415924,0.04079364985227585,0,0.6340779454317025,passive_browsing,youtube,8,0,3
2366,0.9036389589309692,0.08534344285726547,0.011017643846571445,-1,0.0,churn_risk,youtube,462,1,2
2368,0.0033918169792741537,0.008833927102386951,0.9877743124961853,0,1.0,purchase_intent,youtube,353,4,1
2371,0.01960725523531437,0.5550251007080078,0.42536765336990356,-1,0.0,passive_browsing,youtube,137,1,3
2372,0.8895776867866516,0.10227416455745697,0.00814818125218153,0,1.0,churn_risk,youtube,745,43,3
2374,0.045008592307567596,0.8213455080986023,0.13364586234092712,-1,0.0,passive_browsing,youtube,1,0,3
2377,0.9017781019210815,0.0902506560087204,0.007971254177391529,0,0.9275913501956525,churn_risk,youtube,117,0,5
2379,0.002960233949124813,0.00866331160068512,0.9883764386177063,-1,0.0,purchase_intent,youtube,3,0,2
2385,0.03174707666039467,0.37953707575798035,0.5887157917022705,19,0.8162332414750816,passive_browsing,youtube,1,0,1
2386,0.011752796359360218,0.4544880986213684,0.5337591767311096,-1,0.0,purchase_intent,youtube,75,0,2
2388,0.003076392225921154,0.006434078793972731,0.9904894828796387,0,1.0,purchase_intent,youtube,274,3,2
2389,0.002628927817568183,0.036143384873867035,0.9612276554107666,-1,0.0,purchase_intent,youtube,5,0,4
2393,0.07141263037919998,0.365696519613266,0.5628909468650818,-1,0.0,purchase_intent,youtube,14,0,1
2395,0.0029121777042746544,0.00630456767976284,0.9907832145690918,0,1.0,purchase_intent,youtube,3,0,1
2398,0.005877068731933832,0.022661687806248665,0.971461296081543,-1,0.0,purchase_intent,youtube,12,0,1
2399,0.010341845452785492,0.10719143599271774,0.882466733455658,-1,0.0,purchase_intent,youtube,1,0,1
2406,0.3181825876235962,0.5798370242118835,0.10198038816452026,-1,0.0,passive_browsing,youtube,7,0,2
2409,0.003363565541803837,0.01198042742908001,0.9846559762954712,-1,0.0,purchase_intent,youtube,1,0,3
2410,0.0039511630311608315,0.0116237448528409,0.9844250679016113,-1,0.0,purchase_intent,youtube,9,0,4
2413,0.0032110377214848995,0.06818028539419174,0.9286087155342102,28,0.9949950894275383,purchase_intent,youtube,1,0,2
2415,0.022086896002292633,0.2870546579360962,0.6908584833145142,-1,0.0,passive_browsing,youtube,7,0,2
2417,0.006727058440446854,0.060014985501766205,0.9332579970359802,-1,0.0,purchase_intent,youtube,2,0,1
2418,0.005949326325207949,0.060373395681381226,0.9336773157119751,-1,0.0,purchase_intent,youtube,1,0,1
2421,0.3603959083557129,0.46339622139930725,0.1762077808380127,-1,0.0,passive_browsing,youtube,11,0,3
2423,0.006723656319081783,0.24429400265216827,0.748982310295105,-1,0.0,purchase_intent,youtube,2,0,1
2424,0.04243609309196472,0.08129183948040009,0.8762720227241516,-1,0.0,purchase_intent,youtube,35,3,1
2425,0.005932497791945934,0.18389146029949188,0.8101760149002075,-1,0.0,purchase_intent,youtube,3,0,3
2427,0.006950861774384975,0.016831958666443825,0.9762172102928162,0,1.0,purchase_intent,youtube,0,0,3
2430,0.002623929874971509,0.018542010337114334,0.9788340926170349,0,0.6966908106257685,purchase_intent,youtube,48,4,1
2443,0.047322023659944534,0.8516044020652771,0.10107363015413284,19,1.0,passive_browsing,youtube,3,0,2
2449,0.004089027643203735,0.01816330850124359,0.9777477383613586,-1,0.0,purchase_intent,youtube,9,3,2
2451,0.003713651094585657,0.3062136471271515,0.6900727152824402,22,1.0,purchase_intent,youtube,123,46,4
2452,0.3283919394016266,0.6040976643562317,0.06751035153865814,4,0.9963666111402666,passive_browsing,youtube,38,2,3
2453,0.005066256038844585,0.02430906519293785,0.9706246256828308,0,0.719104557930661,purchase_intent,youtube,183,13,3
2455,0.0049730632454156876,0.024329176172614098,0.9706977605819702,-1,0.0,purchase_intent,youtube,12,1,5
2456,0.32545486092567444,0.47974884510040283,0.19479630887508392,4,1.0,passive_browsing,youtube,10,0,10
2458,0.015550735406577587,0.5605065822601318,0.4239426255226135,4,1.0,passive_browsing,youtube,83,5,1
2459,0.003083210438489914,0.009238792583346367,0.9876779913902283,4,1.0,purchase_intent,youtube,5,0,5
2460,0.0024124097544699907,0.017966890707612038,0.9796207547187805,4,1.0,purchase_intent,youtube,9,1,1
2461,0.004619317129254341,0.01601429097354412,0.9793663620948792,0,0.6159015964253419,purchase_intent,youtube,23,1,1
2462,0.004787099547684193,0.02637355588376522,0.9688392877578735,4,1.0,purchase_intent,youtube,122,15,9
2463,0.004868255462497473,0.033184051513671875,0.9619476795196533,4,1.0,purchase_intent,youtube,6,0,3
2464,0.6101164221763611,0.36621275544166565,0.023670760914683342,4,1.0,passive_browsing,youtube,14,2,6
2465,0.013110275380313396,0.1059437096118927,0.8809460401535034,-1,0.0,purchase_intent,youtube,265,8,7
2466,0.009586730971932411,0.06376051902770996,0.926652729511261,4,1.0,purchase_intent,youtube,3,0,4
2467,0.7869850993156433,0.19838516414165497,0.014629706740379333,4,1.0,churn_risk,youtube,43,0,3
2468,0.007089182268828154,0.07892820239067078,0.9139825701713562,4,1.0,purchase_intent,youtube,66,7,3
2469,0.00727777648717165,0.05588146299123764,0.9368407726287842,4,1.0,purchase_intent,youtube,138,6,4
2470,0.021185902878642082,0.451506108045578,0.5273080468177795,4,1.0,purchase_intent,youtube,124,4,8
2471,0.045030999928712845,0.24153900146484375,0.7134299874305725,4,1.0,purchase_intent,youtube,6,1,10
2472,0.6056978702545166,0.32241642475128174,0.07188566029071808,-1,0.0,passive_browsing,youtube,29,1,6
2473,0.01432345062494278,0.07418261468410492,0.9114938974380493,4,1.0,purchase_intent,youtube,350,8,6
2474,0.01922108605504036,0.2930772304534912,0.6877017021179199,4,1.0,purchase_intent,youtube,1514,151,7
2475,0.010603983886539936,0.04859290271997452,0.9408031105995178,-1,0.0,purchase_intent,youtube,5,2,2
2476,0.014401295222342014,0.23755992949008942,0.7480387687683105,4,1.0,purchase_intent,youtube,34,3,3
2477,0.002194498898461461,0.027990777045488358,0.969814658164978,4,1.0,purchase_intent,youtube,25,3,6
2478,0.7457793354988098,0.2359011471271515,0.018319515511393547,4,1.0,churn_risk,youtube,74,1,6
2479,0.6581491231918335,0.31250280141830444,0.029348092153668404,-1,0.0,churn_risk,youtube,5,1,1
2480,0.08975882083177567,0.6467596292495728,0.26348158717155457,4,1.0,passive_browsing,youtube,6,0,2
2481,0.008969550020992756,0.023876739665865898,0.9671537280082703,4,1.0,purchase_intent,youtube,28,0,9
2482,0.016764752566814423,0.21205540001392365,0.7711799144744873,0,0.8109564412388223,purchase_intent,youtube,7,0,1
2483,0.09465041011571884,0.39217618107795715,0.5131734609603882,4,1.0,purchase_intent,youtube,5,0,11
2484,0.002941158367320895,0.011161452159285545,0.985897421836853,4,1.0,purchase_intent,youtube,161,4,3
2485,0.08961676061153412,0.3126072883605957,0.597775936126709,0,0.5986480064635203,purchase_intent,youtube,262,26,10
2486,0.01240900531411171,0.060699429363012314,0.926891565322876,4,1.0,purchase_intent,youtube,74,4,4
2487,0.032453667372465134,0.468195378780365,0.49935096502304077,4,1.0,purchase_intent,youtube,32,1,10
2489,0.008848421275615692,0.09224405139684677,0.8989075422286987,0,0.8069605517929753,purchase_intent,youtube,27,4,10
2490,0.508966326713562,0.3299538195133209,0.16107982397079468,4,1.0,churn_risk,youtube,166,20,10
2492,0.004121843725442886,0.03253858536481857,0.9633395671844482,0,0.9955178829861201,purchase_intent,youtube,81,12,3
2493,0.11015911400318146,0.3911513686180115,0.49868953227996826,4,1.0,purchase_intent,youtube,9,1,7
2494,0.1442970335483551,0.6355204582214355,0.2201825976371765,4,1.0,passive_browsing,youtube,116,6,7
2495,0.00638614222407341,0.03516418859362602,0.9584496021270752,-1,0.0,purchase_intent,youtube,3,0,1
2496,0.0238060150295496,0.10753650963306427,0.8686574697494507,4,0.8887152884327562,purchase_intent,youtube,534,55,8
2497,0.009779717773199081,0.04368441179394722,0.9465358853340149,-1,0.0,purchase_intent,youtube,7,0,2
2498,0.012257805094122887,0.3890170454978943,0.5987251400947571,0,1.0,purchase_intent,youtube,2,0,4
2499,0.09744947403669357,0.576880156993866,0.32567036151885986,0,0.7499332247719365,passive_browsing,youtube,78,12,10
2500,0.04126053303480148,0.1461515873670578,0.8125878572463989,4,1.0,purchase_intent,youtube,83,4,7
2501,0.07199718803167343,0.19635270535945892,0.7316500544548035,-1,0.0,purchase_intent,youtube,9,2,7
2502,0.01561291515827179,0.20831534266471863,0.7760717868804932,4,1.0,purchase_intent,youtube,1,0,2
2503,0.27267560362815857,0.4445997178554535,0.28272464871406555,-1,0.0,passive_browsing,youtube,24,4,8
2504,0.010217364877462387,0.07504402846097946,0.914738655090332,4,1.0,purchase_intent,youtube,109,6,7
2505,0.007077726535499096,0.02569674886763096,0.9672255516052246,4,0.8145234084344273,purchase_intent,youtube,57,11,5
2506,0.008968677371740341,0.11994939297437668,0.8710819482803345,4,1.0,purchase_intent,youtube,2,0,3
2507,0.7875590920448303,0.1948244422674179,0.01761648803949356,4,1.0,churn_risk,youtube,367,43,6
2508,0.2933092415332794,0.6274037957191467,0.07928702980279922,-1,0.0,passive_browsing,youtube,23,6,3
2509,0.004043077118694782,0.012570010498166084,0.9833869338035583,4,1.0,purchase_intent,youtube,7,0,1
2510,0.0036537027917802334,0.03421208634972572,0.9621342420578003,4,1.0,purchase_intent,youtube,3,0,3
2511,0.005497502163052559,0.028195280581712723,0.9663072824478149,4,1.0,purchase_intent,youtube,56,3,11
2512,0.005714641883969307,0.06629415601491928,0.9279912114143372,4,1.0,purchase_intent,youtube,75,10,4
2515,0.30972400307655334,0.35918551683425903,0.3310904800891876,4,0.8200676204723789,passive_browsing,youtube,8,1,5
2516,0.01755920611321926,0.07050032913684845,0.9119403958320618,4,1.0,purchase_intent,youtube,78,6,7
2517,0.013973891735076904,0.09836471080780029,0.8876613974571228,0,0.5977425503784387,purchase_intent,youtube,5,0,3
2518,0.010266276076436043,0.07962116599082947,0.9101126194000244,0,0.8068379870279915,purchase_intent,youtube,2,0,4
2519,0.2120874524116516,0.32320210337638855,0.46471038460731506,4,1.0,passive_browsing,youtube,20,0,1
2520,0.0034040638711303473,0.009810971096158028,0.9867849946022034,-1,0.0,purchase_intent,youtube,17,2,2
2521,0.08365674316883087,0.18732962012290955,0.7290136218070984,4,1.0,purchase_intent,youtube,8,3,7
2522,0.016676530241966248,0.20518895983695984,0.7781344652175903,4,1.0,purchase_intent,youtube,1,0,2
2523,0.011036921292543411,0.03731215372681618,0.9516509175300598,4,1.0,purchase_intent,youtube,24,2,4
2524,0.0027413791976869106,0.0789593830704689,0.9182991981506348,0,0.7472306588898635,purchase_intent,youtube,11,2,1
2525,0.1250302493572235,0.5279434323310852,0.3470262885093689,4,1.0,passive_browsing,youtube,108,11,5
2526,0.006929462309926748,0.04002581536769867,0.9530447125434875,9,0.5332380442781807,purchase_intent,youtube,1,0,5
2527,0.019850119948387146,0.09648198634386063,0.8836678862571716,0,0.679117769805474,purchase_intent,youtube,12,0,5
2528,0.4571234881877899,0.5063163042068481,0.03656009957194328,4,0.6431322596371685,passive_browsing,youtube,45,9,4
2529,0.03912503644824028,0.28200963139533997,0.6788653135299683,4,1.0,purchase_intent,youtube,23,1,10
2530,0.4875218868255615,0.46783456206321716,0.044643450528383255,4,1.0,passive_browsing,youtube,1,0,2
2531,0.004960756748914719,0.011406965553760529,0.9836322665214539,24,1.0,purchase_intent,youtube,6,0,1
2532,0.007927486672997475,0.04174795746803284,0.950324535369873,-1,0.0,purchase_intent,youtube,7,0,4
2533,0.13777583837509155,0.7259530425071716,0.13627107441425323,4,1.0,passive_browsing,youtube,29,11,8
2534,0.920019268989563,0.07318389415740967,0.006796780042350292,4,1.0,churn_risk,youtube,0,0,5
2535,0.009967120364308357,0.056705888360738754,0.9333270192146301,4,0.9606464776263942,purchase_intent,youtube,3,0,2
2536,0.7156080007553101,0.24780209362506866,0.036589961498975754,-1,0.0,churn_risk,youtube,9,0,15
2537,0.04103417322039604,0.35147467255592346,0.6074911952018738,0,1.0,purchase_intent,youtube,9,3,11
2539,0.00881690438836813,0.07671117037534714,0.9144719243049622,4,1.0,purchase_intent,youtube,12,0,5
2540,0.02590937353670597,0.2086612731218338,0.7654293179512024,4,0.9921363363649097,purchase_intent,youtube,5,1,1
2541,0.023888133466243744,0.16100242733955383,0.8151094913482666,4,0.518046926318323,purchase_intent,youtube,7,0,14
2542,0.014017096720635891,0.051722701638936996,0.9342601895332336,-1,0.0,purchase_intent,youtube,1,0,5
2543,0.053482599556446075,0.2996293306350708,0.6468880772590637,4,1.0,purchase_intent,youtube,16,0,6
2544,0.4450714588165283,0.35467106103897095,0.20025742053985596,0,1.0,churn_risk,youtube,5,1,8
2545,0.030486078932881355,0.79998379945755,0.16953015327453613,0,0.7680417341252768,passive_browsing,youtube,2,0,2
2546,0.006846039555966854,0.025268318131566048,0.9678856730461121,-1,0.0,purchase_intent,youtube,392,64,9
2547,0.00690412474796176,0.059082698076963425,0.9340131878852844,4,1.0,purchase_intent,youtube,6,0,8
2548,0.020209722220897675,0.11159421503543854,0.8681961297988892,-1,0.0,purchase_intent,youtube,4,0,2
2549,0.3250218629837036,0.4928987920284271,0.18207934498786926,4,1.0,passive_browsing,youtube,1,0,12
2550,0.4406496584415436,0.5047072768211365,0.05464313551783562,4,0.9229521735464394,passive_browsing,youtube,17419,84,4
2551,0.8646464347839355,0.12551327049732208,0.009840250015258789,15,0.5048281207582538,churn_risk,youtube,9857,160,1
2553,0.6609823107719421,0.32715100049972534,0.011866643093526363,-1,0.0,passive_browsing,youtube,32,0,3
2554,0.6885647177696228,0.2927359640598297,0.018699215725064278,4,0.7570133324623197,passive_browsing,youtube,6082,32,1
2555,0.408484548330307,0.5401709079742432,0.05134453624486923,-1,0.0,passive_browsing,youtube,2847,4,3
2556,0.01064616721123457,0.054308898746967316,0.9350449442863464,-1,0.0,purchase_intent,youtube,3078,14,1
2557,0.03536706790328026,0.8618977665901184,0.10273516178131104,0,0.5028733099134306,passive_browsing,youtube,4,0,1
2558,0.5617803335189819,0.40372785925865173,0.034491781145334244,34,1.0,passive_browsing,youtube,3360,98,2
2559,0.71937495470047,0.26733776926994324,0.013287315145134926,4,0.8835747172486244,churn_risk,youtube,1909,18,2
2562,0.872111439704895,0.11797261983156204,0.009915972128510475,4,1.0,churn_risk,youtube,3013,104,2
2563,0.06971646845340729,0.8685793280601501,0.06170419603586197,4,1.0,passive_browsing,youtube,50,0,1
2564,0.7693457007408142,0.2174091786146164,0.013245166279375553,34,1.0,churn_risk,youtube,1976,45,1
2566,0.6518781185150146,0.3168562948703766,0.03126556798815727,34,0.8595595145013979,passive_browsing,youtube,2598,117,3
2567,0.5465922951698303,0.4349742829799652,0.01843341253697872,4,1.0,passive_browsing,youtube,2124,61,2
2568,0.8367775678634644,0.15283846855163574,0.010383984073996544,34,1.0,churn_risk,youtube,29,0,1
2570,0.3764174282550812,0.5979328751564026,0.02564970962703228,4,1.0,passive_browsing,youtube,973,15,1
2571,0.007972391322255135,0.026258472353219986,0.9657691717147827,4,1.0,purchase_intent,youtube,1240,78,1
2573,0.8647128343582153,0.12029649317264557,0.014990643598139286,4,0.913428211596764,churn_risk,youtube,757,16,1
2574,0.41500458121299744,0.5343737006187439,0.05062170326709747,4,0.7356876012975188,passive_browsing,youtube,45,0,1
2575,0.7261579632759094,0.26110023260116577,0.012741776183247566,4,1.0,churn_risk,youtube,131,3,2
2577,0.8827913403511047,0.10472492128610611,0.012483717873692513,0,1.0,churn_risk,youtube,146,0,1
2579,0.7625710964202881,0.23020121455192566,0.007227645255625248,4,1.0,churn_risk,youtube,1123,47,1
2580,0.8141709566116333,0.17629344761371613,0.009535576216876507,4,1.0,churn_risk,youtube,3,0,3
2583,0.8960441946983337,0.09602675586938858,0.007929007522761822,3,0.8205286537815324,churn_risk,youtube,34,0,5
2584,0.36569520831108093,0.5485677719116211,0.08573703467845917,4,1.0,passive_browsing,youtube,87,6,5
2586,0.4899671971797943,0.49076971411705017,0.019263021647930145,4,0.9902171043196257,passive_browsing,youtube,1233,46,1
2587,0.5534180402755737,0.37265074253082275,0.07393119484186172,25,0.17285840949182124,passive_browsing,youtube,221,4,1
2589,0.5642545223236084,0.3631507456302643,0.07259484380483627,-1,0.0,passive_browsing,youtube,235,1,1
2594,0.5975440144538879,0.3906177580356598,0.011838273145258427,4,1.0,passive_browsing,youtube,78,3,1
2596,0.6498044729232788,0.2756465673446655,0.07454898953437805,4,1.0,churn_risk,youtube,1134,53,2
2598,0.5314083099365234,0.4432661533355713,0.025325527414679527,4,1.0,passive_browsing,youtube,1037,29,1
2600,0.8901348114013672,0.10263495147228241,0.0072302669286727905,4,1.0,churn_risk,youtube,898,51,4
2601,0.7033006548881531,0.28661656379699707,0.010082783177495003,4,1.0,churn_risk,youtube,54,2,2
2604,0.8222979307174683,0.17092379927635193,0.006778260227292776,4,1.0,churn_risk,youtube,148,1,1
2606,0.7281742095947266,0.25593093037605286,0.015894785523414612,4,1.0,churn_risk,youtube,430,67,2
2607,0.423064649105072,0.5382616519927979,0.03867362067103386,34,1.0,passive_browsing,youtube,1,0,1
2608,0.14770367741584778,0.25671911239624023,0.5955772399902344,34,0.9572467990127917,purchase_intent,youtube,57,0,4
2609,0.2060941606760025,0.6916976571083069,0.10220823436975479,4,1.0,passive_browsing,youtube,451,10,2
2610,0.5067077279090881,0.464382141828537,0.028910161927342415,-1,0.0,passive_browsing,youtube,128,4,3
2614,0.9218984246253967,0.07113631814718246,0.006965238135308027,4,1.0,churn_risk,youtube,53,0,2
2615,0.22332903742790222,0.6601345539093018,0.116536445915699,-1,0.0,passive_browsing,youtube,1,0,4
2616,0.45686426758766174,0.48233675956726074,0.06079902872443199,4,1.0,passive_browsing,youtube,17,0,1
2618,0.019649414345622063,0.8296427130699158,0.1507079005241394,-1,0.0,passive_browsing,youtube,65,10,2
2619,0.7108248472213745,0.253395676612854,0.03577949479222298,4,1.0,churn_risk,youtube,25,4,3
2620,0.014979894272983074,0.12778790295124054,0.8572322130203247,4,1.0,purchase_intent,youtube,54,0,2
2621,0.8950713872909546,0.0991072878241539,0.005821371916681528,-1,0.0,churn_risk,youtube,282,36,1
2622,0.07788539677858353,0.7394512891769409,0.18266332149505615,4,1.0,passive_browsing,youtube,218,33,1
2624,0.17293137311935425,0.774548351764679,0.05252033844590187,4,1.0,passive_browsing,youtube,446,20,1
2626,0.7832608222961426,0.20426107943058014,0.012478118762373924,4,1.0,churn_risk,youtube,136,5,1
2629,0.8203891515731812,0.16800649464130402,0.011604336090385914,4,0.844547540264798,churn_risk,youtube,6,0,1
2631,0.003002337645739317,0.01454656757414341,0.9824511408805847,-1,0.0,purchase_intent,youtube,5,0,3
2632,0.603329062461853,0.29168978333473206,0.10498111695051193,-1,0.0,passive_browsing,youtube,924,30,2
2633,0.8734598755836487,0.11984988301992416,0.0066903396509587765,-1,0.0,churn_risk,youtube,16,2,2
2636,0.31946873664855957,0.6252351999282837,0.05529603362083435,-1,0.0,passive_browsing,youtube,109,3,1
2637,0.1704520285129547,0.6468944549560547,0.18265356123447418,4,1.0,passive_browsing,youtube,31,2,1
2640,0.18759237229824066,0.281515508890152,0.5308921337127686,3,0.7471043492656351,purchase_intent,youtube,2,0,2
2642,0.4264194071292877,0.5053319931030273,0.06824859231710434,9,1.0,passive_browsing,youtube,91,9,1
2645,0.09285347908735275,0.6955545544624329,0.21159198880195618,34,1.0,passive_browsing,youtube,5,0,5
2646,0.017005860805511475,0.1788705289363861,0.8041236400604248,-1,0.0,purchase_intent,youtube,5,0,1
2647,0.1659579575061798,0.2996293008327484,0.5344128012657166,-1,0.0,purchase_intent,youtube,28,0,4
2648,0.6577244400978088,0.32350847125053406,0.018767092376947403,4,1.0,passive_browsing,youtube,1,0,2
2650,0.004620033781975508,0.6995429992675781,0.2958369851112366,22,1.0,passive_browsing,youtube,8,0,6
2651,0.010850274935364723,0.12317488342523575,0.8659748435020447,-1,0.0,purchase_intent,youtube,9,0,3
2652,0.004855150356888771,0.013777730986475945,0.9813670516014099,0,1.0,purchase_intent,youtube,1,0,1
2655,0.026289064437150955,0.30344468355178833,0.670266330242157,0,1.0,purchase_intent,youtube,15,0,4
2660,0.7180989980697632,0.23713836073875427,0.044762611389160156,34,1.0,churn_risk,youtube,40,11,5
2661,0.03185945376753807,0.156519815325737,0.8116207122802734,0,0.6419900178161326,purchase_intent,youtube,1,1,2
2662,0.9420247673988342,0.051846493035554886,0.006128828041255474,34,0.8430782961409489,churn_risk,youtube,7,1,1
2663,0.8332507014274597,0.15512271225452423,0.011626644060015678,-1,0.0,churn_risk,youtube,12,5,3
2666,0.04203144833445549,0.9224626421928406,0.03550582751631737,9,0.5961446599726071,passive_browsing,youtube,3,0,2
2668,0.0070337397046387196,0.04321245476603508,0.9497537612915039,-1,0.0,purchase_intent,youtube,2,1,1
2670,0.5762357711791992,0.4042961299419403,0.019468136131763458,0,0.7335478156491054,passive_browsing,youtube,4,1,3
2672,0.030807344242930412,0.8875502943992615,0.08164233714342117,0,0.6779319461343571,passive_browsing,youtube,1,0,2
2675,0.5083300471305847,0.37330886721611023,0.11836107820272446,-1,0.0,passive_browsing,youtube,10,9,8
2676,0.34925299882888794,0.36397141218185425,0.2867755889892578,0,1.0,passive_browsing,youtube,24,3,7
2677,0.3374975919723511,0.6419477462768555,0.020554712042212486,-1,0.0,passive_browsing,youtube,0,0,2
2678,0.05934843420982361,0.8833135366439819,0.057337984442710876,-1,0.0,passive_browsing,youtube,2,1,1
2679,0.8851011395454407,0.10415884852409363,0.01073995791375637,0,0.8107377850730452,churn_risk,youtube,0,0,2
2680,0.11518508195877075,0.6934452056884766,0.1913696825504303,0,1.0,passive_browsing,youtube,0,0,1
2681,0.0020473352633416653,0.012851612642407417,0.985101044178009,-1,0.0,purchase_intent,youtube,0,0,1
2682,0.6790233850479126,0.29334625601768494,0.02763027884066105,0,1.0,churn_risk,youtube,0,0,3
2683,0.44640955328941345,0.4627750813961029,0.09081538766622543,0,1.0,passive_browsing,youtube,0,0,1
2684,0.011114268563687801,0.4435316324234009,0.5453541278839111,-1,0.0,purchase_intent,youtube,0,0,3
2685,0.054262276738882065,0.9063092470169067,0.03942852467298508,6,0.3817585310473312,passive_browsing,youtube,0,0,1
2686,0.40625301003456116,0.5798646807670593,0.013882273808121681,0,1.0,passive_browsing,youtube,0,0,2
2687,0.005551893729716539,0.08866367489099503,0.9057844281196594,-1,0.0,purchase_intent,youtube,0,1,5
2688,0.692726731300354,0.2938498556613922,0.013423421420156956,0,1.0,passive_browsing,youtube,1,0,4
2689,0.13660094141960144,0.7971621155738831,0.0662369579076767,9,0.5961446599726071,passive_browsing,youtube,3,7,2
2690,0.9463563561439514,0.04811818152666092,0.005525435321033001,0,1.0,churn_risk,youtube,1,0,1
2691,0.2912180721759796,0.6947320103645325,0.014049901627004147,0,0.8902573516016995,passive_browsing,youtube,0,1,1
2692,0.39938318729400635,0.557288408279419,0.0433284193277359,9,0.5961446599726071,passive_browsing,youtube,1,2,3
2693,0.4058865010738373,0.5443292856216431,0.049784205853939056,-1,0.0,passive_browsing,youtube,4,1,4
2694,0.9461709856987,0.04799449071288109,0.005834523588418961,0,0.8591964503891829,churn_risk,youtube,1,1,4
2695,0.027343355119228363,0.9354303479194641,0.03722628951072693,-1,0.0,passive_browsing,youtube,0,0,2
2696,0.673941433429718,0.30926424264907837,0.016794288530945778,0,1.0,passive_browsing,youtube,0,1,1
2697,0.676724374294281,0.29532450437545776,0.02795114368200302,0,1.0,passive_browsing,youtube,0,1,4
2699,0.8562989234924316,0.13587066531181335,0.007830505259335041,-1,0.0,churn_risk,youtube,0,1,6
2702,0.7101314663887024,0.27615082263946533,0.013717727735638618,-1,0.0,churn_risk,youtube,0,1,4
2703,0.5682663917541504,0.41153737902641296,0.020196229219436646,-1,0.0,passive_browsing,youtube,0,1,3
2704,0.6408271789550781,0.3251093924045563,0.03406336158514023,-1,0.0,passive_browsing,youtube,1,0,1
2705,0.047952618449926376,0.7736970782279968,0.17835025489330292,36,1.0,passive_browsing,youtube,2,1,1
2707,0.00410417141392827,0.02545005828142166,0.9704457521438599,0,1.0,purchase_intent,youtube,2,0,3
2708,0.9564298391342163,0.03760077804327011,0.0059693604707717896,0,1.0,churn_risk,youtube,1,0,3
2711,0.26694023609161377,0.33449721336364746,0.39856255054473877,0,0.7286449848228865,passive_browsing,youtube,4,0,4
2715,0.7252660393714905,0.2628149092197418,0.011919064447283745,-1,0.0,churn_risk,youtube,0,0,1
2716,0.09944216907024384,0.7788124084472656,0.12174540013074875,-1,0.0,passive_browsing,youtube,0,1,2
2717,0.12053196877241135,0.7480717897415161,0.13139621913433075,-1,0.0,passive_browsing,youtube,8,0,2
2718,0.015427187085151672,0.07488277554512024,0.9096899628639221,12,0.586013456046498,purchase_intent,youtube,1,1,4
2727,0.711758017539978,0.17729026079177856,0.1109517514705658,19,0.8950660328025868,churn_risk,youtube,3964,19,2
2731,0.0036023459397256374,0.05020643770694733,0.9461912512779236,12,0.6715648526646958,purchase_intent,youtube,858,2,1
2732,0.0033830811735242605,0.030999043956398964,0.965617835521698,12,1.0,purchase_intent,youtube,779,4,6
2733,0.8332340717315674,0.15311376750469208,0.013652173802256584,-1,0.0,churn_risk,youtube,310,2,1
2734,0.3976250886917114,0.5475549697875977,0.054820023477077484,12,0.5642384322396851,passive_browsing,youtube,440,5,3
2736,0.9378745555877686,0.054393328726291656,0.007732053752988577,12,0.6112587623334255,churn_risk,youtube,36,0,6
2737,0.003646651515737176,0.08140626549720764,0.9149470925331116,12,1.0,purchase_intent,youtube,483,17,7
2738,0.006064287852495909,0.04576597735285759,0.9481697082519531,12,1.0,purchase_intent,youtube,25,0,2
2739,0.00392623245716095,0.053453873842954636,0.9426198601722717,12,1.0,purchase_intent,youtube,82,0,5
2740,0.009239239618182182,0.17240144312381744,0.8183592557907104,12,1.0,purchase_intent,youtube,89,0,2
2741,0.005701051093637943,0.03778672590851784,0.9565121531486511,12,0.5329759707649667,purchase_intent,youtube,225,3,8
2748,0.004533323459327221,0.015079689212143421,0.9803870320320129,12,0.6973527008864859,purchase_intent,youtube,52,1,2
2749,0.0016859848983585835,0.00878906436264515,0.9895249605178833,12,0.8442601140033178,purchase_intent,youtube,24,0,2
2750,0.011551965028047562,0.18445131182670593,0.803996741771698,12,0.8679188972383928,purchase_intent,youtube,42,0,5
2751,0.15647612512111664,0.35853660106658936,0.4849872887134552,-1,0.0,passive_browsing,youtube,74,7,1
2752,0.6903342008590698,0.2965906262397766,0.013075131922960281,12,0.5273424408863342,churn_risk,youtube,7,0,9
2753,0.003257275791838765,0.011264023371040821,0.9854787588119507,0,0.9494681670595145,purchase_intent,youtube,7,0,2
2758,0.008766673505306244,0.0440799817442894,0.9471533894538879,12,1.0,purchase_intent,youtube,5,0,5
2760,0.004144524224102497,0.01394577231258154,0.9819097518920898,12,0.6436536858278493,purchase_intent,youtube,5,0,2
2763,0.002599179744720459,0.01060926541686058,0.9867914915084839,-1,0.0,purchase_intent,youtube,11,1,1
2764,0.002136934781447053,0.01905260607600212,0.9788104295730591,24,0.8166827611485004,purchase_intent,youtube,1,0,1
2766,0.0028959994670003653,0.018693050369620323,0.9784109592437744,12,0.40596544936266454,purchase_intent,youtube,2,0,3
2768,0.00507090101018548,0.050373394042253494,0.9445557594299316,12,1.0,purchase_intent,youtube,9,0,2
2771,0.27896648645401,0.6737946271896362,0.04723889008164406,12,0.5117343899251667,passive_browsing,youtube,7,1,1
2782,0.006524507887661457,0.017630062997341156,0.9758453965187073,0,0.6211218405848905,purchase_intent,youtube,0,0,3
2783,0.0029839356429874897,0.02522858791053295,0.9717873930931091,12,0.7240099998094424,purchase_intent,youtube,3,0,2
2787,0.5617344975471497,0.4061558246612549,0.032109636813402176,12,0.5259168545745215,churn_risk,youtube,23,0,1
2790,0.939120888710022,0.05429482087492943,0.006584291346371174,12,0.6624725417955787,churn_risk,youtube,146,1,3
2792,0.006036511156708002,0.04336807504296303,0.9505953788757324,0,1.0,purchase_intent,youtube,1,0,3
2794,0.003630506107583642,0.02929425612092018,0.9670752286911011,-1,0.0,purchase_intent,youtube,1,0,2
2795,0.0029551764018833637,0.018868926912546158,0.978175938129425,12,0.39604137955197977,purchase_intent,youtube,6,0,1
2796,0.0027946289628744125,0.012631525285542011,0.9845739006996155,12,0.6897644176810616,purchase_intent,youtube,0,0,4
2799,0.0037782920990139246,0.02441965602338314,0.9718020558357239,12,0.4648215614095022,purchase_intent,youtube,8,0,2
2802,0.002354533178731799,0.008245361968874931,0.9894000887870789,0,0.7721595228246866,purchase_intent,youtube,0,0,2
2807,0.6423298120498657,0.34343665838241577,0.014233548194169998,12,0.510518667639289,churn_risk,youtube,6,0,2
2808,0.005103219300508499,0.010812574997544289,0.9840841889381409,12,0.5391958511295685,purchase_intent,youtube,0,0,1
2809,0.7036524415016174,0.22649995982646942,0.06984765827655792,12,0.6198077094109842,churn_risk,youtube,4,0,2
2811,0.3106445372104645,0.4399677813053131,0.24938760697841644,12,1.0,passive_browsing,youtube,3,0,4
2812,0.004165945574641228,0.007396071683615446,0.9884379506111145,12,0.4855979344304192,purchase_intent,youtube,0,0,1
2813,0.004220679402351379,0.011218185536563396,0.9845612049102783,12,0.6624725417955787,purchase_intent,youtube,3,0,3
2816,0.002161748008802533,0.005940321367233992,0.9918979406356812,0,1.0,purchase_intent,youtube,1,0,1
2822,0.00457246508449316,0.009901356883347034,0.9855262041091919,12,0.45570299469901254,purchase_intent,youtube,0,0,1
2824,0.0031779115088284016,0.01213260367512703,0.984689474105835,12,0.7850420221789846,purchase_intent,youtube,1,0,3
2830,0.5559428334236145,0.38403308391571045,0.06002411991357803,0,0.3820192829924636,passive_browsing,youtube,80,9,1
2831,0.05445091798901558,0.919523298740387,0.026025692000985146,0,0.4254675600647177,passive_browsing,youtube,0,1,1
2835,0.013148467056453228,0.9321579933166504,0.054693564772605896,0,1.0,passive_browsing,youtube,0,1,1
2837,0.0017802186775952578,0.01443251222372055,0.9837872385978699,-1,0.0,purchase_intent,youtube,2,1,2
2841,0.91938716173172,0.07304846495389938,0.00756437424570322,-1,0.0,churn_risk,youtube,3,0,5
2842,0.07332921028137207,0.8040223717689514,0.12264843285083771,0,0.7858196487322366,passive_browsing,youtube,0,0,1
2845,0.2162056267261505,0.7633854746818542,0.020408928394317627,3,1.0,passive_browsing,youtube,1,4,1
2847,0.43069666624069214,0.5399622321128845,0.029341071844100952,3,0.9598922752325525,passive_browsing,youtube,0,2,3
2849,0.8840789794921875,0.10042417049407959,0.015496769919991493,-1,0.0,churn_risk,youtube,0,1,3
2850,0.6044259667396545,0.3792898654937744,0.016284154728055,3,0.5479881206385311,passive_browsing,youtube,0,1,2
2853,0.7760111689567566,0.18855372071266174,0.03543509170413017,0,0.8319389252525378,churn_risk,youtube,0,1,2
2854,0.003184046596288681,0.2908400893211365,0.7059758901596069,-1,0.0,purchase_intent,youtube,1,1,4
2857,0.017797809094190598,0.16736860573291779,0.8148336410522461,-1,0.0,purchase_intent,youtube,3,0,5
2859,0.011657561175525188,0.08511970937252045,0.9032227396965027,0,1.0,purchase_intent,youtube,0,0,1
2861,0.011958008632063866,0.14508147537708282,0.84296053647995,0,0.9164303332626824,purchase_intent,youtube,9,3,1
2862,0.6479228138923645,0.3334740996360779,0.01860312931239605,3,1.0,passive_browsing,youtube,0,0,4
2863,0.22210286557674408,0.7365829944610596,0.04131418466567993,-1,0.0,passive_browsing,youtube,0,0,3
2867,0.026250183582305908,0.9201820492744446,0.05356777459383011,0,0.9674258514119379,passive_browsing,youtube,0,0,1
2868,0.005965536925941706,0.5057668685913086,0.48826757073402405,-1,0.0,passive_browsing,youtube,0,0,4
2870,0.12372460961341858,0.8502641320228577,0.026011282578110695,0,1.0,passive_browsing,youtube,1,1,1
2871,0.9279872179031372,0.06645746529102325,0.00555531308054924,-1,0.0,churn_risk,youtube,28,4,2
2873,0.0026135502848774195,0.019543325528502464,0.9778431057929993,-1,0.0,purchase_intent,youtube,0,0,2
2875,0.16304078698158264,0.7844908833503723,0.05246829614043236,0,1.0,passive_browsing,youtube,1,0,4
2877,0.7282325029373169,0.2581893801689148,0.013578083366155624,0,1.0,churn_risk,youtube,4,0,1
2878,0.04525163397192955,0.7468617558479309,0.20788659155368805,-1,0.0,passive_browsing,youtube,0,0,2
2880,0.16466380655765533,0.7912309765815735,0.04410518705844879,0,0.9037415748648238,passive_browsing,youtube,0,0,1
2881,0.011293967254459858,0.20268800854682922,0.7860180735588074,0,0.6835424193585478,purchase_intent,youtube,0,0,1
2884,0.4289116859436035,0.5116761922836304,0.059412162750959396,-1,0.0,passive_browsing,youtube,0,0,1
2885,0.044150251895189285,0.7261465787887573,0.22970308363437653,-1,0.0,passive_browsing,youtube,0,0,1
2886,0.2778218388557434,0.6741922497749329,0.04798596724867821,0,1.0,passive_browsing,youtube,0,0,2
2887,0.340433806180954,0.6254112720489502,0.034154973924160004,0,1.0,passive_browsing,youtube,1,2,2
2889,0.6442264318466187,0.32023435831069946,0.035539183765649796,-1,0.0,passive_browsing,youtube,0,0,4
2894,0.9561030268669128,0.038415953516960144,0.005481041502207518,38,1.0,churn_risk,youtube,2,0,2
2895,0.8634965419769287,0.11913203448057175,0.01737142540514469,-1,0.0,churn_risk,youtube,0,0,1
2899,0.36157742142677307,0.5619242191314697,0.07649840414524078,-1,0.0,passive_browsing,youtube,0,0,2
2902,0.09300801903009415,0.8826848864555359,0.024307146668434143,0,1.0,passive_browsing,youtube,29,2,2
2904,0.003928259015083313,0.02719022147357464,0.9688814878463745,6,1.0,purchase_intent,youtube,0,1,2
2905,0.8841039538383484,0.10681087523698807,0.00908520258963108,-1,0.0,churn_risk,youtube,4,0,2
2906,0.010876786895096302,0.9121955633163452,0.076927550137043,0,0.6681631117912571,passive_browsing,youtube,5,7,1
2907,0.02580222301185131,0.7718361616134644,0.20236164331436157,0,1.0,passive_browsing,youtube,4,1,1
2911,0.040938351303339005,0.8927851915359497,0.06627637147903442,3,1.0,passive_browsing,youtube,7,9,1
2914,0.013169871643185616,0.6441054940223694,0.34272468090057373,0,0.25335420673523407,passive_browsing,youtube,2,4,2
2915,0.01809755526483059,0.9304813742637634,0.05142096430063248,0,1.0,passive_browsing,youtube,0,3,1
2918,0.1783887892961502,0.7686188220977783,0.05299247056245804,3,1.0,passive_browsing,youtube,1,7,3
2923,0.0030721204821020365,0.021428944543004036,0.9754989147186279,-1,0.0,purchase_intent,youtube,696,0,1
2925,0.004126593936234713,0.05666813626885414,0.9392052888870239,-1,0.0,purchase_intent,youtube,735,1,1
2928,0.06358444690704346,0.671872615814209,0.26454293727874756,39,1.0,passive_browsing,youtube,0,0,6
2929,0.04408525303006172,0.15304872393608093,0.8028659820556641,0,0.9270284400675605,purchase_intent,youtube,13,0,1
2930,0.0028943768702447414,0.036477889865636826,0.9606277942657471,-1,0.0,purchase_intent,youtube,15,1,1
2931,0.00438965717330575,0.007832738570868969,0.9877775311470032,-1,0.0,purchase_intent,youtube,10,0,1
2933,0.004023403394967318,0.012643941678106785,0.983332633972168,-1,0.0,purchase_intent,youtube,6,0,2
2934,0.03550780192017555,0.9069384336471558,0.05755375325679779,0,1.0,passive_browsing,youtube,1,0,1
2937,0.012124444358050823,0.06559660285711288,0.922278881072998,0,0.9076523712678072,purchase_intent,youtube,29,4,1
2942,0.0038148800376802683,0.014706655405461788,0.9814784526824951,-1,0.0,purchase_intent,youtube,2,0,2
2946,0.0031194461043924093,0.013558153994381428,0.9833223819732666,-1,0.0,purchase_intent,youtube,1,0,1
2947,0.015467291697859764,0.16638074815273285,0.8181518912315369,-1,0.0,purchase_intent,youtube,0,0,1
2950,0.018570005893707275,0.10850349813699722,0.8729264736175537,-1,0.0,purchase_intent,youtube,0,0,1
2953,0.009366725571453571,0.050516918301582336,0.940116286277771,-1,0.0,purchase_intent,youtube,0,0,3
2958,0.0023352133575826883,0.034208718687295914,0.9634560942649841,-1,0.0,purchase_intent,youtube,0,0,3
2962,0.004074376076459885,0.019598448649048805,0.9763271808624268,0,1.0,purchase_intent,youtube,0,0,1
2967,0.007780103944242001,0.03360378369688988,0.9586161375045776,0,1.0,purchase_intent,youtube,0,0,1
2974,0.19443216919898987,0.24151211977005005,0.5640556812286377,22,1.0,purchase_intent,youtube,0,0,2
2977,0.4930693805217743,0.29506099224090576,0.21186959743499756,0,1.0,passive_browsing,youtube,0,0,1
2978,0.012866496108472347,0.06724371016025543,0.9198897480964661,0,1.0,purchase_intent,youtube,0,0,2
2983,0.030583221465349197,0.9339940547943115,0.03542269393801689,0,0.6329553924107916,passive_browsing,youtube,8,1,2
2984,0.019093234091997147,0.22223961353302002,0.7586671113967896,0,1.0,purchase_intent,youtube,0,0,1
2985,0.7639797925949097,0.20087175071239471,0.03514844551682472,0,0.9559149551564478,churn_risk,youtube,0,0,2
2991,0.8298236727714539,0.14050233364105225,0.02967393770813942,26,0.16915902577925807,churn_risk,youtube,0,0,3
2992,0.013739180751144886,0.9430071711540222,0.043253615498542786,35,0.8718252978888884,passive_browsing,youtube,0,0,1
2999,0.2671036422252655,0.4370606541633606,0.2958357036113739,-1,0.0,passive_browsing,youtube,0,0,1
3000,0.6409525871276855,0.346081405878067,0.012966083362698555,-1,0.0,passive_browsing,youtube,2,1,4
3002,0.4342697858810425,0.35282421112060547,0.21290603280067444,0,1.0,passive_browsing,youtube,0,0,1
3003,0.026800306513905525,0.43708229064941406,0.5361173748970032,0,1.0,passive_browsing,youtube,0,0,1
3016,0.011856292374432087,0.4401591420173645,0.5479845404624939,22,1.0,passive_browsing,youtube,28,18,1
3021,0.01027837023139,0.9032639861106873,0.08645764738321304,7,0.9072070469785881,passive_browsing,youtube,1,1,1
3037,0.9486978054046631,0.0456678532063961,0.005634297616779804,0,1.0,churn_risk,youtube,1,1,1
3045,0.0503135621547699,0.6338842511177063,0.3158022165298462,2,1.0,passive_browsing,youtube,0,0,1
3056,0.031388089060783386,0.7922480702400208,0.17636381089687347,0,0.6517838934929756,passive_browsing,youtube,0,0,1
3070,0.032164011150598526,0.4592680335044861,0.5085679888725281,-1,0.0,purchase_intent,youtube,0,0,4
3073,0.027711542323231697,0.5684221982955933,0.4038662016391754,0,1.0,passive_browsing,youtube,0,0,1
3084,0.004194408189505339,0.7810819149017334,0.21472369134426117,0,1.0,passive_browsing,youtube,3,0,2
3086,0.06714325398206711,0.12056431919336319,0.8122923970222473,-1,0.0,purchase_intent,youtube,2,0,1
3091,0.01720568910241127,0.9322470426559448,0.050547271966934204,-1,0.0,passive_browsing,youtube,0,0,2
3093,0.07499411702156067,0.8555753827095032,0.06943045556545258,-1,0.0,passive_browsing,youtube,0,0,2
3094,0.01646973378956318,0.5525265336036682,0.4310036897659302,-1,0.0,passive_browsing,youtube,0,0,2
3097,0.05118897557258606,0.8961018919944763,0.05270916223526001,-1,0.0,passive_browsing,youtube,0,0,3
3098,0.48647627234458923,0.4850767254829407,0.028447020798921585,3,1.0,passive_browsing,youtube,0,0,3
3100,0.03734202682971954,0.9102572798728943,0.05240065976977348,0,0.9175247337550383,passive_browsing,youtube,0,0,5
3115,0.6626643538475037,0.3206404447555542,0.016695216298103333,0,1.0,passive_browsing,youtube,0,0,1
3116,0.827921986579895,0.16268324851989746,0.009394741617143154,-1,0.0,churn_risk,youtube,0,0,3
3118,0.008646129630506039,0.14105908572673798,0.850294828414917,22,0.7317228564252402,purchase_intent,youtube,1,0,2
3120,0.571872353553772,0.40535691380500793,0.022770700976252556,21,0.7294227590281891,passive_browsing,youtube,0,0,1
3123,0.01565888710319996,0.9212889671325684,0.06305212527513504,0,0.8160422893421727,passive_browsing,youtube,0,1,3
3124,0.1497226357460022,0.8341873288154602,0.016090072691440582,0,1.0,passive_browsing,youtube,3,1,1
3125,0.008946772664785385,0.10286103188991547,0.8881921172142029,-1,0.0,purchase_intent,youtube,2,0,2
3126,0.004493223503232002,0.4417164623737335,0.553790271282196,0,0.8213234095920485,passive_browsing,youtube,0,1,1
3127,0.6685855388641357,0.3130226731300354,0.018391776829957962,3,0.9842236824712142,passive_browsing,youtube,2,1,2
3128,0.0358036644756794,0.7639029026031494,0.20029345154762268,-1,0.0,passive_browsing,youtube,0,0,4
3130,0.12063178420066833,0.8163743615150452,0.06299390643835068,0,1.0,passive_browsing,youtube,0,1,2
3133,0.3674428462982178,0.6072571873664856,0.025299908593297005,3,1.0,passive_browsing,youtube,11,8,2
3135,0.008122497238218784,0.8780952095985413,0.11378221958875656,-1,0.0,passive_browsing,youtube,1,1,3
3139,0.24437057971954346,0.6681789755821228,0.08745048940181732,0,0.6078494217582875,passive_browsing,youtube,2,1,2
3142,0.5587040185928345,0.42581138014793396,0.015484628267586231,-1,0.0,passive_browsing,youtube,0,1,2
3144,0.18534502387046814,0.7222016453742981,0.09245339781045914,3,0.7223325391278874,passive_browsing,youtube,0,1,3
3146,0.011620649136602879,0.08516857773065567,0.9032107591629028,0,1.0,purchase_intent,youtube,0,2,1
3147,0.03411329537630081,0.8288266062736511,0.13706009089946747,3,0.531214714209947,passive_browsing,youtube,7,10,3
3154,0.013588539324700832,0.46333104372024536,0.5230804085731506,3,0.9584308463065562,passive_browsing,youtube,0,10,1
3156,0.7573055624961853,0.2270415872335434,0.01565285213291645,3,0.7972882438086026,churn_risk,youtube,0,0,2
3160,0.003997522406280041,0.35482320189476013,0.6411792635917664,22,1.0,purchase_intent,youtube,16,3,3
3162,0.6191974878311157,0.3652167320251465,0.015585732646286488,-1,0.0,passive_browsing,youtube,23,3,1
3163,0.010054727084934711,0.016163894906640053,0.973781406879425,0,0.6590263441381032,purchase_intent,youtube,2,0,1
3165,0.0622934028506279,0.8314001560211182,0.10630641132593155,21,0.7531345194934874,passive_browsing,youtube,74,9,6
3167,0.0243265051394701,0.7325021624565125,0.2431713491678238,3,1.0,passive_browsing,youtube,8,1,1
3169,0.7270357608795166,0.24912221729755402,0.023841971531510353,21,0.871880072789547,churn_risk,youtube,8,1,1
3171,0.2870393991470337,0.6804285049438477,0.032532088458538055,21,0.7285784519707436,passive_browsing,youtube,27,7,3
3173,0.005879432428628206,0.00927116721868515,0.9848493337631226,0,0.6517677309011227,purchase_intent,youtube,1,0,1
3176,0.6316760182380676,0.3568408191204071,0.01148314494639635,0,1.0,passive_browsing,youtube,9,5,3
3177,0.00544078228995204,0.038455672562122345,0.9561035633087158,3,0.6570480308573392,purchase_intent,youtube,33,4,2
3178,0.6121184825897217,0.34758883714675903,0.04029269888997078,-1,0.0,churn_risk,youtube,104,17,8
3180,0.013296377845108509,0.9205306768417358,0.06617304682731628,22,0.8967266382655252,passive_browsing,youtube,1,2,3
3181,0.004534383770078421,0.5943981409072876,0.40106749534606934,36,1.0,passive_browsing,youtube,1,0,2
3182,0.0480002760887146,0.9245721697807312,0.027427535504102707,21,1.0,passive_browsing,youtube,1,0,2
3184,0.032840900123119354,0.8713923096656799,0.09576673805713654,0,0.6870899876249579,passive_browsing,youtube,0,1,2
3185,0.8227661848068237,0.1634720414876938,0.013761812821030617,21,0.3856973225646892,churn_risk,youtube,15,1,1
3187,0.007908014580607414,0.8575748205184937,0.13451722264289856,21,0.8116031954533596,passive_browsing,youtube,2,0,1
3188,0.05082577094435692,0.8198120594024658,0.12936221063137054,3,0.6228321315210165,passive_browsing,youtube,2,0,2
3189,0.22909803688526154,0.7378630042076111,0.03303893283009529,-1,0.0,passive_browsing,youtube,0,0,1
3190,0.015473528765141964,0.9271858334541321,0.057340674102306366,21,1.0,passive_browsing,youtube,0,0,3
3191,0.08950038254261017,0.5514834523200989,0.35901618003845215,3,1.0,passive_browsing,youtube,2,2,2
3192,0.03740513324737549,0.6976392865180969,0.2649555504322052,0,0.7784919520553465,passive_browsing,youtube,0,0,1
3193,0.7256403565406799,0.24674391746520996,0.027615686878561974,0,1.0,churn_risk,youtube,5,1,3
3194,0.36707133054733276,0.6096453070640564,0.023283353075385094,21,0.7854350758235389,passive_browsing,youtube,3,3,3
3195,0.3481695353984833,0.6273747086524963,0.024455752223730087,21,0.7817205166542216,passive_browsing,youtube,1,0,1
3196,0.05581191927194595,0.8731225728988647,0.07106559723615646,21,0.25457959214508763,passive_browsing,youtube,0,0,2
3197,0.020214872434735298,0.9429272413253784,0.03685781732201576,-1,0.0,passive_browsing,youtube,0,0,2
3198,0.02182949334383011,0.7308081984519958,0.24736234545707703,0,0.8152205425739427,passive_browsing,youtube,1,0,2
3199,0.24472032487392426,0.6643406748771667,0.09093897044658661,0,1.0,passive_browsing,youtube,0,1,2
3200,0.23290829360485077,0.7182643413543701,0.04882727563381195,-1,0.0,passive_browsing,youtube,0,0,3
3201,0.017377600073814392,0.8997703194618225,0.08285217732191086,21,1.0,passive_browsing,youtube,0,0,2
3203,0.023045102134346962,0.9237238764762878,0.053231120109558105,3,1.0,passive_browsing,youtube,2,1,3
3204,0.4649103283882141,0.5192654728889465,0.015824144706130028,21,1.0,passive_browsing,youtube,6,2,3
3206,0.06756721436977386,0.9066535234451294,0.025779232382774353,3,0.9691871919027718,passive_browsing,youtube,0,0,1
3207,0.020753463730216026,0.8190900683403015,0.16015639901161194,21,1.0,passive_browsing,youtube,0,1,2
3209,0.7069875001907349,0.2546139061450958,0.038398634642362595,3,0.5121156670141932,churn_risk,youtube,0,0,5
3210,0.6964434385299683,0.2829294204711914,0.02062719315290451,21,0.4414100432123935,passive_browsing,youtube,1,1,2
3211,0.7153710722923279,0.2707628309726715,0.013866089284420013,21,0.6567892561669334,churn_risk,youtube,4,1,4
3213,0.016334474086761475,0.8617925047874451,0.12187307327985764,41,1.0,passive_browsing,youtube,1,0,2
3216,0.004934415686875582,0.1063864454627037,0.8886790871620178,36,1.0,purchase_intent,youtube,0,0,3
3217,0.06931442767381668,0.8065693974494934,0.12411612272262573,0,0.3796790425685144,passive_browsing,youtube,0,0,3
3218,0.09177075326442719,0.2244110256433487,0.6838182806968689,-1,0.0,passive_browsing,youtube,15,0,1
3219,0.016002560034394264,0.8671789765357971,0.11681850254535675,3,1.0,passive_browsing,youtube,5,2,6
3220,0.1797344982624054,0.7715892791748047,0.04867619648575783,3,0.9329653763097758,passive_browsing,youtube,1,1,4
3223,0.04831801354885101,0.7826684713363647,0.16901351511478424,3,1.0,passive_browsing,youtube,0,0,1
3224,0.37410977482795715,0.568626880645752,0.057263292372226715,3,0.7263535724235611,passive_browsing,youtube,7,4,1
3226,0.8208672404289246,0.16506502032279968,0.014067730866372585,0,0.737031818505081,churn_risk,youtube,0,0,1
3227,0.24113647639751434,0.7288129329681396,0.030050577595829964,21,1.0,passive_browsing,youtube,1,0,1
3228,0.2605341076850891,0.6401419043540955,0.09932392835617065,21,0.5778261097086718,passive_browsing,youtube,1,1,7
3229,0.012114002369344234,0.6430603861808777,0.3448256552219391,21,1.0,passive_browsing,youtube,0,0,1
3230,0.7292507290840149,0.25003570318222046,0.020713625475764275,21,0.7686069768348085,churn_risk,youtube,0,0,3
3233,0.061621710658073425,0.8298395276069641,0.10853877663612366,0,1.0,passive_browsing,youtube,0,1,2
3235,0.022194234654307365,0.8550122976303101,0.12279337644577026,21,1.0,passive_browsing,youtube,0,1,3
3236,0.011066799983382225,0.896122395992279,0.09281086921691895,36,1.0,passive_browsing,youtube,1,2,3
3237,0.40152648091316223,0.5772404670715332,0.021233053877949715,21,1.0,passive_browsing,youtube,0,1,1
3238,0.39098039269447327,0.5862725973129272,0.0227469801902771,21,1.0,passive_browsing,youtube,3,0,1
3239,0.4174274504184723,0.540198564529419,0.04237404093146324,36,1.0,passive_browsing,youtube,2,3,2
3240,0.4678790867328644,0.49891701340675354,0.03320394456386566,3,1.0,passive_browsing,youtube,1,0,2
3242,0.40130263566970825,0.5738561749458313,0.02484114095568657,3,0.8981799787775717,passive_browsing,youtube,1,1,4
3246,0.8917988538742065,0.09866929054260254,0.009531835094094276,-1,0.0,churn_risk,youtube,0,0,1
3247,0.03199505805969238,0.9360225796699524,0.03198230639100075,21,1.0,passive_browsing,youtube,1,2,1
3248,0.12483613193035126,0.5580313205718994,0.31713253259658813,-1,0.0,passive_browsing,youtube,1,0,1
3250,0.0023387938272207975,0.032915569841861725,0.9647456407546997,-1,0.0,purchase_intent,youtube,0,0,2
3251,0.734275221824646,0.23042204976081848,0.03530275076627731,0,0.6386581405875085,churn_risk,youtube,0,0,2
3253,0.24430209398269653,0.7219915986061096,0.03370635211467743,-1,0.0,passive_browsing,youtube,0,0,1
3254,0.00924170482903719,0.2761762738227844,0.7145820260047913,0,1.0,purchase_intent,youtube,0,0,2
3255,0.013246476650238037,0.9168883562088013,0.0698651522397995,-1,0.0,passive_browsing,youtube,0,0,1
3256,0.7020175457000732,0.28416907787323,0.013813364319503307,-1,0.0,churn_risk,youtube,2,1,2
3258,0.41842857003211975,0.5484427809715271,0.03312866762280464,3,0.9482159159761867,passive_browsing,youtube,0,0,1
3260,0.06724578142166138,0.8698714375495911,0.06288270652294159,-1,0.0,passive_browsing,youtube,0,1,4
3261,0.03206348046660423,0.8202100396156311,0.1477264016866684,0,0.294286953993527,passive_browsing,youtube,1,0,2
3265,0.003879610914736986,0.013845902867615223,0.9822744131088257,-1,0.0,purchase_intent,youtube,3,0,1
3266,0.0031703535933047533,0.026646440848708153,0.970183253288269,0,1.0,purchase_intent,youtube,0,1,1
3269,0.0024955272674560547,0.02792331576347351,0.9695811867713928,-1,0.0,purchase_intent,youtube,2,1,1
3270,0.0032700207084417343,0.020027626305818558,0.9767023324966431,0,1.0,purchase_intent,youtube,0,1,1
3271,0.04070897027850151,0.89278644323349,0.0665045902132988,0,1.0,passive_browsing,youtube,0,1,1
3273,0.00481543829664588,0.41449159383773804,0.5806930065155029,0,1.0,passive_browsing,youtube,1,1,1
3274,0.033816561102867126,0.8966848850250244,0.06949863582849503,0,0.6224931515230787,passive_browsing,youtube,2,3,1
3275,0.4922926723957062,0.4828964173793793,0.024810876697301865,36,0.9612417197586507,passive_browsing,youtube,0,1,1
3276,0.24277931451797485,0.6419692039489746,0.11525146663188934,-1,0.0,passive_browsing,youtube,3,1,1
3277,0.0025688055902719498,0.009971680119633675,0.9874595403671265,0,1.0,purchase_intent,youtube,1,2,1
3279,0.01862279884517193,0.9180176258087158,0.06335967779159546,0,1.0,passive_browsing,youtube,2,4,1
3280,0.03771815448999405,0.8009787797927856,0.16130314767360687,3,1.0,passive_browsing,youtube,0,1,1
3281,0.1020946353673935,0.8717290163040161,0.026176409795880318,0,0.3999846699075072,passive_browsing,youtube,1,1,2
3282,0.1568281352519989,0.8028233647346497,0.04034849628806114,-1,0.0,passive_browsing,youtube,1,0,4
3284,0.029581109061837196,0.6571846604347229,0.31323421001434326,-1,0.0,passive_browsing,youtube,0,0,2
3285,0.005236995406448841,0.2521510124206543,0.7426120638847351,0,0.8826592739018932,purchase_intent,youtube,3,1,4
3294,0.004619626794010401,0.09148760885000229,0.9038926959037781,-1,0.0,purchase_intent,youtube,0,0,2
3295,0.0023300149478018284,0.011931002140045166,0.9857389330863953,0,0.7037156679575844,purchase_intent,youtube,0,0,1
3296,0.009914735332131386,0.16331933438777924,0.8267659544944763,39,1.0,purchase_intent,youtube,1,0,4
3299,0.02107125334441662,0.21305795013904572,0.7658708691596985,0,1.0,purchase_intent,youtube,0,1,1
3303,0.9546641111373901,0.03997942432761192,0.00535650784149766,0,0.9285760261619845,churn_risk,youtube,0,0,1
3310,0.025619149208068848,0.9261998534202576,0.04818098992109299,0,0.4508899243162093,passive_browsing,youtube,0,0,4
3311,0.9177864193916321,0.07138491421937943,0.010828748345375061,-1,0.0,churn_risk,youtube,0,0,1
3313,0.9367690682411194,0.05721850320696831,0.006012404337525368,4,0.8389012068897086,churn_risk,youtube,6,0,2
3315,0.007769211195409298,0.10034297406673431,0.8918877840042114,0,0.5718240205010209,purchase_intent,youtube,24,1,2
3316,0.0066289473325014114,0.02030772715806961,0.9730633497238159,0,1.0,purchase_intent,youtube,34,0,1
3319,0.005408677738159895,0.05978825315833092,0.9348031282424927,-1,0.0,purchase_intent,youtube,0,1,1
3325,0.005055334884673357,0.028051301836967468,0.9668933153152466,24,0.26248476594988923,purchase_intent,youtube,2,1,1
3328,0.005184726323932409,0.014375322498381138,0.9804399609565735,24,1.0,purchase_intent,youtube,4,1,1
3334,0.0059651038609445095,0.35837817192077637,0.6356567144393921,-1,0.0,passive_browsing,youtube,36,2,2
3338,0.02594858780503273,0.35296475887298584,0.6210867166519165,0,1.0,passive_browsing,youtube,0,1,1
3339,0.10517599433660507,0.8518754243850708,0.04294859617948532,0,0.6558042257426246,passive_browsing,youtube,1,1,4
3341,0.0030483906157314777,0.011692141182720661,0.9852594137191772,0,0.7528249563381529,purchase_intent,youtube,0,0,1
3344,0.003560284385457635,0.0887187048792839,0.9077210426330566,36,1.0,purchase_intent,youtube,3,1,2
3345,0.014271515421569347,0.913474977016449,0.07225344330072403,0,0.9237665591129798,passive_browsing,youtube,12,3,5
3346,0.08510167896747589,0.5375062823295593,0.377392053604126,0,0.6425878227305275,passive_browsing,youtube,1,1,1
3347,0.02431454509496689,0.9131508469581604,0.06253466755151749,-1,0.0,passive_browsing,youtube,0,1,1
3348,0.010166957974433899,0.7042611241340637,0.2855718731880188,3,0.5224408860993687,passive_browsing,youtube,0,1,1
3349,0.006190754473209381,0.13908584415912628,0.8547234535217285,-1,0.0,purchase_intent,youtube,0,1,1
3350,0.19692808389663696,0.70640629529953,0.09666565805673599,-1,0.0,passive_browsing,youtube,1,1,2
3351,0.009688752703368664,0.737345814704895,0.25296542048454285,-1,0.0,passive_browsing,youtube,1,1,2
3354,0.028690671548247337,0.9200352430343628,0.051274120807647705,0,0.7657551728244114,passive_browsing,youtube,0,0,1
3357,0.029278606176376343,0.918460488319397,0.05226100608706474,-1,0.0,passive_browsing,youtube,0,2,1
3358,0.6418331265449524,0.33264175057411194,0.025525081902742386,0,1.0,passive_browsing,youtube,4,2,5
3360,0.01980697177350521,0.8648832440376282,0.11530978232622147,0,0.8021631140630737,passive_browsing,youtube,1,2,1
3361,0.31016871333122253,0.3806281089782715,0.309203177690506,0,0.8481764717942737,passive_browsing,youtube,10,2,3
3363,0.7648669481277466,0.22070948779582977,0.01442359946668148,0,1.0,churn_risk,youtube,15,2,3
3365,0.007544274441897869,0.18284116685390472,0.8096145391464233,0,0.8532859745936677,purchase_intent,youtube,1,2,1
3366,0.024816494435071945,0.9420568943023682,0.033126551657915115,0,0.8970037680778294,passive_browsing,youtube,0,1,2
3367,0.17157959938049316,0.7353723049163818,0.0930481106042862,-1,0.0,passive_browsing,youtube,0,1,3
3368,0.03383881226181984,0.6188563704490662,0.3473047614097595,0,0.9953803725519897,passive_browsing,youtube,0,1,4
3370,0.1376757025718689,0.8295513987541199,0.03277294710278511,28,1.0,passive_browsing,youtube,2,1,2
3371,0.2694587707519531,0.7130825519561768,0.017458735033869743,39,1.0,passive_browsing,youtube,1,1,1
3374,0.7308700084686279,0.24002395570278168,0.029106108471751213,0,0.5722110765843004,churn_risk,youtube,0,1,2
3375,0.5580778121948242,0.4296158254146576,0.01230637263506651,0,0.5985719207357539,passive_browsing,youtube,2,1,1
3376,0.030054619535803795,0.9067367315292358,0.063208669424057,-1,0.0,passive_browsing,youtube,0,1,2
3379,0.023524247109889984,0.9243614673614502,0.05211426690220833,0,0.8160701381763581,passive_browsing,youtube,0,1,1
3384,0.897215723991394,0.09556743502616882,0.007216883823275566,36,0.9522255305382976,churn_risk,youtube,0,3,2
3385,0.6107315421104431,0.31647542119026184,0.07279300689697266,0,0.7766746485278039,churn_risk,youtube,0,2,3
3386,0.557077944278717,0.391584187746048,0.051337920129299164,-1,0.0,passive_browsing,youtube,0,1,2
3388,0.8594384789466858,0.13340599834918976,0.007155528292059898,-1,0.0,churn_risk,youtube,0,1,3
3393,0.8312267065048218,0.14514784514904022,0.023625437170267105,0,0.7992225703734603,churn_risk,youtube,217,64,3
3394,0.9391953945159912,0.05279189348220825,0.008012750186026096,0,1.0,churn_risk,youtube,0,1,4
3396,0.6818252801895142,0.24082565307617188,0.07734902203083038,0,0.5830508278194403,passive_browsing,youtube,0,6,1
3400,0.7992805242538452,0.17906001210212708,0.021659500896930695,0,0.8750083004057722,churn_risk,youtube,17,0,3
3401,0.9587151408195496,0.03667057305574417,0.004614266566932201,0,1.0,churn_risk,youtube,0,1,1
3402,0.24376988410949707,0.3763532042503357,0.37987685203552246,0,0.6424820092684088,passive_browsing,youtube,1,1,1
3404,0.8930029273033142,0.09653511643409729,0.010461868718266487,0,1.0,churn_risk,youtube,1,3,4
3406,0.008007717318832874,0.6211084127426147,0.3708838224411011,22,1.0,passive_browsing,youtube,31,7,3
3407,0.10306768864393234,0.6321628093719482,0.26476946473121643,18,0.4126884679396512,passive_browsing,youtube,195,9,7
3408,0.7550139427185059,0.23056484758853912,0.014421255327761173,3,1.0,churn_risk,youtube,32,0,3
3409,0.06684501469135284,0.23046481609344482,0.7026901245117188,-1,0.0,purchase_intent,youtube,217,10,6
3410,0.7285913825035095,0.25414803624153137,0.017260516062378883,0,0.3703145948817354,churn_risk,youtube,76,7,5
3411,0.8676841259002686,0.12540410459041595,0.006911733187735081,-1,0.0,churn_risk,youtube,112,4,5
3412,0.8107752799987793,0.17461588978767395,0.014608853496611118,0,0.7516020066871261,churn_risk,youtube,172,5,7
3413,0.7674077153205872,0.21666115522384644,0.01593111827969551,3,1.0,churn_risk,youtube,45,2,5
3416,0.6624413132667542,0.32622385025024414,0.011334898881614208,0,0.5486618864341224,passive_browsing,youtube,10,0,2
3419,0.4393795132637024,0.4948008954524994,0.06581957638263702,-1,0.0,passive_browsing,youtube,31,2,20
3420,0.907264232635498,0.08765319734811783,0.005082505289465189,2,1.0,churn_risk,youtube,216,42,2
3422,0.8920812010765076,0.09854235500097275,0.009376471862196922,-1,0.0,churn_risk,youtube,11,4,3
3424,0.2458772510290146,0.7179263830184937,0.036196354776620865,2,0.8595553203104558,passive_browsing,youtube,9,1,1
3425,0.0036038688849657774,0.015687095001339912,0.9807090759277344,-1,0.0,purchase_intent,youtube,24,1,1
3426,0.8117046356201172,0.17773765325546265,0.010557717643678188,-1,0.0,churn_risk,youtube,23,2,7
3429,0.07831626385450363,0.6865137815475464,0.23516999185085297,0,0.7516020066871261,passive_browsing,youtube,1,0,5
3430,0.6422243118286133,0.3416053056716919,0.016170356422662735,20,0.6886386224183056,passive_browsing,youtube,1,0,1
3431,0.2257193773984909,0.4038143455982208,0.37046635150909424,-1,0.0,passive_browsing,youtube,73,13,10
3433,0.08914311230182648,0.7191962003707886,0.19166068732738495,0,0.7749065208298822,passive_browsing,youtube,3,0,1
3436,0.5380120873451233,0.30970942974090576,0.15227848291397095,0,0.31631946490648183,churn_risk,youtube,128,7,6
3437,0.045652974396944046,0.13693177700042725,0.8174152374267578,0,0.8069605517929753,purchase_intent,youtube,3,0,5
3439,0.07774436473846436,0.4009332060813904,0.5213223695755005,6,0.1844128291769766,passive_browsing,youtube,0,2,1
3441,0.33491501212120056,0.6155755519866943,0.049509476870298386,-1,0.0,passive_browsing,youtube,1,0,2
3443,0.4336510896682739,0.5429174900054932,0.023431461304426193,-1,0.0,passive_browsing,youtube,3,0,11
3444,0.2930583953857422,0.6893678307533264,0.017573820427060127,0,0.21885616071971933,passive_browsing,youtube,0,0,5
3445,0.6605454683303833,0.3234759271144867,0.01597859337925911,-1,0.0,passive_browsing,youtube,3,0,5
3447,0.7010868191719055,0.28405267000198364,0.0148606076836586,2,0.9775395275300036,churn_risk,youtube,2,0,2
3450,0.8780549168586731,0.11622864753007889,0.005716429557651281,2,1.0,churn_risk,youtube,19,1,1
3451,0.033489540219306946,0.2957521975040436,0.6707582473754883,0,0.7516020066871261,purchase_intent,youtube,82,3,6
3452,0.0908464714884758,0.7563532590866089,0.1528002768754959,9,0.5961446599726071,passive_browsing,youtube,0,0,1
3454,0.23474189639091492,0.50600665807724,0.2592514455318451,-1,0.0,passive_browsing,youtube,0,0,2
3455,0.20739474892616272,0.7521300315856934,0.04047520086169243,9,0.5200743585559394,passive_browsing,youtube,0,0,1
3456,0.4840954840183258,0.5036864876747131,0.012218023650348186,-1,0.0,passive_browsing,youtube,0,0,2
3457,0.3088269829750061,0.6476010084152222,0.04357193410396576,19,0.45544009714228545,passive_browsing,youtube,0,0,1
3459,0.022597162052989006,0.22388099133968353,0.7535218596458435,18,1.0,purchase_intent,youtube,3,1,4
3460,0.9221559166908264,0.07145655900239944,0.006387559697031975,0,0.7516020066871261,churn_risk,youtube,57,1,9
3462,0.7462888956069946,0.2415318638086319,0.012179241515696049,-1,0.0,churn_risk,youtube,3,2,6
3463,0.9140114784240723,0.07949692010879517,0.0064916606061160564,0,0.7422462160709627,churn_risk,youtube,10,5,6
3465,0.7611896395683289,0.22790463268756866,0.010905809700489044,-1,0.0,churn_risk,youtube,1,0,1
3466,0.8375932574272156,0.15000219643115997,0.01240457035601139,0,0.7202379838556479,churn_risk,youtube,1,1,9
3468,0.853079080581665,0.13043369352817535,0.0164872407913208,0,0.47117565265180716,churn_risk,youtube,6,1,6
3470,0.3475038707256317,0.5050525665283203,0.14744360744953156,-1,0.0,passive_browsing,youtube,0,1,4
3471,0.04381219670176506,0.9319819211959839,0.02420593984425068,3,1.0,passive_browsing,youtube,0,0,2
3472,0.005504212807863951,0.024969622492790222,0.9695261716842651,0,1.0,purchase_intent,youtube,1,0,2
3473,0.041988927870988846,0.28297850489616394,0.6750325560569763,0,0.6832461898746657,passive_browsing,youtube,2,1,1
3474,0.7507550120353699,0.2315293848514557,0.017715562134981155,-1,0.0,churn_risk,youtube,0,0,2
3475,0.9328197240829468,0.06136852502822876,0.005811800714582205,-1,0.0,churn_risk,youtube,1,0,2
3476,0.7401006817817688,0.2528383433818817,0.007061045616865158,2,1.0,churn_risk,youtube,0,0,3
3478,0.1534879058599472,0.7573835849761963,0.08912849426269531,9,0.8339164339839061,passive_browsing,youtube,0,0,2
3479,0.8815290331840515,0.11208906769752502,0.006381875369697809,-1,0.0,churn_risk,youtube,0,0,3
3481,0.8629350662231445,0.11339716613292694,0.02366778627038002,-1,0.0,churn_risk,youtube,7,1,1
3482,0.1307673305273056,0.8313167691230774,0.037915900349617004,0,0.582817936271607,passive_browsing,youtube,1,2,5
3483,0.6041562557220459,0.3435977101325989,0.05224611237645149,-1,0.0,passive_browsing,youtube,0,0,1
3484,0.004561557900160551,0.009222050197422504,0.9862164258956909,-1,0.0,purchase_intent,youtube,3,0,1
3485,0.7918428182601929,0.19251728057861328,0.015639882534742355,2,1.0,churn_risk,youtube,0,0,3
3486,0.38466766476631165,0.4675789773464203,0.14775338768959045,-1,0.0,passive_browsing,youtube,3,0,8
3487,0.018411995843052864,0.9219619035720825,0.05962609127163887,9,0.5557697029304617,passive_browsing,youtube,0,0,1
3488,0.03899940475821495,0.8023365139961243,0.15866407752037048,2,0.8404432682824373,passive_browsing,youtube,0,0,2
3489,0.49403420090675354,0.43407800793647766,0.07188781350851059,-1,0.0,passive_browsing,youtube,3,1,2
3490,0.019609320908784866,0.9500352740287781,0.030355453491210938,-1,0.0,passive_browsing,youtube,0,0,1
3491,0.025468837469816208,0.8900856971740723,0.08444545418024063,-1,0.0,passive_browsing,youtube,0,0,2
3493,0.6343345046043396,0.35372430086135864,0.011941233649849892,0,0.5671276885081415,passive_browsing,youtube,0,0,2
3495,0.5579933524131775,0.42966097593307495,0.012345668859779835,0,0.7516020066871261,passive_browsing,youtube,0,0,4
3496,0.8514206409454346,0.1384040266275406,0.010175419971346855,-1,0.0,churn_risk,youtube,0,0,10
3497,0.9119950532913208,0.07948076725006104,0.008524205535650253,0,0.2447748153605354,churn_risk,youtube,3,0,8
3498,0.5166486501693726,0.45228520035743713,0.031066151335835457,-1,0.0,passive_browsing,youtube,0,0,8
3499,0.05976411700248718,0.8250374794006348,0.11519844084978104,5,0.5242926568454769,passive_browsing,youtube,0,0,1
3502,0.7264744639396667,0.21539004147052765,0.0581354983150959,-1,0.0,churn_risk,youtube,1,0,2
3503,0.9210565090179443,0.0736537054181099,0.005289717111736536,-1,0.0,churn_risk,youtube,14,0,6
3504,0.2683669328689575,0.6607550382614136,0.07087802141904831,0,0.5965187339688123,passive_browsing,youtube,0,0,2
3505,0.4016781449317932,0.5682553052902222,0.030066566541790962,0,0.40058443201311766,passive_browsing,youtube,0,0,3
3507,0.003077086294069886,0.00899177510291338,0.9879311323165894,-1,0.0,purchase_intent,youtube,29,3,1
3509,0.011183591559529305,0.10839208960533142,0.8804243206977844,24,0.8760708787816017,purchase_intent,youtube,1,0,1
3514,0.0021772223990410566,0.044533293694257736,0.9532894492149353,0,0.8532859745936677,purchase_intent,youtube,2,0,2
3515,0.03713994100689888,0.20167534053325653,0.7611846923828125,24,0.5881443078165756,purchase_intent,youtube,0,0,1
3518,0.007257217075675726,0.08341823518276215,0.9093245267868042,0,0.6827998175221492,purchase_intent,youtube,2,1,1
3520,0.06667439639568329,0.8778303861618042,0.055495213717222214,3,0.8771230746264879,passive_browsing,youtube,0,0,2
3521,0.006467454135417938,0.07054737955331802,0.9229851961135864,24,1.0,purchase_intent,youtube,0,0,1
3523,0.010939744301140308,0.931034505367279,0.05802571028470993,0,0.8762857926175984,passive_browsing,youtube,0,0,2
3526,0.03235725685954094,0.8878828287124634,0.07975988835096359,0,1.0,passive_browsing,youtube,0,0,1
3527,0.03392457589507103,0.0826045423746109,0.883470892906189,0,1.0,purchase_intent,youtube,3,3,3
3530,0.017920570448040962,0.8867092132568359,0.09537021070718765,3,1.0,passive_browsing,youtube,0,0,4
3531,0.16149728000164032,0.8084637522697449,0.030038950964808464,3,1.0,passive_browsing,youtube,0,0,1
3534,0.4583226442337036,0.3862619996070862,0.155415341258049,3,1.0,passive_browsing,youtube,0,0,3
3535,0.6463719010353088,0.33738046884536743,0.016247695311903954,1,0.7674047022967325,passive_browsing,youtube,2,1,1
3536,0.7625402808189392,0.2205381989479065,0.01692155934870243,3,0.9024644137974054,churn_risk,youtube,0,1,1
3540,0.7132532000541687,0.2716580927371979,0.015088694170117378,-1,0.0,churn_risk,youtube,0,4,1
3541,0.009501220658421516,0.9147881269454956,0.07571065425872803,0,0.6068899302265177,passive_browsing,youtube,0,0,5
3543,0.006694279611110687,0.01770399697124958,0.9756017327308655,24,1.0,purchase_intent,youtube,0,0,1
3544,0.022219764068722725,0.8925653696060181,0.08521488308906555,3,0.7989835564302911,passive_browsing,youtube,5,0,1
3546,0.02694562077522278,0.8753650188446045,0.09768941253423691,8,0.3014593176793126,passive_browsing,youtube,0,0,1
3547,0.7548812627792358,0.23788392543792725,0.007234802469611168,0,0.8612650645883824,churn_risk,youtube,0,0,2
3550,0.0907473936676979,0.8532297611236572,0.05602288618683815,-1,0.0,passive_browsing,youtube,0,0,1
3553,0.7366414666175842,0.2446550577878952,0.01870347373187542,0,1.0,churn_risk,youtube,21,4,2
3554,0.009964628145098686,0.8508211374282837,0.1392141431570053,0,1.0,passive_browsing,youtube,1,0,1
3558,0.044276803731918335,0.5609235167503357,0.3947996497154236,0,1.0,passive_browsing,youtube,9,3,2
3559,0.00847562775015831,0.05979446694254875,0.9317298531532288,0,1.0,purchase_intent,youtube,2,3,1
3567,0.3472619354724884,0.5776383280754089,0.07509983330965042,26,0.39343180085583795,passive_browsing,youtube,469,18,1
3569,0.7926201820373535,0.19523192942142487,0.012147853150963783,26,0.195234060328024,churn_risk,youtube,123,2,1
3570,0.5113773941993713,0.41257578134536743,0.07604678720235825,9,0.8450291074436176,passive_browsing,youtube,359,17,1
3571,0.0698910802602768,0.5477215051651001,0.3823874890804291,26,1.0,passive_browsing,youtube,109,2,1
3575,0.8756060600280762,0.11229310184717178,0.01210083905607462,26,1.0,churn_risk,youtube,177,6,2
3576,0.05721455067396164,0.8670987486839294,0.0756867527961731,26,0.9087119936466639,passive_browsing,youtube,6,0,1
3579,0.0047029778361320496,0.04334535822272301,0.9519516825675964,9,0.4330947854987677,purchase_intent,youtube,1,0,4
3580,0.9094840288162231,0.08196260780096054,0.00855335034430027,26,1.0,churn_risk,youtube,10,0,1
3581,0.03298036381602287,0.7181965708732605,0.24882301688194275,26,0.34426211713198623,passive_browsing,youtube,11,1,1
3586,0.2318931370973587,0.636257529258728,0.13184931874275208,26,0.4930418563773373,passive_browsing,youtube,2,0,1
3592,0.022398635745048523,0.36698830127716064,0.6106130480766296,8,0.43661833051327553,passive_browsing,youtube,1,0,1
3597,0.15137465298175812,0.7918474674224854,0.05677793547511101,-1,0.0,passive_browsing,youtube,0,0,2
3600,0.3101673126220703,0.6310473084449768,0.05878536030650139,26,0.4284526184805068,passive_browsing,youtube,1,0,1
3601,0.5744743943214417,0.4049989879131317,0.02052668295800686,12,0.5772412046457687,passive_browsing,youtube,3,3,6
3608,0.01919957622885704,0.12551350891590118,0.8552869558334351,26,0.9050908291261821,purchase_intent,youtube,2,0,3
3609,0.9406355023384094,0.05425553768873215,0.005108984187245369,26,1.0,churn_risk,youtube,1,0,4
3616,0.03022405132651329,0.23048536479473114,0.7392905354499817,-1,0.0,purchase_intent,youtube,5,0,1
3618,0.49647238850593567,0.45640701055526733,0.04712064191699028,26,1.0,passive_browsing,youtube,1,0,1
3629,0.06694278120994568,0.8953275680541992,0.0377296544611454,-1,0.0,passive_browsing,youtube,0,0,3
3637,0.2210363745689392,0.6800647974014282,0.09889888018369675,26,1.0,passive_browsing,youtube,0,0,1
3641,0.9111243486404419,0.0809054896235466,0.007970184087753296,2,1.0,churn_risk,youtube,0,0,2
3642,0.11161015182733536,0.7274977564811707,0.1608920395374298,26,1.0,passive_browsing,youtube,0,0,1
3647,0.29022181034088135,0.46658197045326233,0.2431962937116623,26,1.0,passive_browsing,youtube,0,0,1
3652,0.10372041910886765,0.7688771486282349,0.1274024248123169,26,1.0,passive_browsing,youtube,0,0,1
3656,0.03840956464409828,0.8799796104431152,0.08161082118749619,35,0.9129351922818238,passive_browsing,youtube,8,0,1
3660,0.0033140485174953938,0.126227468252182,0.8704584240913391,0,0.6719950818616174,purchase_intent,youtube,1,1,1
3679,0.060860294848680496,0.6609281301498413,0.2782115936279297,-1,0.0,passive_browsing,youtube,1,0,1
3680,0.003963349852710962,0.541600227355957,0.454436331987381,5,1.0,passive_browsing,youtube,0,0,1
3681,0.04894693195819855,0.5282997488975525,0.4227532148361206,-1,0.0,passive_browsing,youtube,5415,217,1
3683,0.8100507259368896,0.17841877043247223,0.011530464515089989,6,0.11666937960809048,churn_risk,youtube,7464,23,3
3684,0.7983881235122681,0.18006953597068787,0.021542394533753395,9,0.7002875321402583,churn_risk,youtube,396,6,1
3685,0.7634727954864502,0.22029274702072144,0.01623445935547352,-1,0.0,churn_risk,youtube,9178,136,2
3686,0.010574068874120712,0.04852714017033577,0.9408988356590271,35,1.0,purchase_intent,youtube,3041,45,1
3687,0.36940327286720276,0.4803199768066406,0.15027666091918945,-1,0.0,passive_browsing,youtube,2621,10,2
3689,0.004666055552661419,0.6084169745445251,0.38691696524620056,-1,0.0,passive_browsing,youtube,61,0,1
3690,0.8812263607978821,0.10992641001939774,0.008847204968333244,6,0.1355852125003082,churn_risk,youtube,3667,20,6
3691,0.05018773674964905,0.12076560407876968,0.8290467262268066,-1,0.0,purchase_intent,youtube,2227,14,1
3692,0.08144791424274445,0.836298942565918,0.0822531059384346,-1,0.0,passive_browsing,youtube,1661,38,1
3694,0.03989686444401741,0.8396557569503784,0.12044733762741089,-1,0.0,passive_browsing,youtube,2608,26,1
3695,0.9076861143112183,0.08455689251422882,0.007756993640214205,-1,0.0,churn_risk,youtube,2116,21,1
3696,0.4395997226238251,0.477226585149765,0.08317363262176514,19,0.7836374647013904,passive_browsing,youtube,391,12,1
3697,0.6400459408760071,0.2314923107624054,0.12846171855926514,35,1.0,passive_browsing,youtube,1250,30,3
3698,0.9347800612449646,0.057476699352264404,0.007743259891867638,6,0.14443437893449582,churn_risk,youtube,1143,9,1
3699,0.019237831234931946,0.18206298351287842,0.7986992001533508,3,0.8861657651343867,purchase_intent,youtube,1583,30,1
3700,0.5429814457893372,0.2564755976200104,0.20054297149181366,5,0.5752347103836146,passive_browsing,youtube,1414,9,1
3701,0.02806597761809826,0.32800018787384033,0.6439337730407715,3,0.6680329078312626,passive_browsing,youtube,3617,155,4
3703,0.8260334730148315,0.16497743129730225,0.00898911152034998,6,0.08153100969410924,churn_risk,youtube,912,11,1
3706,0.5213192701339722,0.4592486321926117,0.019432146102190018,9,0.7036214315359062,passive_browsing,youtube,188,7,1
3715,0.7364251017570496,0.23574897646903992,0.027825914323329926,9,0.5810921283151059,churn_risk,youtube,405,9,1
3719,0.1281552016735077,0.7219505906105042,0.14989422261714935,19,0.4815421958367692,passive_browsing,youtube,445,9,1
3720,0.7030382752418518,0.2680843472480774,0.028877295553684235,-1,0.0,churn_risk,youtube,348,7,4
3724,0.07876580208539963,0.774707019329071,0.14652720093727112,-1,0.0,passive_browsing,youtube,638,10,2
3726,0.3670709729194641,0.3897217810153961,0.24320723116397858,-1,0.0,passive_browsing,youtube,529,19,14
3727,0.8179523944854736,0.1640508770942688,0.017996771261096,3,0.7844934361318584,churn_risk,youtube,469,4,1
3731,0.006390344817191362,0.13829615712165833,0.8553135395050049,35,0.950687981438017,purchase_intent,youtube,179,3,1
3737,0.20507913827896118,0.5974710583686829,0.19744990766048431,19,1.0,passive_browsing,youtube,82,3,1
3743,0.7623814344406128,0.21678902208805084,0.020829541608691216,3,0.7654208456756844,churn_risk,youtube,264,13,1
3744,0.8870629072189331,0.10438565164804459,0.008551453240215778,19,0.4607718591203579,churn_risk,youtube,295,6,1
3748,0.006998623255640268,0.028220554813742638,0.9647808074951172,35,1.0,purchase_intent,youtube,117,2,2
3749,0.525346040725708,0.33125540614128113,0.14339858293533325,35,1.0,passive_browsing,youtube,2,0,1
3750,0.7540693879127502,0.22871851921081543,0.017212122678756714,6,0.17063856219994508,churn_risk,youtube,110,1,1
3751,0.6446802020072937,0.3260258436203003,0.029293905943632126,6,0.10372516710465993,passive_browsing,youtube,207,3,2
3752,0.0704396441578865,0.16677527129650116,0.762785017490387,35,1.0,purchase_intent,youtube,66,4,1
3760,0.5703748464584351,0.3983304798603058,0.03129463642835617,-1,0.0,passive_browsing,youtube,1,0,1
3762,0.39323294162750244,0.5625002384185791,0.04426680505275726,6,0.14233199110402636,passive_browsing,youtube,93,1,2
3763,0.004489784594625235,0.03179527074098587,0.9637150168418884,3,0.8029553371800835,purchase_intent,youtube,193,31,1
3765,0.5153810977935791,0.4252893328666687,0.05932951718568802,19,1.0,passive_browsing,youtube,19,1,2
3770,0.006487640552222729,0.2771390974521637,0.7163732051849365,8,0.3549678141734765,purchase_intent,youtube,310,5,2
3773,0.017380468547344208,0.27957868576049805,0.7030408978462219,4,1.0,purchase_intent,youtube,21,0,1
3775,0.8931752443313599,0.0961960032582283,0.010628736577928066,-1,0.0,churn_risk,youtube,120,4,2
3814,0.002777852350845933,0.007482362911105156,0.9897397756576538,-1,0.0,purchase_intent,youtube,1,0,1
3815,0.0181107260286808,0.3519188463687897,0.6299704909324646,4,1.0,passive_browsing,youtube,1,0,1
3871,0.005636423826217651,0.022102195769548416,0.972261369228363,-1,0.0,purchase_intent,youtube,3,2,1
3872,0.012868639081716537,0.060864899307489395,0.9262664318084717,3,0.841033901703629,purchase_intent,youtube,0,1,3
3873,0.011820118874311447,0.5113274455070496,0.4768524467945099,-1,0.0,passive_browsing,youtube,7,0,1
3875,0.002077459590509534,0.00794507097452879,0.9899774789810181,-1,0.0,purchase_intent,youtube,127,19,1
3882,0.007071382831782103,0.265297532081604,0.7276310324668884,-1,0.0,purchase_intent,youtube,1,0,1
3888,0.2277415692806244,0.7040324211120605,0.06822599470615387,-1,0.0,passive_browsing,youtube,0,0,1
3892,0.002952796872705221,0.008549343794584274,0.988497793674469,-1,0.0,purchase_intent,youtube,4,0,1
3898,0.003192481817677617,0.12775948643684387,0.8690480589866638,-1,0.0,purchase_intent,youtube,0,0,1
3923,0.006333490367978811,0.020176567137241364,0.9734899997711182,37,1.0,purchase_intent,youtube,35,1,2
3928,0.003407553303986788,0.006766599602997303,0.9898259043693542,0,1.0,purchase_intent,youtube,7,0,1
3929,0.007894529961049557,0.04135788977146149,0.9507476091384888,37,1.0,purchase_intent,youtube,57,4,1
3938,0.005821651313453913,0.009351951070129871,0.9848263263702393,37,1.0,purchase_intent,youtube,32,3,1
3944,0.14060702919960022,0.6966673731803894,0.1627255231142044,13,1.0,passive_browsing,youtube,8,1,1
3952,0.002657039323821664,0.009151010774075985,0.9881919026374817,37,1.0,purchase_intent,youtube,8,0,1
3959,0.003174071665853262,0.027599450200796127,0.9692265391349792,-1,0.0,purchase_intent,youtube,5,0,1
3964,0.0031917146407067776,0.007015389855951071,0.9897929430007935,0,1.0,purchase_intent,youtube,0,0,1
3965,0.005491912364959717,0.012541506439447403,0.9819666147232056,37,1.0,purchase_intent,youtube,8,0,1
3977,0.1972050964832306,0.4513006806373596,0.3514942526817322,-1,0.0,passive_browsing,youtube,11,1,1
3980,0.015928633511066437,0.04566607251763344,0.9384053349494934,37,1.0,purchase_intent,youtube,5,2,1
3984,0.012579744681715965,0.05989318713545799,0.927527129650116,37,1.0,purchase_intent,youtube,25,0,2
3985,0.3915638327598572,0.17637905478477478,0.43205708265304565,37,1.0,purchase_intent,youtube,8,6,1
3986,0.006288642063736916,0.008857975713908672,0.9848533868789673,37,0.9407484397072613,purchase_intent,youtube,4,1,1
3990,0.015689879655838013,0.04534539207816124,0.9389647841453552,37,1.0,purchase_intent,youtube,4,0,1
3992,0.002982258563861251,0.005886795464903116,0.9911309480667114,37,1.0,purchase_intent,youtube,0,0,2
3993,0.0035643663723021746,0.023746341466903687,0.9726893305778503,37,0.8759699132760752,purchase_intent,youtube,4,1,1
4006,0.06687866896390915,0.7032851576805115,0.2298361361026764,18,0.9166490382120421,passive_browsing,youtube,5,0,1
4007,0.0065619684755802155,0.03686397895216942,0.956574022769928,-1,0.0,purchase_intent,youtube,0,0,1
4014,0.03182602673768997,0.10911083221435547,0.8590631484985352,37,0.42043279354836666,purchase_intent,youtube,1,0,1
4028,0.06356479227542877,0.7903403043746948,0.14609482884407043,35,0.8933715700642391,passive_browsing,youtube,30,3,1
4035,0.007727828808128834,0.010786738246679306,0.9814854860305786,-1,0.0,purchase_intent,youtube,51,0,1
4056,0.012381762266159058,0.09635871648788452,0.8912595510482788,0,0.7866641737518966,purchase_intent,youtube,0,0,1
4065,0.005426297429949045,0.04132193326950073,0.9532517790794373,0,0.6450364361797799,purchase_intent,youtube,0,0,1
4086,0.5163002610206604,0.3828422725200653,0.1008574515581131,-1,0.0,passive_browsing,youtube,1,0,2
4087,0.0985337346792221,0.7172863483428955,0.18417997658252716,-1,0.0,passive_browsing,youtube,0,0,1
4096,0.007311240304261446,0.0543656051158905,0.9383231401443481,0,0.8784245500594376,purchase_intent,youtube,145,0,1
4097,0.11330559104681015,0.11687690019607544,0.7698175311088562,0,1.0,purchase_intent,youtube,150,4,4
4099,0.7980853319168091,0.19130337238311768,0.010611206293106079,0,1.0,churn_risk,youtube,56,3,2
4102,0.011898012831807137,0.08611998707056046,0.9019820690155029,-1,0.0,purchase_intent,youtube,8,0,1
4106,0.2701033353805542,0.31508326530456543,0.414813369512558,0,1.0,purchase_intent,youtube,34,0,1
4111,0.0037220639642328024,0.018537601456046104,0.9777402877807617,-1,0.0,purchase_intent,youtube,2,1,1
4114,0.0029834946617484093,0.029273411259055138,0.9677430987358093,0,1.0,purchase_intent,youtube,3,0,1
4117,0.004854985047131777,0.02204541303217411,0.9730995893478394,-1,0.0,purchase_intent,youtube,1,0,1
4123,0.8407758474349976,0.14337153732776642,0.015852583572268486,9,0.5682085431961343,churn_risk,youtube,3,0,1
4125,0.005723361391574144,0.01596827432513237,0.978308379650116,-1,0.0,purchase_intent,youtube,3,0,1
4127,0.5770103335380554,0.3842688500881195,0.03872078284621239,0,1.0,passive_browsing,youtube,8,0,1
4140,0.003871126566082239,0.011225312948226929,0.9849035739898682,-1,0.0,purchase_intent,youtube,0,0,1
4141,0.012727166526019573,0.030092976987361908,0.9571797847747803,0,0.7807285569287856,purchase_intent,youtube,0,0,1
4148,0.2803525924682617,0.4273771345615387,0.29227033257484436,-1,0.0,passive_browsing,youtube,2,0,1
4150,0.002800694899633527,0.008608244359493256,0.9885910153388977,-1,0.0,purchase_intent,youtube,0,0,1
4156,0.9321926832199097,0.060977935791015625,0.006829413119703531,0,1.0,churn_risk,youtube,3,0,1
4164,0.005346179008483887,0.10413914173841476,0.8905146718025208,30,0.37653926718163067,purchase_intent,youtube,1,0,1
4184,0.0022979537025094032,0.010546108707785606,0.9871559143066406,0,0.6516485544453342,purchase_intent,youtube,9,0,1
4204,0.0042337048798799515,0.012370639480650425,0.9833956956863403,-1,0.0,purchase_intent,youtube,2,0,1
4223,0.0030842474661767483,0.14027130603790283,0.8566443920135498,0,0.6553860276778197,purchase_intent,youtube,1,0,1
4225,0.0030702007934451103,0.051839157938957214,0.9450907111167908,-1,0.0,purchase_intent,youtube,1,0,1
4239,0.0024247020483016968,0.008419080637395382,0.9891562461853027,-1,0.0,purchase_intent,youtube,0,0,1
4243,0.3813599944114685,0.46423816680908203,0.15440185368061066,2,1.0,passive_browsing,youtube,139,3,3
4245,0.4748222231864929,0.44661882519721985,0.0785590186715126,2,1.0,passive_browsing,youtube,51,4,3
4246,0.039591096341609955,0.1651039719581604,0.7953049540519714,18,0.6270144476072623,purchase_intent,youtube,20,1,1
4247,0.3648255169391632,0.5642987489700317,0.07087572664022446,2,1.0,passive_browsing,youtube,21,0,2
4248,0.0054738507606089115,0.025082791224122047,0.9694433808326721,2,1.0,purchase_intent,youtube,16,1,2
4251,0.005470636300742626,0.02946300245821476,0.9650663733482361,2,1.0,purchase_intent,youtube,1,0,1
4253,0.00480297626927495,0.021303709596395493,0.9738933444023132,2,1.0,purchase_intent,youtube,1,0,2
4256,0.005068004596978426,0.012399514205753803,0.9825325012207031,0,1.0,purchase_intent,youtube,0,0,2
4262,0.4368124306201935,0.3041468858718872,0.2590406835079193,0,0.6335261847371055,passive_browsing,youtube,0,0,1
4263,0.08990010619163513,0.22430472075939178,0.6857951879501343,-1,0.0,passive_browsing,youtube,0,0,2
4265,0.07191092520952225,0.292654812335968,0.6354342699050903,2,1.0,purchase_intent,youtube,3,0,3
4272,0.007289067842066288,0.02168232761323452,0.9710285663604736,2,1.0,purchase_intent,youtube,0,0,2
4274,0.009362810291349888,0.048305120319128036,0.9423320889472961,2,1.0,purchase_intent,youtube,1,0,1
4277,0.8820964694023132,0.10955946147441864,0.008344109170138836,2,1.0,churn_risk,youtube,6,1,5
4280,0.06895432621240616,0.2740834951400757,0.6569621562957764,2,1.0,passive_browsing,youtube,1,0,1
4283,0.7024771571159363,0.27729588747024536,0.020226893946528435,2,1.0,churn_risk,youtube,69,3,5
4286,0.011816793121397495,0.07618999481201172,0.911993145942688,2,1.0,purchase_intent,youtube,0,0,2
4288,0.22774992883205414,0.4508552849292755,0.32139477133750916,2,1.0,passive_browsing,youtube,0,0,2
4291,0.017862610518932343,0.15214379131793976,0.8299935460090637,2,1.0,purchase_intent,youtube,0,0,1
4293,0.7940575480461121,0.19132137298583984,0.014621091075241566,2,1.0,churn_risk,youtube,1,0,1
4294,0.19264012575149536,0.6159800291061401,0.19137993454933167,2,1.0,passive_browsing,youtube,0,0,1
4295,0.27529487013816833,0.35841816663742065,0.3662869334220886,2,1.0,passive_browsing,youtube,0,0,4
4296,0.14387616515159607,0.7268468141555786,0.1292770802974701,-1,0.0,passive_browsing,youtube,0,0,4
4300,0.010694477707147598,0.2174684852361679,0.7718371152877808,2,0.8919778878915084,purchase_intent,youtube,0,0,2
4302,0.10202919691801071,0.6422431468963623,0.2557276785373688,-1,0.0,passive_browsing,youtube,0,0,1
4303,0.6066480278968811,0.2336360365152359,0.15971599519252777,2,1.0,passive_browsing,youtube,0,2,2
4307,0.05243377387523651,0.6990119814872742,0.24855424463748932,-1,0.0,passive_browsing,youtube,0,0,2
4309,0.7599501609802246,0.22255317866802216,0.01749659702181816,2,1.0,churn_risk,youtube,0,0,2
4310,0.9450730085372925,0.049396004527807236,0.005531055852770805,2,0.8350593934893902,churn_risk,youtube,0,0,1
4311,0.8488596081733704,0.1403057873249054,0.010834649205207825,2,1.0,churn_risk,youtube,1,0,2
4314,0.8450303077697754,0.14689067006111145,0.00807909481227398,2,1.0,churn_risk,youtube,1,0,1
4315,0.5132061243057251,0.47270122170448303,0.014092563651502132,-1,0.0,passive_browsing,youtube,0,0,1
4316,0.4559023380279541,0.47477415204048157,0.06932354718446732,2,1.0,passive_browsing,youtube,0,0,1
4317,0.9094671010971069,0.08269801735877991,0.007834856398403645,2,0.9422692014373414,churn_risk,youtube,0,0,3
4318,0.19581763446331024,0.6781483292579651,0.12603402137756348,25,0.27213538350047123,passive_browsing,youtube,0,0,1
4320,0.7406719326972961,0.24940787255764008,0.009920235723257065,2,1.0,churn_risk,youtube,0,0,1
4321,0.09093871712684631,0.5434600114822388,0.36560124158859253,2,1.0,passive_browsing,youtube,0,0,2
4324,0.7562694549560547,0.2222730815410614,0.02145746722817421,2,1.0,churn_risk,youtube,0,0,1
4325,0.7663955688476562,0.21326960623264313,0.02033473737537861,2,1.0,churn_risk,youtube,0,0,4
4352,0.005426471587270498,0.057974494993686676,0.9365990161895752,2,1.0,purchase_intent,youtube,2,0,3
4354,0.01555399876087904,0.10404616594314575,0.8803998231887817,2,1.0,purchase_intent,youtube,1,0,3
4366,0.004435712471604347,0.013373898342251778,0.9821903705596924,0,0.21293990895426632,purchase_intent,youtube,2,0,3
4384,0.007124518975615501,0.017829567193984985,0.9750459790229797,0,0.6470282977205382,purchase_intent,youtube,1,0,3
4390,0.009450854733586311,0.030235424637794495,0.9603136777877808,0,0.6438556244400121,purchase_intent,youtube,0,0,2
4392,0.004271618090569973,0.00889582745730877,0.9868326187133789,0,1.0,purchase_intent,youtube,1,0,1
4398,0.004338310565799475,0.014744214713573456,0.9809174537658691,2,1.0,purchase_intent,youtube,0,0,4
4407,0.004225199576467276,0.012348255142569542,0.983426570892334,0,0.7042442083628835,purchase_intent,youtube,1,0,1
4411,0.04884292557835579,0.7120450139045715,0.2391120344400406,2,1.0,passive_browsing,youtube,0,0,3
4418,0.0025175849441438913,0.010221821255981922,0.9872605800628662,0,1.0,purchase_intent,youtube,2,0,1
4420,0.38445359468460083,0.489801287651062,0.12574513256549835,2,1.0,passive_browsing,youtube,1,0,5
4427,0.006189512554556131,0.5304774045944214,0.46333304047584534,-1,0.0,passive_browsing,youtube,4363,195,1
4429,0.11258741468191147,0.39372414350509644,0.4936884641647339,-1,0.0,passive_browsing,youtube,5153,38,2
4432,0.6102002859115601,0.3051081895828247,0.08469157665967941,18,0.7636308770023585,passive_browsing,youtube,5295,44,3
4433,0.28316161036491394,0.5375084280967712,0.1793300062417984,-1,0.0,passive_browsing,youtube,2381,40,1
4434,0.914397656917572,0.07573246955871582,0.009869962930679321,18,0.6012657744936581,churn_risk,youtube,2322,31,3
4435,0.7489496469497681,0.22993431985378265,0.021116141229867935,19,0.40156745395825416,churn_risk,youtube,62,4,1
4436,0.6886627674102783,0.2884688675403595,0.02286835014820099,18,0.8625728661638242,passive_browsing,youtube,2352,41,3
4437,0.10726946592330933,0.322162002325058,0.5705685019493103,3,0.7370761708189759,passive_browsing,youtube,2921,10,2
4441,0.8216449022293091,0.15913014113903046,0.019224997609853745,18,0.4524543284047314,churn_risk,youtube,86,1,2
4444,0.008266931399703026,0.24967239797115326,0.742060661315918,2,1.0,purchase_intent,youtube,1834,8,2
4447,0.8306499123573303,0.14209112524986267,0.02725890465080738,-1,0.0,churn_risk,youtube,23,0,1
4448,0.012555364519357681,0.20760995149612427,0.7798346281051636,-1,0.0,purchase_intent,youtube,1271,10,2
4452,0.035851288586854935,0.2817143499851227,0.6824343800544739,18,1.0,passive_browsing,youtube,422,11,3
4454,0.8967889547348022,0.09496109932661057,0.008249850943684578,-1,0.0,churn_risk,youtube,84,2,1
4457,0.008918746374547482,0.03767887130379677,0.9534023404121399,18,1.0,purchase_intent,youtube,698,17,2
4458,0.5132007598876953,0.40032702684402466,0.08647217601537704,18,0.9816553796499602,passive_browsing,youtube,521,35,5
4464,0.045066095888614655,0.29204174876213074,0.6628921031951904,18,1.0,passive_browsing,youtube,213,9,2
4465,0.005544398911297321,0.01751747354865074,0.9769381284713745,19,1.0,purchase_intent,youtube,29,0,1
4466,0.06967829912900925,0.35977426171302795,0.5705474019050598,-1,0.0,passive_browsing,youtube,74,1,1
4468,0.35699740052223206,0.3911018371582031,0.2519007623195648,19,0.3437141864731756,passive_browsing,youtube,20,1,1
4471,0.004889060277491808,0.15760812163352966,0.8375027775764465,19,0.9534846669358368,purchase_intent,youtube,7,0,1
4478,0.40290457010269165,0.365768700838089,0.23132671415805817,18,0.6870704768873083,churn_risk,youtube,296,8,3
4480,0.02107766643166542,0.2487209290266037,0.7302014231681824,-1,0.0,purchase_intent,youtube,377,8,2
4482,0.16634106636047363,0.38527077436447144,0.4483882188796997,18,0.9250462868460189,purchase_intent,youtube,321,16,6
4485,0.0774599090218544,0.23913505673408508,0.6834050416946411,-1,0.0,passive_browsing,youtube,430,13,1
4486,0.01295348908752203,0.039042938500642776,0.9480035901069641,18,0.7772586484635826,purchase_intent,youtube,381,29,3
4488,0.931760311126709,0.06089302524924278,0.007346650585532188,5,0.9100572236545109,churn_risk,youtube,74,0,1
4489,0.013456102460622787,0.05413302034139633,0.9324108958244324,5,0.9220325309285922,purchase_intent,youtube,505,14,3
4490,0.33417582511901855,0.3645336329936981,0.30129051208496094,-1,0.0,passive_browsing,youtube,114,3,1
4492,0.029320579022169113,0.5869396328926086,0.3837398290634155,18,0.8275708947574624,passive_browsing,youtube,169,6,2
4493,0.016447974368929863,0.23373180627822876,0.7498202323913574,18,1.0,purchase_intent,youtube,155,7,1
4501,0.0075006368570029736,0.031961362808942795,0.9605380296707153,-1,0.0,purchase_intent,youtube,273,24,4
4503,0.01562882773578167,0.03968336060643196,0.9446878433227539,-1,0.0,purchase_intent,youtube,15,0,4
4504,0.004328463226556778,0.028194405138492584,0.9674770832061768,18,1.0,purchase_intent,youtube,115,7,5
4508,0.14807626605033875,0.4494086503982544,0.40251511335372925,18,1.0,passive_browsing,youtube,81,1,1
4511,0.012163498438894749,0.13620534539222717,0.8516311645507812,18,1.0,purchase_intent,youtube,87,3,2
4515,0.026760036125779152,0.11600162833929062,0.8572383522987366,-1,0.0,purchase_intent,youtube,19,1,1
4516,0.04375040903687477,0.14048399031162262,0.8157655596733093,2,1.0,purchase_intent,youtube,14,0,3
4518,0.8688656091690063,0.1156182587146759,0.01551611814647913,18,1.0,churn_risk,youtube,80,1,1
4523,0.03641942888498306,0.4686187505722046,0.4949618875980377,35,1.0,passive_browsing,youtube,184,1,4
4524,0.013786477036774158,0.45854565501213074,0.5276679396629333,-1,0.0,passive_browsing,youtube,54,1,3
4527,0.01152002066373825,0.9334560036659241,0.0550239123404026,-1,0.0,passive_browsing,youtube,173,14,1
4529,0.21454477310180664,0.1556852161884308,0.629770040512085,0,1.0,passive_browsing,youtube,2297,102,3
4530,0.0038260286673903465,0.018232515081763268,0.9779415130615234,2,1.0,purchase_intent,youtube,333,10,2
4532,0.010273127816617489,0.20942361652851105,0.7803032398223877,-1,0.0,purchase_intent,youtube,40,1,1
4533,0.014257783070206642,0.040925588458776474,0.9448165893554688,0,0.6893968713333342,purchase_intent,youtube,499,7,3
4534,0.0038518793880939484,0.011050563305616379,0.9850975275039673,0,0.8366401122366035,purchase_intent,youtube,61,2,2
4536,0.4411410689353943,0.38687825202941895,0.17198070883750916,-1,0.0,passive_browsing,youtube,31,1,2
4537,0.017802270129323006,0.13455887138843536,0.8476388454437256,0,1.0,purchase_intent,youtube,81,1,2
4538,0.010709196329116821,0.06493742018938065,0.9243534207344055,0,1.0,purchase_intent,youtube,298,4,2
4539,0.052885934710502625,0.09852240979671478,0.848591685295105,0,0.741483284777785,purchase_intent,youtube,19,1,2
4541,0.008839956484735012,0.4298163950443268,0.5613437294960022,0,0.7265785142031882,passive_browsing,youtube,96,1,1
4543,0.007289648521691561,0.031005023047327995,0.9617052674293518,0,0.42902852313437334,purchase_intent,youtube,57,1,1
4545,0.0023845136165618896,0.010745407082140446,0.9868701100349426,-1,0.0,purchase_intent,youtube,12,2,2
4548,0.004950252361595631,0.011255349963903427,0.9837943911552429,0,1.0,purchase_intent,youtube,14,1,1
4549,0.2526248097419739,0.3432151973247528,0.4041600227355957,0,0.5313759601736766,passive_browsing,youtube,24,3,1
4550,0.0040728263556957245,0.01335939671844244,0.9825678467750549,0,1.0,purchase_intent,youtube,10,1,3
4551,0.013906348496675491,0.11930415034294128,0.8667894601821899,2,1.0,purchase_intent,youtube,40,1,5
4554,0.0074765984900295734,0.034916725009679794,0.9576067328453064,0,0.6854263750609808,purchase_intent,youtube,35,3,1
4561,0.004431805573403835,0.009349312633275986,0.9862188696861267,2,1.0,purchase_intent,youtube,1,1,3
4562,0.003554064081981778,0.011406449601054192,0.985039472579956,0,1.0,purchase_intent,youtube,7,1,1
4568,0.004712746478617191,0.016519246622920036,0.9787680506706238,2,1.0,purchase_intent,youtube,4,1,2
4571,0.010362448170781136,0.0638384222984314,0.9257991909980774,0,0.9782445739241646,purchase_intent,youtube,1,1,2
4573,0.0036617571022361517,0.013183859176933765,0.9831543564796448,0,0.23764871455852085,purchase_intent,youtube,1,1,2
4578,0.0033736894838511944,0.016362305730581284,0.9802639484405518,0,0.7328081891078752,purchase_intent,youtube,4,1,1
4580,0.0026341332122683525,0.03428215906023979,0.9630836844444275,0,0.5958655459104204,purchase_intent,youtube,19,2,3
4581,0.006832207553088665,0.05938426032662392,0.9337835311889648,-1,0.0,purchase_intent,youtube,0,1,1
4584,0.007102729752659798,0.010237517766654491,0.9826598167419434,0,0.6790815435247588,purchase_intent,youtube,3,1,1
4586,0.013090756721794605,0.06443706899881363,0.9224721789360046,0,0.2993350319503025,purchase_intent,youtube,16,2,2
4588,0.023524679243564606,0.30410751700401306,0.6723678708076477,0,0.35364701669023024,passive_browsing,youtube,3,2,2
4591,0.003077251138165593,0.012495244853198528,0.9844275116920471,0,1.0,purchase_intent,youtube,0,1,2
4592,0.02010943926870823,0.1148131787776947,0.8650773763656616,0,1.0,purchase_intent,youtube,3,1,3
4593,0.00276907323859632,0.047467779368162155,0.9497631192207336,2,1.0,purchase_intent,youtube,1,1,2
4594,0.0019755957182496786,0.016722964122891426,0.9813014268875122,0,0.960558121050322,purchase_intent,youtube,17,2,1
4596,0.003452288918197155,0.010467450134456158,0.9860802292823792,0,0.23891213149021487,purchase_intent,youtube,9,1,1
4600,0.003929378930479288,0.02070697955787182,0.9753636121749878,0,0.768623795242346,purchase_intent,youtube,44,2,1
4601,0.0047296686097979546,0.11124980449676514,0.8840205669403076,0,1.0,purchase_intent,youtube,69,2,5
4603,0.0029423246160149574,0.00819818302989006,0.9888595342636108,0,0.9875463931521602,purchase_intent,youtube,3,1,1
4607,0.0067424834705889225,0.11604166030883789,0.8772158622741699,0,1.0,purchase_intent,youtube,6,1,1
4611,0.0035180021077394485,0.0233608428388834,0.973121166229248,0,0.6979634184667037,purchase_intent,youtube,8,1,1
4612,0.0038836279418319464,0.009107250720262527,0.9870091080665588,-1,0.0,purchase_intent,youtube,1,1,1
4616,0.0033313592430204153,0.011202382855117321,0.9854662418365479,0,1.0,purchase_intent,youtube,1,1,2
4627,0.6652142405509949,0.2869057357311249,0.047880079597234726,2,1.0,passive_browsing,youtube,9605,8,1
4629,0.3958851099014282,0.466518372297287,0.1375965029001236,2,0.8086150937730489,passive_browsing,youtube,5721,73,1
4631,0.0031006713397800922,0.014110819436609745,0.9827885031700134,-1,0.0,purchase_intent,youtube,664,0,1
4632,0.03357543423771858,0.11111459881067276,0.8553099632263184,2,0.9920014235318778,purchase_intent,youtube,588,0,1
4633,0.14277514815330505,0.7091760039329529,0.14804889261722565,2,1.0,passive_browsing,youtube,1310,15,1
4636,0.5955955386161804,0.3644977807998657,0.03990667685866356,-1,0.0,passive_browsing,youtube,78,0,2
4638,0.088291235268116,0.7197950482368469,0.19191375374794006,2,1.0,passive_browsing,youtube,104,0,1
4639,0.03900015354156494,0.8195609450340271,0.14143884181976318,-1,0.0,passive_browsing,youtube,52,8,1
4643,0.3801753520965576,0.41756293177604675,0.20226168632507324,-1,0.0,passive_browsing,youtube,17,0,1
4647,0.413249671459198,0.4910907447338104,0.09565955400466919,-1,0.0,passive_browsing,youtube,43,0,1
4648,0.09334035217761993,0.2959723472595215,0.6106873750686646,2,1.0,passive_browsing,youtube,13,1,2
4651,0.8768600821495056,0.10390911251306534,0.019230924546718597,-1,0.0,churn_risk,youtube,265,13,2
4652,0.60223388671875,0.33405110239982605,0.06371503323316574,2,1.0,passive_browsing,youtube,39,2,1
4655,0.17027218639850616,0.14312855899333954,0.6865992546081543,-1,0.0,passive_browsing,youtube,38,1,1
4656,0.003863206133246422,0.014389955438673496,0.9817469120025635,2,1.0,purchase_intent,youtube,50,2,1
4658,0.7856048345565796,0.18887504935264587,0.02552020736038685,-1,0.0,churn_risk,youtube,45,5,1
4659,0.6816555261611938,0.2759188711643219,0.04242562875151634,2,1.0,passive_browsing,youtube,36,0,2
4660,0.8995020985603333,0.08877690136432648,0.011721027083694935,2,1.0,churn_risk,youtube,8,0,3
4661,0.7148396372795105,0.2701708674430847,0.014989501796662807,2,0.8473285323998251,churn_risk,youtube,7,0,2
4662,0.13207145035266876,0.49869051575660706,0.3692379891872406,2,1.0,passive_browsing,youtube,20,2,3
4664,0.7803715467453003,0.21151822805404663,0.008110251277685165,2,1.0,churn_risk,youtube,14,6,1
4665,0.6004437208175659,0.37985366582870483,0.019702713936567307,2,0.8664636778840645,passive_browsing,youtube,24,1,2
4666,0.6498134732246399,0.29921382665634155,0.05097268894314766,2,0.9778129011351818,passive_browsing,youtube,103,13,1
4667,0.4845994710922241,0.4570513963699341,0.058349087834358215,-1,0.0,passive_browsing,youtube,5,0,1
4668,0.8152483701705933,0.17202316224575043,0.012728468514978886,2,1.0,churn_risk,youtube,158,2,2
4672,0.7679229974746704,0.2175506204366684,0.014526431448757648,2,1.0,churn_risk,youtube,38,5,1
4674,0.008145171217620373,0.0236706230789423,0.9681841731071472,-1,0.0,purchase_intent,youtube,6,1,2
4675,0.7761026620864868,0.19113388657569885,0.03276341035962105,-1,0.0,churn_risk,youtube,2,0,1
4680,0.29227858781814575,0.6212285161018372,0.08649289608001709,2,1.0,passive_browsing,youtube,2,0,1
4682,0.07557794451713562,0.7861003279685974,0.13832171261310577,-1,0.0,passive_browsing,youtube,27,4,1
4685,0.10211744904518127,0.3336731791496277,0.5642093420028687,2,1.0,passive_browsing,youtube,1,0,2
4687,0.0612616129219532,0.5011746287345886,0.43756380677223206,31,1.0,passive_browsing,youtube,2,0,1
4689,0.14893320202827454,0.398724228143692,0.45234256982803345,2,0.84725206725745,passive_browsing,youtube,1,0,2
4690,0.9034823775291443,0.09056128561496735,0.005956282373517752,-1,0.0,churn_risk,youtube,6,1,1
4692,0.06287112832069397,0.7362151741981506,0.20091374218463898,2,1.0,passive_browsing,youtube,1,0,1
4693,0.8703423142433167,0.11924442648887634,0.01041322574019432,2,1.0,churn_risk,youtube,1,0,1
4698,0.023081595078110695,0.4768695533275604,0.5000488758087158,-1,0.0,passive_browsing,youtube,3,1,1
4701,0.8546242713928223,0.1349962204694748,0.010379580780863762,2,1.0,churn_risk,youtube,2,0,1
4702,0.7954067587852478,0.1934283822774887,0.011164885945618153,2,1.0,churn_risk,youtube,21,2,4
4703,0.5574221014976501,0.35225164890289307,0.09032619744539261,-1,0.0,passive_browsing,youtube,0,0,1
4707,0.039582084864377975,0.2697436213493347,0.6906743049621582,-1,0.0,passive_browsing,youtube,1,0,1
4712,0.7839301824569702,0.19934380054473877,0.01672600395977497,-1,0.0,churn_risk,youtube,43,7,1
4715,0.46210426092147827,0.3963905870914459,0.1415051966905594,2,1.0,passive_browsing,youtube,3,0,1
4719,0.7551780939102173,0.22905154526233673,0.01577039435505867,2,1.0,churn_risk,youtube,2,0,2
4720,0.010145331732928753,0.0413551926612854,0.9484994411468506,-1,0.0,purchase_intent,youtube,3,1,3
4722,0.3741729259490967,0.5353760123252869,0.09045111387968063,2,1.0,passive_browsing,youtube,3,0,1
4723,0.04012294486165047,0.47758615016937256,0.48229095339775085,2,1.0,passive_browsing,youtube,1,0,1
4725,0.00313997408375144,0.04825422540307045,0.9486057758331299,-1,0.0,purchase_intent,youtube,164,8,1
4726,0.6325802206993103,0.32019197940826416,0.04722791165113449,2,1.0,passive_browsing,youtube,160,4,3
4727,0.0058279684744775295,0.021734485402703285,0.9724375605583191,0,1.0,purchase_intent,youtube,37,0,2
4729,0.00835629552602768,0.041935086250305176,0.9497085809707642,2,1.0,purchase_intent,youtube,23,1,4
4731,0.017186157405376434,0.08007438480854034,0.9027394652366638,2,1.0,purchase_intent,youtube,14,0,4
4732,0.0050784628838300705,0.008927195332944393,0.9859943389892578,0,1.0,purchase_intent,youtube,19,0,3
4734,0.004953443072736263,0.0260128453373909,0.9690337181091309,2,1.0,purchase_intent,youtube,2,0,2
4735,0.02132941037416458,0.17129023373126984,0.8073803782463074,2,1.0,purchase_intent,youtube,1,0,3
4736,0.020810995250940323,0.13337118923664093,0.8458178043365479,2,1.0,purchase_intent,youtube,1,0,2
4737,0.00840778835117817,0.08748048543930054,0.9041117429733276,2,1.0,purchase_intent,youtube,3,0,2
4738,0.006456086877733469,0.040410470217466354,0.9531334042549133,2,1.0,purchase_intent,youtube,0,0,3
4739,0.004429913125932217,0.028116321191191673,0.9674537777900696,2,1.0,purchase_intent,youtube,1,0,3
4740,0.004014167003333569,0.009675811976194382,0.9863100051879883,0,1.0,purchase_intent,youtube,3,0,4
4742,0.017170922830700874,0.10328368097543716,0.8795453906059265,2,1.0,purchase_intent,youtube,0,0,4
4743,0.024393167346715927,0.10383075475692749,0.8717761039733887,2,1.0,purchase_intent,youtube,1,1,1
4744,0.2631880044937134,0.4047446846961975,0.3320673406124115,2,1.0,passive_browsing,youtube,3,0,1
4746,0.005134849809110165,0.04404133930802345,0.9508238434791565,2,1.0,purchase_intent,youtube,0,0,1
4747,0.0037556951865553856,0.014022629708051682,0.9822216629981995,-1,0.0,purchase_intent,youtube,15,2,3
4748,0.013190925121307373,0.11312510073184967,0.8736839890480042,2,1.0,purchase_intent,youtube,0,0,2
4752,0.003541928716003895,0.006472536828368902,0.9899855852127075,0,1.0,purchase_intent,youtube,1,0,1
4753,0.004621519707143307,0.01900956593453884,0.9763689041137695,0,0.873622521630678,purchase_intent,youtube,0,0,1
4755,0.04554537683725357,0.5686076879501343,0.38584694266319275,0,1.0,passive_browsing,youtube,0,0,1
4775,0.4437884986400604,0.44009625911712646,0.11611533164978027,2,1.0,passive_browsing,youtube,1,0,5
4780,0.9223873019218445,0.07144937664270401,0.006163279991596937,2,1.0,churn_risk,youtube,3,1,2
4782,0.903671383857727,0.08979810029268265,0.0065306187607347965,2,1.0,churn_risk,youtube,1,0,2
4785,0.8749942779541016,0.11671063303947449,0.00829500611871481,-1,0.0,churn_risk,youtube,2,1,9
4786,0.25195881724357605,0.5140359401702881,0.23400528728961945,2,1.0,passive_browsing,youtube,17,0,2
4793,0.004143925383687019,0.012419197708368301,0.9834368228912354,0,0.6779580766563331,purchase_intent,youtube,19,0,2
4794,0.3186044692993164,0.3428107500076294,0.3385847210884094,0,1.0,passive_browsing,youtube,19,0,2
4795,0.7031985521316528,0.2749617397785187,0.02183973416686058,2,1.0,churn_risk,youtube,17,3,5
4798,0.008749017491936684,0.03459371626377106,0.9566572904586792,0,1.0,purchase_intent,youtube,4,0,2
4801,0.15435071289539337,0.5196616053581238,0.32598766684532166,-1,0.0,passive_browsing,youtube,6,0,2
4802,0.819890558719635,0.16296233236789703,0.017147088423371315,2,1.0,churn_risk,youtube,15,0,2
4803,0.8747031688690186,0.11008596420288086,0.015210900455713272,2,1.0,churn_risk,youtube,47,2,2
4809,0.00391436368227005,0.023823047056794167,0.9722626209259033,0,1.0,purchase_intent,youtube,1,0,2
4813,0.011579016223549843,0.11356654763221741,0.8748543858528137,2,1.0,purchase_intent,youtube,0,0,2
4815,0.5414264798164368,0.4101375639438629,0.048435959964990616,2,1.0,passive_browsing,youtube,2,0,5
4823,0.005757121369242668,0.010378653183579445,0.9838641881942749,0,1.0,purchase_intent,youtube,0,0,4
4827,0.9344757795333862,0.06003396213054657,0.005490220617502928,43,1.0,churn_risk,youtube,2,0,2
4829,0.006193500477820635,0.010276307351887226,0.9835302233695984,2,1.0,purchase_intent,youtube,0,0,2
4831,0.5799119472503662,0.22743166983127594,0.19265636801719666,2,1.0,passive_browsing,youtube,0,0,2
4833,0.11134158074855804,0.21895340085029602,0.6697049736976624,2,1.0,purchase_intent,youtube,0,0,5
4835,0.022119274362921715,0.12950538098812103,0.8483753204345703,1,0.9931772793645989,purchase_intent,youtube,1,0,3
4840,0.009727141819894314,0.06899081915616989,0.9212819933891296,2,1.0,purchase_intent,youtube,0,0,1
4844,0.3572688400745392,0.6032084226608276,0.03952275589108467,2,1.0,passive_browsing,youtube,0,0,1
4847,0.7848550081253052,0.17423680424690247,0.04090816527605057,2,1.0,churn_risk,youtube,0,0,3
4848,0.8985503315925598,0.09131337702274323,0.010136280208826065,-1,0.0,churn_risk,youtube,0,0,3
4852,0.9131553173065186,0.08100363612174988,0.00584103399887681,2,1.0,churn_risk,youtube,0,0,1
4855,0.032762568444013596,0.21600297093391418,0.7512344121932983,-1,0.0,purchase_intent,youtube,0,0,3
4856,0.8924760222434998,0.09549040347337723,0.012033630162477493,2,0.9648743156199078,churn_risk,youtube,0,0,4
4857,0.5782010555267334,0.3557582497596741,0.06604070961475372,2,0.8708542231803524,passive_browsing,youtube,0,0,1
4858,0.7887566685676575,0.1883002668619156,0.02294306829571724,9,1.0,churn_risk,youtube,0,0,4
4860,0.8719373941421509,0.11746346950531006,0.010599127970635891,2,1.0,churn_risk,youtube,0,0,1
4862,0.5909286737442017,0.3356764018535614,0.07339487969875336,2,1.0,passive_browsing,youtube,0,0,1
4863,0.06617347151041031,0.33868828415870667,0.5951382517814636,2,1.0,passive_browsing,youtube,0,0,4
4873,0.036833085119724274,0.608315110206604,0.3548518121242523,2,1.0,passive_browsing,youtube,0,0,5
4874,0.6131817698478699,0.24664390087127686,0.14017429947853088,0,0.6614163248605542,passive_browsing,youtube,0,0,1
4876,0.9201236367225647,0.07453565299510956,0.005340677220374346,-1,0.0,churn_risk,youtube,0,0,2
4877,0.7023793458938599,0.2167782187461853,0.08084245771169662,0,0.9639619599835761,churn_risk,youtube,0,0,4
4879,0.006914996542036533,0.06456311792135239,0.9285218119621277,2,1.0,purchase_intent,youtube,43,2,3
4882,0.004915599711239338,0.08965557813644409,0.9054288268089294,0,0.33587572932749254,purchase_intent,youtube,11,1,2
4887,0.010898767039179802,0.3439294695854187,0.6451717019081116,0,0.5457096366122439,passive_browsing,youtube,0,3,1
4889,0.8743960857391357,0.1175282746553421,0.008075566031038761,2,1.0,churn_risk,youtube,0,1,2
4893,0.01575075089931488,0.14337143301963806,0.8408778309822083,2,1.0,purchase_intent,youtube,0,1,2
4894,0.4673405885696411,0.4773672819137573,0.055292125791311264,3,1.0,passive_browsing,youtube,308,3,4
4895,0.02072666771709919,0.8944575190544128,0.08481574058532715,-1,0.0,passive_browsing,youtube,399,16,1
4896,0.9266106486320496,0.06695317476987839,0.006436207797378302,3,1.0,churn_risk,youtube,25,0,6
4898,0.007188236340880394,0.24201743304729462,0.7507943511009216,3,0.505336754048323,purchase_intent,youtube,19,2,6
4902,0.06405728310346603,0.5652619004249573,0.3706807494163513,3,0.6567622242384544,passive_browsing,youtube,5,0,5
4905,0.5844409465789795,0.25181540846824646,0.16374361515045166,-1,0.0,churn_risk,youtube,11,0,1
4907,0.31774747371673584,0.6220664381980896,0.06018616631627083,3,0.5202564256739215,passive_browsing,youtube,4,0,2
4908,0.8880721926689148,0.10213445872068405,0.009793363511562347,-1,0.0,churn_risk,youtube,3,0,10
4909,0.016868632286787033,0.16200479865074158,0.8211265802383423,-1,0.0,purchase_intent,youtube,1,0,2
4910,0.04782083258032799,0.8383194804191589,0.1138596385717392,3,1.0,passive_browsing,youtube,0,0,3
4911,0.6780169010162354,0.30170491337776184,0.020278163254261017,3,1.0,passive_browsing,youtube,0,0,5
4912,0.7992258071899414,0.18848152458667755,0.012292648665606976,-1,0.0,churn_risk,youtube,0,0,2
4913,0.023926233872771263,0.793773353099823,0.18230040371418,-1,0.0,passive_browsing,youtube,0,0,1
4915,0.9125059843063354,0.0820847600698471,0.005409286357462406,3,1.0,churn_risk,youtube,0,1,4
4917,0.8423278331756592,0.14861898124217987,0.00905313529074192,2,1.0,churn_risk,youtube,0,0,2
4918,0.29945576190948486,0.6540245413780212,0.04651976004242897,3,0.867982742008561,passive_browsing,youtube,0,0,4
4919,0.035820797085762024,0.893567681312561,0.07061152160167694,3,0.6261056602694939,passive_browsing,youtube,0,0,4
4923,0.8863495588302612,0.10392162948846817,0.009728817269206047,-1,0.0,churn_risk,youtube,0,0,2
4924,0.5797020196914673,0.39361637830734253,0.02668164297938347,3,0.9331664405147283,churn_risk,youtube,0,0,1
4925,0.6930646896362305,0.2888753116130829,0.018059978261590004,3,1.0,passive_browsing,youtube,0,0,1
4926,0.15389031171798706,0.7423630952835083,0.10374659299850464,6,0.8673221408120156,passive_browsing,youtube,0,0,3
4928,0.41853901743888855,0.541362464427948,0.040098559111356735,8,0.5645046220768382,passive_browsing,youtube,0,0,2
4929,0.01544414646923542,0.9368827939033508,0.0476730540394783,3,0.6840225177249094,passive_browsing,youtube,0,1,1
4930,0.011232836171984673,0.8149776458740234,0.17378954589366913,3,0.8190415276803358,passive_browsing,youtube,0,0,1
4932,0.7603022456169128,0.21219122409820557,0.027506506070494652,3,0.8102391533031728,churn_risk,youtube,0,0,4
4933,0.03676242008805275,0.234010711312294,0.7292268872261047,-1,0.0,purchase_intent,youtube,0,0,4
4937,0.7806040644645691,0.1989087462425232,0.02048717811703682,-1,0.0,churn_risk,youtube,0,0,1
4938,0.8709730505943298,0.1141899898648262,0.01483689434826374,-1,0.0,churn_risk,youtube,0,0,3
4949,0.004213832784444094,0.5988270044326782,0.3969591557979584,22,1.0,passive_browsing,youtube,4,1,6
4950,0.021918347105383873,0.2708219587802887,0.7072597146034241,0,0.9795267266473412,purchase_intent,youtube,80,6,3
4951,0.003531402675434947,0.010162776336073875,0.986305832862854,0,0.9528745918588332,purchase_intent,youtube,3,0,1
4952,0.789216935634613,0.19903644919395447,0.011746619828045368,-1,0.0,churn_risk,youtube,24,2,6
4953,0.1938842236995697,0.7258360385894775,0.08027978986501694,15,0.9865096415944716,passive_browsing,youtube,14,1,1
4954,0.8948907852172852,0.09847141802310944,0.006637837737798691,-1,0.0,churn_risk,youtube,36,0,1
4955,0.7210560441017151,0.2589663565158844,0.019977597519755363,9,1.0,churn_risk,youtube,4,0,3
4956,0.006431591231375933,0.02178686112165451,0.9717815518379211,15,1.0,purchase_intent,youtube,2,0,4
4957,0.8624288439750671,0.12703491747379303,0.010536269284784794,-1,0.0,churn_risk,youtube,10,0,12
4958,0.08358276635408401,0.7582370638847351,0.1581801325082779,15,0.8520581046521895,passive_browsing,youtube,45,4,1
4959,0.06397389620542526,0.7384809851646423,0.19754508137702942,-1,0.0,passive_browsing,youtube,1,0,1
4960,0.0179740097373724,0.09916005283594131,0.8828659057617188,0,0.814637610688053,purchase_intent,youtube,7,1,9
4961,0.004447772167623043,0.18233387172222137,0.8132182955741882,-1,0.0,purchase_intent,youtube,9,2,5
4962,0.04236488416790962,0.23657307028770447,0.7210620641708374,-1,0.0,purchase_intent,youtube,3,0,4
4963,0.9352477192878723,0.059540826827287674,0.0052114673890173435,2,1.0,churn_risk,youtube,14,0,10
4964,0.005800266750156879,0.08708346635103226,0.9071162343025208,-1,0.0,purchase_intent,youtube,22,1,3
4968,0.012958139181137085,0.08939527720212936,0.8976466059684753,0,0.9519098577881182,purchase_intent,youtube,12,0,1
4971,0.7257999181747437,0.25864163041114807,0.015558506362140179,0,0.6048417750696568,churn_risk,youtube,0,0,1
4972,0.010522237978875637,0.01991337351500988,0.9695643782615662,24,1.0,purchase_intent,youtube,0,0,1
4973,0.479909747838974,0.49381980299949646,0.02627037838101387,-1,0.0,passive_browsing,youtube,19,2,1
4974,0.04009123891592026,0.9067907333374023,0.053118035197257996,-1,0.0,passive_browsing,youtube,0,0,1
4975,0.004596523940563202,0.05826236307621002,0.9371411204338074,-1,0.0,purchase_intent,youtube,1,0,3
4976,0.9507762789726257,0.04436234384775162,0.004861332476139069,15,1.0,churn_risk,youtube,1,0,2
4977,0.928396999835968,0.06547658890485764,0.006126470398157835,4,1.0,churn_risk,youtube,0,0,3
4979,0.8286668062210083,0.16107113659381866,0.010262064635753632,0,1.0,churn_risk,youtube,0,0,2
4980,0.045933160930871964,0.8430795669555664,0.11098732054233551,-1,0.0,passive_browsing,youtube,0,0,2
4981,0.8081147074699402,0.15550021827220917,0.03638504818081856,15,0.5651391904141547,churn_risk,youtube,2,1,4
4982,0.7655759453773499,0.21679545938968658,0.01762862503528595,-1,0.0,churn_risk,youtube,0,0,4
4983,0.9337969422340393,0.060735441744327545,0.0054675862193107605,-1,0.0,churn_risk,youtube,0,0,3
4984,0.25432485342025757,0.6070987582206726,0.13857637345790863,-1,0.0,passive_browsing,youtube,2,0,8
4986,0.9106907844543457,0.07990291714668274,0.009406346827745438,0,0.42707364391783487,churn_risk,youtube,0,0,4
4988,0.35951897501945496,0.6069657206535339,0.03351537138223648,0,1.0,passive_browsing,youtube,0,0,5
4989,0.8276047110557556,0.16296376287937164,0.009431525133550167,-1,0.0,churn_risk,youtube,0,0,1
4992,0.05947231501340866,0.2523152828216553,0.6882123351097107,4,1.0,passive_browsing,youtube,2,1,2
4993,0.0534203015267849,0.8808102607727051,0.06576943397521973,-1,0.0,passive_browsing,youtube,0,0,1
4994,0.8513980507850647,0.13312312960624695,0.015478797256946564,12,0.8374201169464329,churn_risk,youtube,0,0,3
4995,0.017254076898097992,0.9151628613471985,0.0675830990076065,15,0.5132202227988023,passive_browsing,youtube,4,2,3
4996,0.871305525302887,0.116714708507061,0.011979799717664719,15,0.38089236295634193,churn_risk,youtube,1,0,5
4997,0.007039844524115324,0.019713101908564568,0.9732470512390137,-1,0.0,purchase_intent,youtube,1,0,3
4998,0.6717155575752258,0.20523731410503387,0.1230471283197403,-1,0.0,passive_browsing,youtube,0,0,2
4999,0.006328989751636982,0.16383832693099976,0.8298326134681702,3,1.0,purchase_intent,youtube,2,2,1
5000,0.8883439302444458,0.10327617079019547,0.008379842154681683,4,1.0,churn_risk,youtube,0,0,7
5001,0.8925203084945679,0.09822171926498413,0.009257979691028595,25,0.36739315364550695,churn_risk,youtube,2,0,1
5002,0.44396770000457764,0.282773494720459,0.27325886487960815,2,1.0,passive_browsing,youtube,1,1,2
5003,0.20309601724147797,0.7737042307853699,0.02319972775876522,34,1.0,passive_browsing,youtube,0,0,1
5006,0.010623440146446228,0.7785019874572754,0.21087461709976196,4,1.0,passive_browsing,youtube,1,0,1
5008,0.05688725411891937,0.8643665313720703,0.07874621450901031,3,0.6184575519891207,passive_browsing,youtube,0,0,1
5009,0.7563106417655945,0.21072109043598175,0.032968245446681976,-1,0.0,churn_risk,youtube,0,2,1
5010,0.9241719245910645,0.06862212717533112,0.00720592588186264,-1,0.0,churn_risk,youtube,0,0,6
5011,0.026058314368128777,0.23555977642536163,0.7383819222450256,15,0.21858308366960436,purchase_intent,youtube,7,1,2
5012,0.22462548315525055,0.7537660002708435,0.021608559414744377,15,1.0,passive_browsing,youtube,2,2,1
5013,0.005707597825676203,0.750669002532959,0.24362340569496155,15,0.3225820259918437,passive_browsing,youtube,0,0,2
5015,0.817186176776886,0.1711421012878418,0.011671691201627254,-1,0.0,churn_risk,youtube,0,0,3
5017,0.6404758095741272,0.32384905219078064,0.03567511960864067,0,0.6261980638658644,passive_browsing,youtube,0,0,4
5018,0.910394012928009,0.08148748427629471,0.008118463680148125,15,1.0,churn_risk,youtube,0,0,3
5020,0.005293216090649366,0.028766093775629997,0.9659407138824463,4,1.0,purchase_intent,youtube,11,4,3
5022,0.0795699805021286,0.8774003386497498,0.04302963986992836,4,1.0,passive_browsing,youtube,2,1,1
5023,0.9400691390037537,0.055427514016628265,0.004503314383327961,4,1.0,churn_risk,youtube,0,0,2
5024,0.47331205010414124,0.5038047432899475,0.022883271798491478,15,0.5530992405780659,passive_browsing,youtube,0,0,7
5025,0.9078004360198975,0.08131185173988342,0.010887684300541878,-1,0.0,churn_risk,youtube,0,0,2
5026,0.8433865904808044,0.1397814303636551,0.016832057386636734,-1,0.0,churn_risk,youtube,1,0,5
5028,0.5917937755584717,0.3731769621372223,0.03502926602959633,-1,0.0,passive_browsing,youtube,1,0,6
5030,0.9371575713157654,0.056366655975580215,0.006475742440670729,-1,0.0,churn_risk,youtube,1,0,2
5033,0.939887523651123,0.05501820147037506,0.0050942315720021725,2,1.0,churn_risk,youtube,1,0,9
5035,0.044191427528858185,0.3079938590526581,0.6478146910667419,15,1.0,purchase_intent,youtube,1,0,6
5036,0.860848069190979,0.13016445934772491,0.008987432345747948,2,1.0,churn_risk,youtube,2,0,2
5038,0.9141441583633423,0.07713373005390167,0.008722149766981602,19,0.6799955212404718,churn_risk,youtube,1,0,2
5241,0.8181495666503906,0.1740022450685501,0.007848083972930908,4,1.0,churn_risk,youtube,198,18,6
5242,0.004088067915290594,0.011845794506371021,0.9840661287307739,-1,0.0,purchase_intent,youtube,90,9,1
5243,0.0073600937612354755,0.014822042547166348,0.9778178930282593,24,1.0,purchase_intent,youtube,19,2,2
5244,0.052682388573884964,0.18702049553394318,0.7602971196174622,4,1.0,purchase_intent,youtube,8,0,4
5246,0.003311610547825694,0.005376735236495733,0.9913116693496704,4,1.0,purchase_intent,youtube,1,0,3
5248,0.1258193403482437,0.8408090472221375,0.033371586352586746,4,0.7413076698421546,passive_browsing,youtube,0,0,2
5249,0.8675637245178223,0.11866754293441772,0.013768681325018406,4,0.9282386852876355,churn_risk,youtube,2,0,1
5250,0.20955878496170044,0.6026921272277832,0.18774913251399994,0,1.0,passive_browsing,youtube,4,0,2
5253,0.02141803689301014,0.9103654623031616,0.06821642071008682,4,0.7047346973772565,passive_browsing,youtube,0,1,2
5255,0.09687687456607819,0.698967695236206,0.20415547490119934,4,1.0,passive_browsing,youtube,0,0,8
5257,0.14754745364189148,0.805899441242218,0.04655309021472931,8,1.0,passive_browsing,youtube,1,5,1
5259,0.9369645714759827,0.05625195428729057,0.006783429998904467,-1,0.0,churn_risk,youtube,8,3,3
5260,0.04152500629425049,0.8565239310264587,0.10195106267929077,4,1.0,passive_browsing,youtube,0,0,2
5264,0.004033572971820831,0.03879784792661667,0.9571685791015625,2,1.0,purchase_intent,youtube,0,0,1
5265,0.8309952616691589,0.16183443367481232,0.007170290220528841,4,1.0,churn_risk,youtube,1,0,2
5267,0.8871094584465027,0.10540076345205307,0.00748977018520236,4,0.614273943970545,churn_risk,youtube,1,0,2
5271,0.0038841082714498043,0.18753328919410706,0.808582603931427,0,0.9297904011475906,purchase_intent,youtube,0,0,1
5272,0.01602291688323021,0.0683833509683609,0.915593683719635,-1,0.0,purchase_intent,youtube,8,2,3
5273,0.05851206183433533,0.7159308195114136,0.2255571037530899,4,1.0,passive_browsing,youtube,0,1,3
5275,0.23547445237636566,0.6953520774841309,0.06917346268892288,9,0.455224713906672,passive_browsing,youtube,4,1,1
5276,0.634001612663269,0.3106449246406555,0.05535347759723663,9,0.4853427780801426,passive_browsing,youtube,0,0,6
5277,0.8618415594100952,0.12852630019187927,0.009632116183638573,-1,0.0,churn_risk,youtube,0,0,4
5280,0.9340094923973083,0.05646321550011635,0.009527417831122875,5,0.752123893543431,churn_risk,youtube,0,0,1
5281,0.06300359964370728,0.17999961972236633,0.756996750831604,4,1.0,purchase_intent,youtube,1,3,1
5282,0.26770251989364624,0.44642263650894165,0.2858748137950897,4,1.0,passive_browsing,youtube,0,0,2
5284,0.11369979381561279,0.7556776404380798,0.13062256574630737,-1,0.0,passive_browsing,youtube,0,0,1
5286,0.8193526864051819,0.1663241982460022,0.014323217794299126,0,1.0,churn_risk,youtube,0,1,2
5289,0.023571373894810677,0.9020049571990967,0.07442370802164078,4,1.0,passive_browsing,youtube,3,5,2
5290,0.44209691882133484,0.5179933309555054,0.039909761399030685,-1,0.0,passive_browsing,youtube,0,0,3
5291,0.13872134685516357,0.5744228959083557,0.2868557274341583,4,1.0,passive_browsing,youtube,0,0,2
5293,0.5620613098144531,0.40424033999443054,0.03369833528995514,-1,0.0,passive_browsing,youtube,0,0,1
5295,0.27613312005996704,0.5255118012428284,0.19835512340068817,-1,0.0,passive_browsing,youtube,0,0,4
5297,0.07835161685943604,0.3428727686405182,0.5787755846977234,-1,0.0,passive_browsing,youtube,0,0,1
5298,0.5803281664848328,0.4032288193702698,0.016442982479929924,0,0.985412058258305,passive_browsing,youtube,0,0,2
5300,0.865920901298523,0.12021581828594208,0.01386326365172863,9,1.0,churn_risk,youtube,0,0,2
5301,0.3473474383354187,0.5240445733070374,0.12860804796218872,9,0.4725348787061773,passive_browsing,youtube,0,0,2
5303,0.8374680876731873,0.13372544944286346,0.028806544840335846,-1,0.0,churn_risk,youtube,0,0,2
5305,0.4882957339286804,0.46294325590133667,0.04876108467578888,9,0.5059410740908583,passive_browsing,youtube,0,0,3
5306,0.9288781881332397,0.06357669085264206,0.00754505256190896,-1,0.0,churn_risk,youtube,0,0,1
5309,0.9306429624557495,0.059860002249479294,0.009497007355093956,25,0.4796819522627625,churn_risk,youtube,0,0,1
5311,0.9455509185791016,0.050266679376363754,0.004182389006018639,4,1.0,churn_risk,youtube,0,1,2
5312,0.8876211047172546,0.10472595691680908,0.007652877364307642,4,1.0,churn_risk,youtube,0,0,1
5313,0.5126541256904602,0.4289633333683014,0.058382537215948105,9,0.4677203117871346,passive_browsing,youtube,0,0,2
5315,0.913304328918457,0.07835541665554047,0.008340239524841309,3,1.0,churn_risk,youtube,0,0,1
5317,0.05231550335884094,0.9030334949493408,0.04465099051594734,8,0.7372805962250577,passive_browsing,youtube,0,0,1
5321,0.9297049641609192,0.06393387913703918,0.006361191626638174,4,1.0,churn_risk,youtube,0,1,5
5323,0.9124258756637573,0.07800587266683578,0.009568266570568085,4,1.0,churn_risk,youtube,0,0,4
5324,0.9562729597091675,0.03876865282654762,0.004958410747349262,4,1.0,churn_risk,youtube,0,0,1
5413,0.3431975245475769,0.5077580213546753,0.14904452860355377,17,0.5837590187627562,passive_browsing,youtube,143,22,1
5416,0.002554684178903699,0.014847734943032265,0.9825975298881531,-1,0.0,purchase_intent,youtube,6,0,1
5418,0.004799472633749247,0.01845736801624298,0.9767431616783142,0,0.8006510010646477,purchase_intent,youtube,0,0,1
5421,0.005323032382875681,0.011662919074296951,0.9830139875411987,0,1.0,purchase_intent,youtube,2,0,1
5427,0.006726197898387909,0.026402225717902184,0.9668716192245483,0,0.719305030146055,purchase_intent,youtube,0,0,1
5428,0.879723072052002,0.11197444051504135,0.008302546106278896,17,1.0,churn_risk,youtube,32,3,4
5431,0.004766719415783882,0.014518934302031994,0.9807143807411194,24,1.0,purchase_intent,youtube,0,0,2
5432,0.7717210650444031,0.21605528891086578,0.012223630212247372,17,0.9251628409524321,churn_risk,youtube,66,4,6
5433,0.004960502497851849,0.051961805671453476,0.9430776834487915,24,1.0,purchase_intent,youtube,2,0,1
5438,0.002828717464581132,0.015606861561536789,0.981564462184906,24,1.0,purchase_intent,youtube,1,0,1
5439,0.002926014130935073,0.016959069296717644,0.9801149964332581,17,0.5838557448762243,purchase_intent,youtube,11,0,8
5440,0.004324395675212145,0.020811159163713455,0.9748644232749939,24,0.650235299748205,purchase_intent,youtube,0,0,1
5443,0.0027833404019474983,0.006853239145129919,0.9903634190559387,-1,0.0,purchase_intent,youtube,40,4,3
5446,0.004479904659092426,0.02765338309109211,0.9678666591644287,-1,0.0,purchase_intent,youtube,1,0,5
5448,0.0036441825795918703,0.027097735553979874,0.9692580699920654,0,0.7117516630995538,purchase_intent,youtube,2,0,1
5449,0.08464900404214859,0.8528660535812378,0.06248484551906586,-1,0.0,passive_browsing,youtube,4,0,1
5450,0.019014915451407433,0.4080522060394287,0.5729328393936157,-1,0.0,passive_browsing,youtube,0,0,5
5454,0.007202407345175743,0.11270484328269958,0.8800927996635437,17,0.7415150022847751,purchase_intent,youtube,9,3,5
5455,0.19860628247261047,0.7226969003677368,0.07869680225849152,0,1.0,passive_browsing,youtube,0,0,2
5456,0.6850377917289734,0.19551564753055573,0.1194465309381485,17,0.3138816885089586,churn_risk,youtube,15,4,9
5458,0.012352091260254383,0.8453279137611389,0.14231999218463898,17,1.0,passive_browsing,youtube,5,0,2
5460,0.07345122843980789,0.8908746242523193,0.03567413613200188,-1,0.0,passive_browsing,youtube,0,0,1
5461,0.5279046893119812,0.44014638662338257,0.031948935240507126,17,0.7365291983278474,passive_browsing,youtube,0,0,1
5462,0.006084100343286991,0.48915183544158936,0.5047640204429626,-1,0.0,passive_browsing,youtube,0,0,1
5463,0.03427186608314514,0.6946208477020264,0.27110734581947327,-1,0.0,passive_browsing,youtube,1,4,1
5464,0.05885818228125572,0.3563484251499176,0.5847933888435364,17,1.0,passive_browsing,youtube,0,1,3
5465,0.2977636754512787,0.3590773344039917,0.3431589603424072,17,0.8204078381315352,passive_browsing,youtube,1,0,1
5466,0.046808887273073196,0.920723021030426,0.03246800974011421,17,0.9251498591833938,passive_browsing,youtube,0,0,1
5467,0.04725531488656998,0.9290045499801636,0.02374018356204033,0,0.37446909287242347,passive_browsing,youtube,0,0,1
5470,0.06335952877998352,0.33031246066093445,0.6063279509544373,17,0.9474513706907095,passive_browsing,youtube,1,0,1
5472,0.08094807714223862,0.6913632154464722,0.22768868505954742,-1,0.0,passive_browsing,youtube,1,1,6
5473,0.1340145617723465,0.6253325939178467,0.24065282940864563,3,0.5572834679163368,passive_browsing,youtube,0,0,5
5475,0.2509683668613434,0.5470049977302551,0.20202672481536865,17,1.0,passive_browsing,youtube,23,0,1
5476,0.6187015175819397,0.33756551146507263,0.043732982128858566,17,1.0,passive_browsing,youtube,3,0,2
5477,0.0117203239351511,0.8696106672286987,0.11866901814937592,-1,0.0,passive_browsing,youtube,0,0,3
5481,0.054510243237018585,0.9179754257202148,0.027514399960637093,0,0.21578126439031955,passive_browsing,youtube,0,0,1
5482,0.01756254769861698,0.9041679501533508,0.07826947420835495,-1,0.0,passive_browsing,youtube,0,0,2
5483,0.43355968594551086,0.48690953850746155,0.07953085750341415,17,1.0,passive_browsing,youtube,1,0,6
5484,0.2596690058708191,0.7197943329811096,0.02053658291697502,-1,0.0,passive_browsing,youtube,1,0,1
5486,0.7194761633872986,0.2634858191013336,0.017037998884916306,0,0.8481301808750298,churn_risk,youtube,1,0,4
5487,0.7847177386283875,0.1885310560464859,0.026751242578029633,-1,0.0,churn_risk,youtube,2,1,2
5488,0.006799133028835058,0.02572595700621605,0.9674748778343201,17,1.0,purchase_intent,youtube,15,5,6
5492,0.04009519889950752,0.06699835509061813,0.8929064869880676,0,0.5113732367351034,purchase_intent,youtube,0,0,3
5493,0.03321925923228264,0.9064244031906128,0.06035635247826576,17,1.0,passive_browsing,youtube,0,0,1
5496,0.8324355483055115,0.15786997973918915,0.009694427251815796,17,0.1969209410621663,churn_risk,youtube,0,0,2
5498,0.0022426967043429613,0.032632872462272644,0.9651244878768921,0,0.6877751115890999,purchase_intent,youtube,2,0,1
5500,0.7113173007965088,0.27013760805130005,0.018545178696513176,-1,0.0,churn_risk,youtube,0,2,7
5501,0.8278122544288635,0.16336168348789215,0.008826144970953465,17,1.0,churn_risk,youtube,2,0,3
5502,0.19598834216594696,0.7287407517433167,0.07527081668376923,17,0.7915881049126966,passive_browsing,youtube,6,0,1
5505,0.01147126778960228,0.12317429482936859,0.8653544187545776,17,0.616763234902638,purchase_intent,youtube,0,2,7
5506,0.004547239746898413,0.13195280730724335,0.8634998798370361,0,0.9373352999752765,purchase_intent,youtube,0,0,5
5508,0.9359595775604248,0.05827576294541359,0.0057646301575005054,-1,0.0,churn_risk,youtube,0,0,5
5511,0.023094337433576584,0.21252234280109406,0.7643833160400391,0,0.8583745949522084,purchase_intent,youtube,8,0,6
5515,0.0296084675937891,0.11116471886634827,0.8592268228530884,4,1.0,purchase_intent,youtube,277,49,3
5518,0.01449048426002264,0.03153829649090767,0.953971266746521,15,1.0,purchase_intent,youtube,1,2,3
5520,0.2441902756690979,0.6580691933631897,0.09774050116539001,15,0.9369416876197231,passive_browsing,youtube,0,0,1
5523,0.6878044605255127,0.29232293367385864,0.019872579723596573,4,1.0,passive_browsing,youtube,2,2,2
5526,0.07951056212186813,0.2912754416465759,0.6292139291763306,12,0.21929080637137677,purchase_intent,youtube,1,1,2
5531,0.6989241242408752,0.2883477210998535,0.012728225439786911,15,0.9865096415944716,passive_browsing,youtube,16,10,1
5532,0.026258159428834915,0.8537478446960449,0.11999393999576569,-1,0.0,passive_browsing,youtube,0,0,1
5533,0.38078922033309937,0.5482680201530457,0.07094269245862961,-1,0.0,passive_browsing,youtube,15,6,1
5535,0.6288323402404785,0.3575565814971924,0.013611110858619213,15,0.6320976356665243,passive_browsing,youtube,8,4,1
5539,0.6688628196716309,0.23032435774803162,0.1008128672838211,0,0.8206618958413741,passive_browsing,youtube,32,8,3
5540,0.5626135468482971,0.39781850576400757,0.039567980915308,15,0.6013478585907048,passive_browsing,youtube,72,7,1
5541,0.776008665561676,0.20062720775604248,0.023364121094346046,15,1.0,churn_risk,youtube,20,8,3
5542,0.11398300528526306,0.8170188069343567,0.06899818032979965,15,0.4122233017526905,passive_browsing,youtube,0,0,1
5543,0.9067676067352295,0.08665531873703003,0.006577099207788706,-1,0.0,churn_risk,youtube,1,2,2
5544,0.6304139494895935,0.3559527099132538,0.013633227907121181,15,0.8958261598268892,passive_browsing,youtube,1,0,1
5545,0.9312270879745483,0.06234154850244522,0.006431446876376867,15,1.0,churn_risk,youtube,5,4,4
5546,0.8486997485160828,0.14147953689098358,0.009820651262998581,15,0.608740715068199,churn_risk,youtube,2,6,4
5547,0.8803541660308838,0.11093665659427643,0.008709154091775417,15,0.6418095276925644,churn_risk,youtube,0,0,2
5551,0.6830872297286987,0.2952345013618469,0.021678291261196136,-1,0.0,passive_browsing,youtube,2,0,1
5553,0.9271441102027893,0.06559174507856369,0.007264215499162674,15,0.5719144812630215,churn_risk,youtube,0,0,1
5554,0.846768856048584,0.14574550092220306,0.007485647685825825,15,0.9369416876197231,churn_risk,youtube,0,1,1
5555,0.6719910502433777,0.3040727376937866,0.023936258628964424,15,0.93600060797796,passive_browsing,youtube,8,12,2
5556,0.06381647288799286,0.4164729416370392,0.5197105407714844,-1,0.0,purchase_intent,youtube,6,4,2
5557,0.6491042375564575,0.33386775851249695,0.017027895897626877,4,1.0,passive_browsing,youtube,2,2,3
5558,0.04164031520485878,0.6692785620689392,0.28908106684684753,0,1.0,passive_browsing,youtube,1,0,7
5559,0.9353769421577454,0.058775875717401505,0.005847201216965914,15,1.0,churn_risk,youtube,0,0,8
5563,0.8746390342712402,0.1151864230632782,0.010174496099352837,15,1.0,churn_risk,youtube,11,10,1
5564,0.4156601130962372,0.44092467427253723,0.1434151977300644,0,0.9229792297830258,passive_browsing,youtube,3,2,2
5569,0.6737687587738037,0.29135841131210327,0.034872762858867645,2,1.0,churn_risk,youtube,338,40,3
5570,0.7409731149673462,0.24314816296100616,0.015878718346357346,2,1.0,churn_risk,youtube,203,19,2
5572,0.12479382008314133,0.39481112360954285,0.4803951382637024,2,1.0,passive_browsing,youtube,6,0,3
5573,0.8173695206642151,0.1634388118982315,0.019191687926650047,2,1.0,churn_risk,youtube,86,25,1
5574,0.8840525150299072,0.10899569094181061,0.006951718125492334,2,1.0,churn_risk,youtube,109,12,4
5575,0.8271005153656006,0.1584828644990921,0.014416630379855633,-1,0.0,churn_risk,youtube,13,0,1
5577,0.4630272090435028,0.46346068382263184,0.07351207733154297,2,1.0,passive_browsing,youtube,7,1,4
5578,0.7707706689834595,0.21532221138477325,0.013907101936638355,-1,0.0,churn_risk,youtube,28,3,3
5579,0.5256072878837585,0.4582759737968445,0.01611676998436451,2,1.0,churn_risk,youtube,44,4,2
5583,0.7316405773162842,0.25919991731643677,0.009159594774246216,2,1.0,churn_risk,youtube,2,0,7
5584,0.9157313108444214,0.0779319703578949,0.0063367849215865135,2,1.0,churn_risk,youtube,42,8,3
5585,0.9412611722946167,0.053316663950681686,0.005422224756330252,-1,0.0,churn_risk,youtube,10,0,2
5587,0.029670672491192818,0.2334468811750412,0.7368824481964111,2,0.9383328729163356,purchase_intent,youtube,5,1,1
5591,0.8764773011207581,0.1156282126903534,0.00789455696940422,0,0.8099214451717818,churn_risk,youtube,10,0,1
5592,0.5529425740242004,0.4263209402561188,0.020736463367938995,18,1.0,passive_browsing,youtube,1,0,1
5593,0.47505560517311096,0.4966300427913666,0.028314348310232162,8,1.0,passive_browsing,youtube,2,1,2
5594,0.901231586933136,0.0922008603811264,0.006567562930285931,2,1.0,churn_risk,youtube,1,0,1
5595,0.01052881870418787,0.05267644673585892,0.9367946982383728,8,0.6145310579809286,purchase_intent,youtube,3,1,2
5596,0.9221826791763306,0.07021834701299667,0.007599040865898132,4,0.5234532118636706,churn_risk,youtube,0,0,1
5597,0.9069052934646606,0.08699366450309753,0.006101101171225309,2,1.0,churn_risk,youtube,7,3,1
5598,0.5176376104354858,0.463056355714798,0.019306117668747902,2,1.0,churn_risk,youtube,16,0,3
5599,0.8964771032333374,0.09593066573143005,0.007592297624796629,2,1.0,churn_risk,youtube,1,0,1
5600,0.6204956769943237,0.3658197522163391,0.013684534467756748,2,0.8296111009388815,passive_browsing,youtube,1,1,3
5604,0.8529800772666931,0.1374552845954895,0.0095646558329463,2,1.0,churn_risk,youtube,1,0,2
5605,0.8457114100456238,0.1465107500553131,0.007777814287692308,2,1.0,churn_risk,youtube,5,0,1
5607,0.5115841627120972,0.42599132657051086,0.062424469739198685,2,1.0,churn_risk,youtube,1,0,7
5609,0.00835483893752098,0.26949822902679443,0.7221469283103943,2,0.9100900729193127,purchase_intent,youtube,0,1,1
5610,0.7315443158149719,0.2584315538406372,0.01002410613000393,2,1.0,churn_risk,youtube,0,0,1
5611,0.8374379873275757,0.1544083058834076,0.008153742179274559,2,1.0,churn_risk,youtube,1,0,1
5612,0.8989653587341309,0.09464630484580994,0.006388275418430567,2,0.9679865117334117,churn_risk,youtube,0,1,2
5614,0.9202097058296204,0.07413303107023239,0.005657197907567024,2,1.0,churn_risk,youtube,0,0,1
5615,0.5214702486991882,0.4651205837726593,0.013409108854830265,2,1.0,churn_risk,youtube,0,0,1
5616,0.7110760807991028,0.2742346227169037,0.01468933466821909,2,1.0,churn_risk,youtube,0,0,1
5617,0.5277872085571289,0.4545297920703888,0.017682990059256554,2,0.9162962203416586,churn_risk,youtube,0,0,1
5620,0.12572547793388367,0.781221330165863,0.09305312484502792,2,0.984765456563447,passive_browsing,youtube,0,0,1
5621,0.20970019698143005,0.7636366486549377,0.0266631580889225,8,0.9125957481517851,passive_browsing,youtube,1,1,1
5625,0.47422146797180176,0.5047735571861267,0.02100495994091034,8,0.9125957481517851,passive_browsing,youtube,0,0,4
5628,0.7764160633087158,0.20737971365451813,0.016204198822379112,2,0.9027488241238204,churn_risk,youtube,0,0,9
5631,0.7291550636291504,0.24668672680854797,0.024158233776688576,2,0.9935167507946924,churn_risk,youtube,0,0,2
5632,0.7833861112594604,0.20937040448188782,0.007243478205054998,-1,0.0,churn_risk,youtube,0,0,3
5637,0.8699789047241211,0.12138017266988754,0.00864085741341114,8,0.18966965625743318,churn_risk,youtube,0,0,2
5638,0.8251374363899231,0.1671556830406189,0.00770683865994215,2,1.0,churn_risk,youtube,0,0,4
5640,0.7679024934768677,0.22302165627479553,0.009075912646949291,2,1.0,churn_risk,youtube,0,0,2
5643,0.5949525833129883,0.3901350498199463,0.01491230446845293,2,1.0,churn_risk,youtube,0,0,2
5646,0.9048822522163391,0.0886797308921814,0.006437998265028,-1,0.0,churn_risk,youtube,0,0,3
5650,0.622657835483551,0.3621339201927185,0.01520827878266573,8,0.5915284959951167,churn_risk,youtube,0,0,1
5652,0.8475813269615173,0.14396360516548157,0.0084550641477108,2,1.0,churn_risk,youtube,0,0,5
5655,0.623050332069397,0.3617333769798279,0.015216209925711155,8,1.0,churn_risk,youtube,0,0,1
5656,0.8998212814331055,0.09328098595142365,0.006897852756083012,2,1.0,churn_risk,youtube,0,0,1
5658,0.2139004021883011,0.7607042193412781,0.025395430624485016,2,1.0,passive_browsing,youtube,0,0,1
5659,0.18816594779491425,0.7952132821083069,0.016620732843875885,2,1.0,passive_browsing,youtube,0,0,1
5660,0.6361076235771179,0.350032240152359,0.013860179111361504,2,1.0,churn_risk,youtube,0,0,2
5661,0.7480370402336121,0.24192990362644196,0.010033007711172104,-1,0.0,churn_risk,youtube,0,0,9
5666,0.09735819697380066,0.11025531589984894,0.7923864722251892,2,0.9305480523575251,purchase_intent,youtube,24,4,1
5668,0.005516671109944582,0.08173948526382446,0.912743866443634,2,0.9103898925842876,purchase_intent,youtube,1,1,1
5669,0.9008989334106445,0.09269054979085922,0.006410529371351004,-1,0.0,churn_risk,youtube,2,1,2
5670,0.7420839071273804,0.24110162258148193,0.016814488917589188,31,0.8834709060155848,churn_risk,youtube,0,1,1
5671,0.7819157242774963,0.2050677090883255,0.013016537763178349,2,1.0,churn_risk,youtube,0,1,1
5673,0.7120819687843323,0.27533093094825745,0.012587093748152256,2,1.0,churn_risk,youtube,2,1,1
5675,0.8742223978042603,0.11821360886096954,0.007563967257738113,-1,0.0,churn_risk,youtube,0,1,1
5680,0.8519448041915894,0.14029157161712646,0.007763657718896866,2,1.0,churn_risk,youtube,0,1,1
5682,0.010986829176545143,0.2894076108932495,0.6996055841445923,-1,0.0,passive_browsing,youtube,2,3,1
5683,0.9057561159133911,0.08678027242422104,0.0074636247009038925,2,1.0,churn_risk,youtube,0,1,1
5685,0.11313943564891815,0.23358331620693207,0.6532772779464722,-1,0.0,passive_browsing,youtube,0,1,1
5686,0.8959532976150513,0.09714215993881226,0.00690455874428153,2,1.0,churn_risk,youtube,0,1,1
5687,0.8051092028617859,0.18243293464183807,0.012457952834665775,2,1.0,churn_risk,youtube,0,2,3
5688,0.9229097366333008,0.07035292685031891,0.0067373537458479404,2,1.0,churn_risk,youtube,0,2,2
5692,0.012973247095942497,0.8848796486854553,0.10214704275131226,2,1.0,passive_browsing,youtube,120,18,2
5693,0.7265661358833313,0.26107797026634216,0.01235581748187542,8,0.6683795800176648,churn_risk,youtube,6175,51,2
5696,0.16400842368602753,0.807073712348938,0.02891780436038971,8,0.9796664852999967,passive_browsing,youtube,104,7,1
5698,0.04780799522995949,0.16145068407058716,0.7907413244247437,8,0.41667721545981107,purchase_intent,youtube,79,2,4
5699,0.04228488728404045,0.7963255643844604,0.16138961911201477,0,1.0,passive_browsing,youtube,462,5,1
5700,0.6224420070648193,0.34076425433158875,0.03679373487830162,2,1.0,churn_risk,youtube,53,10,4
5701,0.023020150139927864,0.18910734355449677,0.7878725528717041,2,1.0,purchase_intent,youtube,1828,68,1
5706,0.004161691293120384,0.02381822280585766,0.9720200896263123,0,0.7100574431601182,purchase_intent,youtube,21,0,1
5717,0.03946911543607712,0.1979013979434967,0.762629508972168,2,1.0,purchase_intent,youtube,26,0,1
5718,0.7946694493293762,0.183375284075737,0.021955298259854317,5,0.7240441789849075,churn_risk,youtube,1,3,5
5719,0.5444785356521606,0.4290347099304199,0.02648676559329033,2,1.0,churn_risk,youtube,6,2,2
5721,0.1208532452583313,0.29868361353874207,0.5804631114006042,2,1.0,passive_browsing,youtube,3,0,2
5726,0.011959168128669262,0.18248997628688812,0.8055508732795715,0,1.0,purchase_intent,youtube,0,0,1
5728,0.866153359413147,0.12510183453559875,0.008744739927351475,2,1.0,churn_risk,youtube,3,0,1
5740,0.2906748056411743,0.6812139749526978,0.028111174702644348,8,0.5539309285840591,passive_browsing,youtube,4,2,1
5742,0.9175570011138916,0.0764835923910141,0.005959475878626108,2,1.0,churn_risk,youtube,5,1,1
5743,0.0074660382233560085,0.09622721374034882,0.8963066935539246,0,0.9659851610209867,purchase_intent,youtube,0,0,1
5755,0.7003363966941833,0.28356021642684937,0.01610330119729042,2,1.0,churn_risk,youtube,2,0,6
5767,0.3816341459751129,0.5429202318191528,0.07544563710689545,2,0.9524948034382885,passive_browsing,youtube,1,0,3
5768,0.01842787303030491,0.1463393270969391,0.8352327942848206,2,1.0,purchase_intent,youtube,1,0,1
5772,0.05253123864531517,0.5326289534568787,0.4148397743701935,0,0.5386897600407181,passive_browsing,youtube,1,0,1
5774,0.31209877133369446,0.661895751953125,0.02600548230111599,8,0.7248854095345132,passive_browsing,youtube,1,0,1
5776,0.44562575221061707,0.5331085920333862,0.02126557007431984,2,1.0,passive_browsing,youtube,2,0,2
5778,0.09753552824258804,0.8673450946807861,0.03511938452720642,2,1.0,passive_browsing,youtube,0,0,2
5780,0.8235762119293213,0.15910761058330536,0.017316104844212532,6,0.9916504222733445,churn_risk,youtube,2,0,6
5783,0.2636548578739166,0.7141861319541931,0.022159019485116005,8,1.0,passive_browsing,youtube,1,0,1
5785,0.10989075899124146,0.8598037362098694,0.030305469408631325,2,1.0,passive_browsing,youtube,1,0,1
5786,0.8258976936340332,0.16607464849948883,0.00802773330360651,2,1.0,churn_risk,youtube,2,0,2
5789,0.4113636016845703,0.570387601852417,0.0182487815618515,8,0.9700264658476402,passive_browsing,youtube,30,4,2
5792,0.8238059282302856,0.16767342388629913,0.008520720526576042,8,0.9351027505246707,churn_risk,youtube,14,1,1
5799,0.6713657379150391,0.31628984212875366,0.012344477698206902,2,0.8941066629216551,passive_browsing,youtube,1,1,1
5804,0.9167493581771851,0.07762820273637772,0.005622423253953457,2,1.0,churn_risk,youtube,14,1,7
5807,0.6771697998046875,0.3080139458179474,0.014816273003816605,8,0.5155024656003917,churn_risk,youtube,3,1,5
5811,0.7707754969596863,0.21890373528003693,0.010320741683244705,2,1.0,churn_risk,youtube,0,0,5
5817,0.12555646896362305,0.8141306042671204,0.06031295284628868,8,0.777814076439803,passive_browsing,youtube,0,0,1
5822,0.4195218086242676,0.5452885031700134,0.035189736634492874,8,0.61879791312289,passive_browsing,youtube,0,0,4
5824,0.5039724111557007,0.4697039723396301,0.026323681697249413,2,1.0,passive_browsing,youtube,5,3,1
5827,0.41507405042648315,0.553377628326416,0.03154829517006874,8,1.0,passive_browsing,youtube,0,0,1
5829,0.931281566619873,0.05999769642949104,0.00872074905782938,2,1.0,churn_risk,youtube,0,0,1
5855,0.4072616696357727,0.5597572326660156,0.03298112377524376,8,1.0,passive_browsing,youtube,1,2,1
5856,0.3349461853504181,0.6495413184165955,0.015512440353631973,8,0.8849437255090062,passive_browsing,youtube,0,1,1
5874,0.8689168095588684,0.1197153776884079,0.01136778388172388,2,1.0,churn_risk,youtube,1,0,2
5896,0.817759096622467,0.1722639799118042,0.009976934641599655,-1,0.0,churn_risk,youtube,13,0,4
5898,0.3914630711078644,0.5834359526634216,0.025101039558649063,8,0.6245583835990928,passive_browsing,youtube,15,8,3
5900,0.46355128288269043,0.48998889327049255,0.046459853649139404,8,0.23082535301145393,passive_browsing,youtube,15,9,2
5904,0.29011616110801697,0.6703075766563416,0.039576198905706406,8,1.0,passive_browsing,youtube,0,0,2
5913,0.09115928411483765,0.847624659538269,0.061216000467538834,8,0.6674345600842807,passive_browsing,youtube,0,0,1
5915,0.16541025042533875,0.7634763717651367,0.07111341506242752,8,0.451181096425363,passive_browsing,youtube,1,0,6
5916,0.8320707678794861,0.16068169474601746,0.007247545290738344,2,1.0,churn_risk,youtube,0,0,3
5919,0.5502988696098328,0.43140289187431335,0.018298231065273285,8,0.8506455205222401,passive_browsing,youtube,0,0,1
5920,0.35676583647727966,0.6130700707435608,0.03016410581767559,2,1.0,passive_browsing,youtube,1,1,1
5929,0.4784088134765625,0.503446102142334,0.01814499869942665,2,1.0,passive_browsing,youtube,0,0,3
5933,0.7544147968292236,0.23546484112739563,0.010120387189090252,2,1.0,churn_risk,youtube,0,0,2
5943,0.36114922165870667,0.6112099885940552,0.027640797197818756,8,0.3796512735725917,passive_browsing,youtube,0,0,2
5944,0.11236746609210968,0.8510113954544067,0.036621201783418655,2,1.0,passive_browsing,youtube,0,0,1
5952,0.5870732665061951,0.39288461208343506,0.020042041316628456,8,0.6022817870921746,churn_risk,youtube,0,0,3
5967,0.5800273418426514,0.40440991520881653,0.015562748536467552,3,0.5370319013948008,passive_browsing,youtube,0,0,3
5974,0.019959643483161926,0.925861120223999,0.05417922884225845,0,0.7156149095797629,passive_browsing,youtube,0,0,1
5975,0.13506676256656647,0.7641381025314331,0.10079514235258102,2,0.9507317514498553,passive_browsing,youtube,0,0,1
5984,0.5849028825759888,0.4016028344631195,0.01349435281008482,2,1.0,churn_risk,youtube,1,1,2
5990,0.28921636939048767,0.664933979511261,0.045849692076444626,2,1.0,passive_browsing,youtube,42,9,1
5991,0.3812989294528961,0.5296967625617981,0.08900431543588638,8,0.15062726123786618,passive_browsing,youtube,5,1,4
5992,0.7066200971603394,0.2762828469276428,0.01709703356027603,2,0.9827957866933552,churn_risk,youtube,18,0,1
5993,0.9169489741325378,0.07602176070213318,0.007029213942587376,2,0.9799343044691028,churn_risk,youtube,2,0,2
5994,0.6861882209777832,0.2997971177101135,0.01401464082300663,2,1.0,churn_risk,youtube,25,1,4
5996,0.1559024602174759,0.7959635853767395,0.04813392087817192,8,0.7984585344365462,passive_browsing,youtube,6,1,1
5997,0.06818220019340515,0.4809148907661438,0.45090293884277344,2,1.0,passive_browsing,youtube,0,1,1
5998,0.9130339622497559,0.08010764420032501,0.006858479231595993,2,1.0,churn_risk,youtube,248,46,3
5999,0.006948698777705431,0.07297571003437042,0.9200755953788757,2,1.0,purchase_intent,youtube,67,19,3
6000,0.9448079466819763,0.04965346306562424,0.005538537632673979,-1,0.0,churn_risk,youtube,166,30,1
6004,0.9531506299972534,0.042052458971738815,0.004796825349330902,-1,0.0,churn_risk,youtube,0,0,1
6007,0.5278935432434082,0.46003228425979614,0.012074151076376438,-1,0.0,passive_browsing,youtube,8,0,1
6009,0.032125990837812424,0.2216958999633789,0.746178150177002,8,0.1712023454406595,purchase_intent,youtube,9,2,2
6010,0.5502750277519226,0.4240434467792511,0.02568156272172928,2,0.945490782819288,churn_risk,youtube,0,0,4
6013,0.7673878073692322,0.2191741019487381,0.013438014313578606,8,0.3675401441519682,churn_risk,youtube,29,26,5
6014,0.8390024900436401,0.14834287762641907,0.012654660269618034,2,1.0,churn_risk,youtube,63,9,1
6020,0.81558758020401,0.17475789785385132,0.009654540568590164,2,1.0,churn_risk,youtube,38,27,5
6026,0.6009380221366882,0.38625243306159973,0.012809536419808865,2,1.0,churn_risk,youtube,4,2,4
6027,0.8565695285797119,0.1361694633960724,0.007260994985699654,2,1.0,churn_risk,youtube,0,0,3
6029,0.9150157570838928,0.07882033288478851,0.006163881625980139,-1,0.0,churn_risk,youtube,0,1,1
6031,0.2888423204421997,0.6484265923500061,0.062731072306633,-1,0.0,passive_browsing,youtube,1,1,1
6032,0.6798841953277588,0.30719873309135437,0.012917058542370796,-1,0.0,passive_browsing,youtube,1,0,2
6034,0.22841016948223114,0.729227602481842,0.04236218333244324,8,0.432170304754207,passive_browsing,youtube,0,0,1
6035,0.6077103614807129,0.375618040561676,0.016671625897288322,2,1.0,churn_risk,youtube,1,0,3
6036,0.15080276131629944,0.7812812924385071,0.06791583448648453,8,0.336746237332585,passive_browsing,youtube,0,0,1
6038,0.29762956500053406,0.6788645386695862,0.023505868390202522,8,0.9673070026878591,passive_browsing,youtube,1,0,1
6039,0.7909139394760132,0.19757841527462006,0.01150771789252758,-1,0.0,churn_risk,youtube,0,0,4
6041,0.8740965127944946,0.1173740029335022,0.00852949544787407,8,0.2300012266143328,churn_risk,youtube,0,0,5
6042,0.8604567050933838,0.13230755925178528,0.00723567558452487,8,0.35870489466749966,churn_risk,youtube,0,0,3
6046,0.06110908091068268,0.8292550444602966,0.10963589698076248,-1,0.0,passive_browsing,youtube,0,0,1
6048,0.9015504717826843,0.09205780178308487,0.00639180326834321,-1,0.0,churn_risk,youtube,0,0,5
6049,0.5900453329086304,0.38204488158226013,0.027909843251109123,30,0.7071307720001548,passive_browsing,youtube,0,0,1
6052,0.4629964530467987,0.49997055530548096,0.03703302890062332,5,1.0,passive_browsing,youtube,0,0,2
6053,0.05176425352692604,0.23879452049732208,0.7094411849975586,2,1.0,purchase_intent,youtube,0,1,1
6054,0.9031546711921692,0.08849023282527924,0.00835510902106762,-1,0.0,churn_risk,youtube,0,0,3
6057,0.7820935845375061,0.2038811594247818,0.014025294221937656,2,1.0,churn_risk,youtube,0,0,4
6059,0.18173393607139587,0.7744037508964539,0.04386231303215027,-1,0.0,passive_browsing,youtube,1,0,2
6065,0.45563212037086487,0.5186431407928467,0.025724682956933975,8,0.5043218122241588,passive_browsing,youtube,0,0,1
6068,0.9073070287704468,0.08679159730672836,0.005901341326534748,-1,0.0,churn_risk,youtube,0,0,3
6070,0.799103856086731,0.18839938938617706,0.012496748939156532,2,1.0,churn_risk,youtube,0,0,2
6071,0.2460353523492813,0.7196636199951172,0.03430097550153732,8,0.9951487529243902,passive_browsing,youtube,0,0,6
6077,0.26707443594932556,0.7011913061141968,0.03173427656292915,8,1.0,passive_browsing,youtube,0,0,3
6078,0.6349250078201294,0.3507692813873291,0.014305738732218742,-1,0.0,passive_browsing,youtube,0,0,1
6081,0.005007541738450527,0.07151151448488235,0.9234809279441833,-1,0.0,purchase_intent,youtube,1,0,1
6082,0.6715142726898193,0.31293871998786926,0.015547024086117744,8,1.0,churn_risk,youtube,1,0,2
6086,0.0029360209591686726,0.02806738205254078,0.968996524810791,0,0.8734098276375054,purchase_intent,youtube,16,1,1
6087,0.009177536703646183,0.08044002205133438,0.9103824496269226,2,1.0,purchase_intent,youtube,3,1,1
6089,0.6488640308380127,0.3379177451133728,0.013218252919614315,2,1.0,churn_risk,youtube,0,0,1
6094,0.8254941701889038,0.16677211225032806,0.007733787875622511,2,1.0,churn_risk,youtube,0,0,4
6098,0.7544016242027283,0.2338249832391739,0.011773374862968922,8,0.581190302004518,churn_risk,youtube,0,0,4
6111,0.0454941987991333,0.31681710481643677,0.6376887559890747,8,0.9585942217654158,passive_browsing,youtube,9,4,1
6121,0.6943968534469604,0.29158008098602295,0.01402302086353302,8,1.0,churn_risk,youtube,1,0,2
6122,0.3302091658115387,0.6270226240158081,0.042768239974975586,8,0.7320462796247355,passive_browsing,youtube,0,0,1
6124,0.4206623435020447,0.5506190061569214,0.02871863916516304,2,1.0,passive_browsing,youtube,0,0,1
6125,0.872810959815979,0.12012188881635666,0.0070672002620995045,-1,0.0,churn_risk,youtube,0,0,1
6130,0.22038358449935913,0.7127224206924438,0.0668940618634224,2,1.0,passive_browsing,youtube,0,0,1
6137,0.1964329332113266,0.7370424866676331,0.06652463972568512,8,0.6210434578465562,passive_browsing,youtube,1,1,2
6138,0.36551716923713684,0.5489532351493835,0.08552960306406021,2,1.0,passive_browsing,youtube,0,0,1
6182,0.15695181488990784,0.7819136381149292,0.06113455817103386,8,0.6683795800176648,passive_browsing,youtube,1,0,1
6193,0.8370567560195923,0.15163566172122955,0.011307510547339916,-1,0.0,churn_risk,youtube,1,0,2
6195,0.8382971882820129,0.15127277374267578,0.010429990477859974,2,0.9724190606100727,churn_risk,youtube,0,0,5
6196,0.27614709734916687,0.2582367956638336,0.4656160771846771,2,1.0,passive_browsing,youtube,4,0,4
6197,0.7323082089424133,0.25165241956710815,0.01603938639163971,2,0.9972034008669542,churn_risk,youtube,0,0,2
6199,0.8309358954429626,0.15930183231830597,0.009762183763086796,2,1.0,churn_risk,youtube,0,0,2
6203,0.40442314743995667,0.5454162359237671,0.05016059800982475,18,0.7101391169681567,passive_browsing,youtube,0,0,1
6204,0.07344618439674377,0.3771849274635315,0.5493688583374023,2,1.0,passive_browsing,youtube,0,1,1
6209,0.7164544463157654,0.2465391904115677,0.037006448954343796,2,1.0,churn_risk,youtube,0,1,1
6212,0.8668118119239807,0.12012027949094772,0.013067875057458878,8,0.5963999411010349,churn_risk,youtube,0,0,1
6213,0.3694364130496979,0.6065481901168823,0.024015404284000397,2,1.0,passive_browsing,youtube,0,1,1
6217,0.711010217666626,0.27907243371009827,0.009917276911437511,2,1.0,churn_risk,youtube,0,1,1
6220,0.8080623149871826,0.18178242444992065,0.01015524473041296,-1,0.0,churn_risk,youtube,0,1,3
6221,0.8749856352806091,0.11648020148277283,0.008534166030585766,2,1.0,churn_risk,youtube,0,1,1
6225,0.046499431133270264,0.6298012137413025,0.32369932532310486,18,0.8254030128809531,passive_browsing,youtube,0,1,1
6227,0.30585402250289917,0.6316577196121216,0.062488242983818054,2,1.0,passive_browsing,youtube,0,0,7
6228,0.7378990650177002,0.24938806891441345,0.012712756171822548,-1,0.0,churn_risk,youtube,0,1,1
6229,0.8848832249641418,0.1090516448020935,0.0060651302337646484,2,1.0,churn_risk,youtube,0,2,4
6230,0.8014753460884094,0.18843960762023926,0.01008510310202837,2,1.0,churn_risk,youtube,0,2,7
6234,0.8494863510131836,0.14384393393993378,0.006669722963124514,2,1.0,churn_risk,youtube,1,1,6
6236,0.3481171727180481,0.6097878217697144,0.042095083743333817,8,0.6683795800176648,passive_browsing,youtube,0,0,6
6237,0.11293284595012665,0.8050076365470886,0.0820595771074295,8,0.6394346087732713,passive_browsing,youtube,0,1,1
6241,0.4415591061115265,0.5319353938102722,0.02650553733110428,8,0.6258844638628291,passive_browsing,youtube,0,2,3
6247,0.05223364755511284,0.7693149447441101,0.17845138907432556,2,1.0,passive_browsing,youtube,0,1,1
6248,0.7548230290412903,0.22774578630924225,0.017431221902370453,2,0.9406876827977367,churn_risk,youtube,0,1,6
6249,0.3846670985221863,0.5896403193473816,0.025692524388432503,2,0.9102980555977428,passive_browsing,youtube,0,2,2
6254,0.2175784856081009,0.5762625932693481,0.20615893602371216,4,0.9194389866515795,passive_browsing,youtube,0,1,2
6257,0.08339951932430267,0.8011347055435181,0.11546576023101807,-1,0.0,passive_browsing,youtube,626,17,2
6259,0.5075371861457825,0.4631650745868683,0.029297759756445885,-1,0.0,churn_risk,youtube,112,6,2
6260,0.1193203553557396,0.8002132773399353,0.0804663822054863,9,0.6643469634720442,passive_browsing,youtube,119,3,1
6262,0.3468477427959442,0.5824176669120789,0.07073450088500977,0,0.5227318962852989,passive_browsing,youtube,7,0,1
6264,0.25602564215660095,0.28753817081451416,0.4564361572265625,0,0.8106576766409674,passive_browsing,youtube,4,0,4
6266,0.25558745861053467,0.619783341884613,0.12462916970252991,-1,0.0,passive_browsing,youtube,3,0,2
6267,0.2765979766845703,0.4181833267211914,0.3052186965942383,9,0.7776273068768844,passive_browsing,youtube,4,0,1
6268,0.6731396317481995,0.28700682520866394,0.03985358402132988,9,0.8937720565114332,passive_browsing,youtube,75,7,5
6271,0.45912817120552063,0.508760392665863,0.03211141377687454,5,1.0,passive_browsing,youtube,19,0,2
6275,0.6334841847419739,0.34868696331977844,0.01782885380089283,9,0.6452821090959783,passive_browsing,youtube,23,5,3
6276,0.05559117719531059,0.22977161407470703,0.7146372199058533,6,0.32131684432386093,purchase_intent,youtube,8,0,1
6277,0.24038545787334442,0.7208859920501709,0.03872847557067871,-1,0.0,passive_browsing,youtube,0,0,2
6281,0.016567742452025414,0.1894858479499817,0.793946385383606,0,0.749097717244302,purchase_intent,youtube,1,0,2
6282,0.004047131631523371,0.014201166108250618,0.9817517399787903,3,0.5672092061726671,purchase_intent,youtube,0,0,1
6285,0.15998294949531555,0.8090963959693909,0.030920661985874176,-1,0.0,passive_browsing,youtube,0,0,2
6286,0.01220344752073288,0.08978643268346786,0.8980101346969604,0,0.4988418588815406,purchase_intent,youtube,0,0,1
6287,0.0681985393166542,0.8080533742904663,0.12374816834926605,-1,0.0,passive_browsing,youtube,5,1,3
6288,0.9053682684898376,0.08471259474754333,0.009919178672134876,9,0.9344516749439603,churn_risk,youtube,1,1,3
6289,0.00593769084662199,0.032796844840049744,0.9612654447555542,4,1.0,purchase_intent,youtube,0,0,1
6292,0.005714660510420799,0.10103558748960495,0.8932496905326843,-1,0.0,purchase_intent,youtube,0,0,2
6293,0.4242522716522217,0.5440607070922852,0.031687065958976746,-1,0.0,passive_browsing,youtube,1,0,1
6299,0.0028077801689505577,0.009776890277862549,0.9874153733253479,16,0.9486451881458986,purchase_intent,youtube,0,0,1
6306,0.03609256073832512,0.11049754172563553,0.8534098863601685,9,0.48157538169213815,purchase_intent,youtube,0,0,1
6309,0.20611481368541718,0.6293873190879822,0.16449788212776184,0,0.4982491132337257,passive_browsing,youtube,0,0,1
6317,0.7023861408233643,0.2849658131599426,0.012648075819015503,-1,0.0,churn_risk,youtube,2,1,3
6318,0.2363361269235611,0.6876879930496216,0.07597587257623672,9,0.9311823700969385,passive_browsing,youtube,0,0,2
6321,0.3567177951335907,0.43252167105674744,0.21076054871082306,-1,0.0,passive_browsing,youtube,7,1,1
6323,0.44615456461906433,0.5296624898910522,0.024182960391044617,-1,0.0,passive_browsing,youtube,0,0,2
6324,0.009942029602825642,0.9380671977996826,0.05199069902300835,-1,0.0,passive_browsing,youtube,0,0,1
6327,0.3080630600452423,0.6397834420204163,0.05215355008840561,-1,0.0,passive_browsing,youtube,1,0,1
6329,0.7540884017944336,0.2313082367181778,0.014603433199226856,-1,0.0,churn_risk,youtube,0,0,1
6332,0.3070125877857208,0.4269946217536926,0.26599279046058655,-1,0.0,passive_browsing,youtube,0,0,2
6333,0.06901136785745621,0.6312959790229797,0.29969266057014465,0,0.8323700133152936,passive_browsing,youtube,0,0,1
6339,0.003592558903619647,0.047427184879779816,0.9489802718162537,0,0.3524656986221054,purchase_intent,youtube,2,0,1
6340,0.617419958114624,0.34256333112716675,0.04001672938466072,9,0.5961446599726071,passive_browsing,youtube,0,0,3
6341,0.8674870133399963,0.12084731459617615,0.011665700003504753,-1,0.0,churn_risk,youtube,0,0,1
6344,0.01826009713113308,0.277508020401001,0.704231858253479,-1,0.0,purchase_intent,youtube,0,0,2
6352,0.010716555640101433,0.059004608541727066,0.9302788376808167,-1,0.0,purchase_intent,youtube,0,0,2
6353,0.015453632920980453,0.23600386083126068,0.7485424876213074,3,0.49273364272357506,purchase_intent,youtube,53,2,1
6359,0.4123588502407074,0.45712003111839294,0.13052113354206085,-1,0.0,passive_browsing,youtube,0,0,1
6362,0.025142041966319084,0.9336258769035339,0.04123198986053467,-1,0.0,passive_browsing,youtube,2,1,1
6363,0.5912581086158752,0.39201346039772034,0.016728423535823822,9,1.0,passive_browsing,youtube,7,2,3
6365,0.8089420795440674,0.17543210089206696,0.01562591828405857,-1,0.0,churn_risk,youtube,0,0,1
6382,0.35347503423690796,0.6171957850456238,0.029329199343919754,2,1.0,passive_browsing,youtube,15,1,1
6419,0.009183801710605621,0.09851323068141937,0.8923029899597168,26,1.0,purchase_intent,youtube,1,0,1
6445,0.8047004342079163,0.17701253294944763,0.018286962062120438,5,0.759735730618045,churn_risk,youtube,27740,235,1
6448,0.604341983795166,0.2625860869884491,0.13307197391986847,5,0.9486438218389844,passive_browsing,youtube,2479,103,1
6449,0.8017705678939819,0.17106446623802185,0.02716493234038353,5,0.9780018116267362,churn_risk,youtube,382,7,1
6450,0.09353619813919067,0.8004335761070251,0.10603015124797821,5,0.7529450519218992,passive_browsing,youtube,4551,54,2
6456,0.4879908859729767,0.40967097878456116,0.10233809053897858,5,1.0,passive_browsing,youtube,197,3,3
6457,0.6011984348297119,0.3512728810310364,0.04752872511744499,5,0.7360697030448792,passive_browsing,youtube,2452,68,1
6458,0.392038494348526,0.5822184681892395,0.025742948055267334,2,1.0,passive_browsing,youtube,120,0,1
6459,0.20449703931808472,0.4778359532356262,0.31766703724861145,5,0.29906398066630796,passive_browsing,youtube,440,5,1
6461,0.655800998210907,0.297229140996933,0.04696989059448242,5,0.7464171849697808,passive_browsing,youtube,4457,71,1
6464,0.3900848925113678,0.5068300366401672,0.10308510065078735,5,0.8275018473486545,passive_browsing,youtube,4,0,2
6465,0.27747204899787903,0.5178990364074707,0.20462894439697266,-1,0.0,passive_browsing,youtube,188,1,2
6467,0.7126902937889099,0.26091575622558594,0.026393884792923927,9,0.5230927796719349,churn_risk,youtube,89,7,2
6468,0.5877103209495544,0.3510836064815521,0.06120604649186134,5,1.0,passive_browsing,youtube,106,5,2
6472,0.6907234191894531,0.2531109154224396,0.056165698915719986,5,0.8275018473486545,passive_browsing,youtube,79,4,1
6474,0.13132736086845398,0.5102447271347046,0.35842788219451904,5,0.7909398538554846,passive_browsing,youtube,24,1,1
6477,0.019957982003688812,0.22709794342517853,0.7529441118240356,5,1.0,purchase_intent,youtube,79,2,1
6482,0.16034254431724548,0.7175729870796204,0.12208457291126251,5,1.0,passive_browsing,youtube,114,21,1
6487,0.0029856448527425528,0.010361253283917904,0.9866531491279602,37,0.7769561469228056,purchase_intent,youtube,0,1,1
6488,0.4381217956542969,0.49351251125335693,0.06836575269699097,5,1.0,passive_browsing,youtube,31,2,1
6490,0.7086750268936157,0.2448025494813919,0.04652251675724983,5,0.9527085773036278,churn_risk,youtube,4,0,2
6492,0.6371381878852844,0.33638688921928406,0.026474956423044205,5,0.7251492060020805,passive_browsing,youtube,1,0,2
6493,0.583760678768158,0.342317670583725,0.07392168045043945,5,1.0,passive_browsing,youtube,5,3,1
6499,0.8086150884628296,0.16885100305080414,0.02253379113972187,5,0.9174201141720095,churn_risk,youtube,43,11,2
6501,0.7416565418243408,0.23394319415092468,0.024400297552347183,-1,0.0,churn_risk,youtube,7,3,6
6510,0.024805909022688866,0.5578831434249878,0.417310893535614,5,0.36865236536714135,passive_browsing,youtube,2,0,1
6511,0.24838455021381378,0.6340048909187317,0.11761055886745453,9,0.585604499070614,passive_browsing,youtube,1,0,1
6514,0.7022175788879395,0.26356345415115356,0.034218959510326385,5,0.30609245603671853,churn_risk,youtube,2,0,2
6517,0.6776538491249084,0.30665069818496704,0.01569543220102787,-1,0.0,passive_browsing,youtube,0,0,1
6518,0.44421160221099854,0.38755178451538086,0.16823670268058777,5,0.9117767844749839,passive_browsing,youtube,0,0,1
6520,0.006456432398408651,0.055556170642375946,0.9379873871803284,5,0.45848967288008846,purchase_intent,youtube,0,0,2
6521,0.8794071674346924,0.10930544137954712,0.011287267319858074,5,0.759735730618045,churn_risk,youtube,1,0,2
6525,0.15276315808296204,0.562932550907135,0.28430432081222534,5,0.2927143139714362,passive_browsing,youtube,0,0,1
6526,0.542955756187439,0.3868577778339386,0.07018645852804184,-1,0.0,churn_risk,youtube,0,0,2
6529,0.5153617262840271,0.4076761305332184,0.07696209102869034,5,1.0,passive_browsing,youtube,1,0,1
6531,0.22255870699882507,0.6875749826431274,0.0898662731051445,5,1.0,passive_browsing,youtube,1,0,1
6532,0.005834049079567194,0.20835185050964355,0.785814106464386,-1,0.0,purchase_intent,youtube,0,0,2
6534,0.005857170559465885,0.023455923423171043,0.9706868529319763,5,0.584954201729897,purchase_intent,youtube,0,0,1
6535,0.5348265767097473,0.3759218454360962,0.08925160765647888,5,1.0,passive_browsing,youtube,1,0,1
6536,0.18522614240646362,0.26019287109375,0.5545810461044312,5,1.0,purchase_intent,youtube,0,0,2
6539,0.4204344153404236,0.5077590942382812,0.07180648297071457,5,0.9117767844749839,passive_browsing,youtube,0,0,4
6541,0.06292004138231277,0.6509219408035278,0.2861580550670624,5,1.0,passive_browsing,youtube,0,0,2
6543,0.88896644115448,0.10369237512350082,0.0073411352932453156,-1,0.0,churn_risk,youtube,11,0,2
6544,0.004041088279336691,0.03048621490597725,0.9654726982116699,-1,0.0,purchase_intent,youtube,1,0,4
6545,0.16387313604354858,0.6940666437149048,0.14206020534038544,8,0.20791034206792114,passive_browsing,youtube,10,3,2
6551,0.1198718249797821,0.827277421951294,0.05285075679421425,8,0.6429910148731953,passive_browsing,youtube,0,0,1
6552,0.005085046403110027,0.03444331884384155,0.9604716897010803,-1,0.0,purchase_intent,youtube,0,1,6
6561,0.0033432890195399523,0.015579248778522015,0.9810774922370911,-1,0.0,purchase_intent,youtube,46,4,4
6563,0.02130088396370411,0.2159065157175064,0.7627925872802734,-1,0.0,purchase_intent,youtube,19,0,1
6567,0.00496834609657526,0.010028370656073093,0.9850032925605774,0,1.0,purchase_intent,youtube,1,1,1
6568,0.03801504150032997,0.08087829500436783,0.8811066746711731,0,1.0,purchase_intent,youtube,59,3,1
6569,0.003110904712229967,0.012958877719938755,0.9839301705360413,0,1.0,purchase_intent,youtube,9,1,3
6570,0.003824919927865267,0.010168580338358879,0.986006498336792,27,1.0,purchase_intent,youtube,1,1,1
6572,0.016668515279889107,0.3799276351928711,0.6034038662910461,0,1.0,passive_browsing,youtube,13,1,1
6575,0.005067950114607811,0.045876868069171906,0.9490551948547363,27,0.3854565694220714,purchase_intent,youtube,4,0,1
6577,0.0029097869992256165,0.017708171159029007,0.9793820381164551,0,1.0,purchase_intent,youtube,39,2,3
6578,0.01252419501543045,0.03482337296009064,0.9526524543762207,27,1.0,purchase_intent,youtube,1,0,1
6579,0.005252684000879526,0.023499075323343277,0.9712482690811157,27,1.0,purchase_intent,youtube,1,2,1
6581,0.0022721397690474987,0.028831876814365387,0.9688959121704102,0,1.0,purchase_intent,youtube,5,1,1
6582,0.0037290221080183983,0.11489708721637726,0.8813738822937012,0,1.0,purchase_intent,youtube,1,0,2
6584,0.004471408203244209,0.053083062171936035,0.9424455761909485,-1,0.0,purchase_intent,youtube,2,1,1
6585,0.8419057130813599,0.14929911494255066,0.008795137517154217,-1,0.0,churn_risk,youtube,9,0,1
6586,0.0030071986839175224,0.025676997378468513,0.971315860748291,0,0.691249821902648,purchase_intent,youtube,2,1,2
6587,0.006173752248287201,0.08384841680526733,0.9099778532981873,0,1.0,purchase_intent,youtube,37,2,1
6588,0.008499588817358017,0.3120703101158142,0.6794300675392151,0,0.7504420323529538,passive_browsing,youtube,2,1,2
6589,0.7477948069572449,0.21811525523662567,0.03408997505903244,0,0.3871831211846809,churn_risk,youtube,8,1,1
6592,0.014339388348162174,0.5490201115608215,0.4366404414176941,27,1.0,passive_browsing,youtube,0,1,1
6598,0.205149844288826,0.7269104719161987,0.06793973594903946,0,0.9877371767202462,passive_browsing,youtube,4,0,1
6601,0.002610060852020979,0.012276795692741871,0.9851131439208984,0,1.0,purchase_intent,youtube,1,0,1
6602,0.0066871605813503265,0.012610221281647682,0.9807026982307434,0,1.0,purchase_intent,youtube,2,0,1
6606,0.03689061105251312,0.21479345858097076,0.7483159303665161,0,0.6680362966369933,purchase_intent,youtube,0,1,3
6608,0.09288757294416428,0.8626517653465271,0.044460657984018326,17,0.4438587386537234,passive_browsing,youtube,1,0,1
6609,0.006184384226799011,0.16730330884456635,0.8265122771263123,27,1.0,purchase_intent,youtube,0,2,1
6610,0.15968605875968933,0.5084688067436218,0.33184507489204407,12,0.7638169964685849,passive_browsing,youtube,1,1,2
6611,0.01319032721221447,0.04913220927119255,0.9376774430274963,0,0.9751265324352447,purchase_intent,youtube,1,3,1
6612,0.001592995715327561,0.01636665128171444,0.982040286064148,0,0.6982781695200896,purchase_intent,youtube,0,1,2
6618,0.11175230890512466,0.8452785015106201,0.04296919330954552,0,1.0,passive_browsing,youtube,4,2,3
6619,0.2500688135623932,0.7297454476356506,0.02018573321402073,0,0.9875464780327083,passive_browsing,youtube,1,0,2
6620,0.04953402653336525,0.8376683592796326,0.11279759556055069,0,1.0,passive_browsing,youtube,1,0,2
6621,0.003982571419328451,0.03087790310382843,0.9651395678520203,0,1.0,purchase_intent,youtube,1,0,1
6623,0.3430230915546417,0.5721523761749268,0.0848245918750763,0,0.9418229708422472,passive_browsing,youtube,1,0,3
6624,0.003364141331985593,0.21143268048763275,0.7852031588554382,0,0.9141999545270363,purchase_intent,youtube,1,0,3
6626,0.009667519479990005,0.2614278793334961,0.7289046049118042,0,1.0,purchase_intent,youtube,6,1,2
6627,0.062035202980041504,0.22099347412586212,0.7169713377952576,0,1.0,purchase_intent,youtube,1,2,2
6628,0.0036276981700211763,0.03343280032277107,0.9629395008087158,27,0.6322813736703969,purchase_intent,youtube,0,1,1
6632,0.016699492931365967,0.860840916633606,0.12245962768793106,0,1.0,passive_browsing,youtube,0,1,2
6633,0.003060615621507168,0.010422714054584503,0.9865167140960693,0,0.803571284837784,purchase_intent,youtube,0,1,1
6634,0.005807258188724518,0.11597377806901932,0.878218948841095,0,1.0,purchase_intent,youtube,1,0,3
6635,0.014492902904748917,0.874164342880249,0.11134275794029236,0,0.7894416279556652,passive_browsing,youtube,0,1,1
6638,0.013356872834265232,0.8937839865684509,0.09285915642976761,0,1.0,passive_browsing,youtube,0,2,2
6641,0.005959311034530401,0.12146367132663727,0.8725770115852356,9,0.5925451956134534,purchase_intent,youtube,0,0,3
6642,0.008749007247388363,0.018657296895980835,0.9725937247276306,0,0.7166220304219039,purchase_intent,youtube,1,0,1
6643,0.028812499716877937,0.9178667068481445,0.05332076922059059,0,0.9407799595993177,passive_browsing,youtube,0,1,2
6644,0.4914172291755676,0.48779401183128357,0.020788714289665222,17,0.552973656588715,passive_browsing,youtube,0,1,2
6645,0.175773024559021,0.7897865176200867,0.03444044291973114,27,0.12377798356064419,passive_browsing,youtube,0,1,1
6647,0.010696263052523136,0.10623765736818314,0.8830659985542297,0,0.8447387578175417,purchase_intent,youtube,0,2,2
6648,0.015214764513075352,0.8036016821861267,0.18118366599082947,0,1.0,passive_browsing,youtube,1,3,3
6650,0.02190861850976944,0.9059841632843018,0.07210726290941238,0,1.0,passive_browsing,youtube,1,0,2
6652,0.0015739864902570844,0.12406609952449799,0.8743599057197571,-1,0.0,purchase_intent,youtube,0,1,1
6653,0.02337290719151497,0.8903520703315735,0.08627497404813766,0,0.9610722168906595,passive_browsing,youtube,0,1,2
6656,0.002226766664534807,0.016979649662971497,0.9807935953140259,0,0.7987187675156028,purchase_intent,youtube,0,0,2
6657,0.026598535478115082,0.838082492351532,0.1353190392255783,0,0.7742324960531951,passive_browsing,youtube,1,0,1
6659,0.0050143529660999775,0.1576841175556183,0.83730149269104,27,1.0,purchase_intent,youtube,13,0,2
6674,0.008976060897111893,0.05345655977725983,0.9375673532485962,-1,0.0,purchase_intent,youtube,1,1,1
6708,0.12378162145614624,0.8488423228263855,0.027375973761081696,-1,0.0,passive_browsing,youtube,1,0,3
6711,0.05853520333766937,0.808565616607666,0.13289916515350342,0,1.0,passive_browsing,youtube,0,0,1
6712,0.6325204968452454,0.34622547030448914,0.021254101768136024,0,1.0,passive_browsing,youtube,1,0,1
6713,0.9250494837760925,0.06622473895549774,0.00872577354311943,0,1.0,churn_risk,youtube,1,1,2
6715,0.003098896937444806,0.005145249422639608,0.9917558431625366,0,1.0,purchase_intent,youtube,1,2,2
6717,0.013472268357872963,0.04334221035242081,0.9431855082511902,0,1.0,purchase_intent,youtube,1369,3,3
6718,0.023562751710414886,0.04334331676363945,0.9330939650535583,-1,0.0,purchase_intent,youtube,231,0,2
6719,0.028265591710805893,0.10314379632472992,0.8685905933380127,-1,0.0,purchase_intent,youtube,430,0,1
6721,0.008892852813005447,0.022752385586500168,0.9683547019958496,-1,0.0,purchase_intent,youtube,1789,8,1
6722,0.0036896753590554,0.027683349326252937,0.9686269760131836,42,1.0,purchase_intent,youtube,1307,0,1
6724,0.008973930031061172,0.23421664535999298,0.756809413433075,0,1.0,purchase_intent,youtube,368,0,6
6725,0.012861035764217377,0.05686904489994049,0.9302698373794556,0,0.9610470834015069,purchase_intent,youtube,406,0,1
6726,0.004089589696377516,0.021006636321544647,0.9749037623405457,0,1.0,purchase_intent,youtube,337,2,2
6727,0.011177933774888515,0.040566977113485336,0.9482551217079163,16,0.9723992482927369,purchase_intent,youtube,384,4,2
6728,0.5397480130195618,0.4318329691886902,0.028419021517038345,-1,0.0,passive_browsing,youtube,193,2,1
6730,0.21468554437160492,0.5422765612602234,0.2430378943681717,-1,0.0,passive_browsing,youtube,54,0,1
6732,0.012052599340677261,0.8727823495864868,0.11516505479812622,0,0.8454428114931157,passive_browsing,youtube,219,6,1
6733,0.0985800251364708,0.3278626501560211,0.5735573172569275,-1,0.0,passive_browsing,youtube,58,0,3
6734,0.014419551007449627,0.09258749336004257,0.8929929733276367,-1,0.0,purchase_intent,youtube,27,0,1
6737,0.016431942582130432,0.07601863890886307,0.9075493812561035,-1,0.0,purchase_intent,youtube,145,4,5
6739,0.0032130354084074497,0.011587629094719887,0.9851993322372437,-1,0.0,purchase_intent,youtube,20,0,2
6742,0.014241778291761875,0.09036977589130402,0.8953884840011597,-1,0.0,purchase_intent,youtube,9,0,3
6745,0.09917457401752472,0.2248614877462387,0.6759638786315918,0,0.9445047589231574,passive_browsing,youtube,5,0,4
6746,0.04265745356678963,0.2150726318359375,0.7422698736190796,0,0.9430412403730108,purchase_intent,youtube,6,0,1
6747,0.0027947155758738518,0.01250508427619934,0.9847002029418945,0,0.8513545354704898,purchase_intent,youtube,14,0,2
6749,0.009338553994894028,0.021188583225011826,0.9694728255271912,0,0.9964547193116249,purchase_intent,youtube,4,0,1
6750,0.006220521405339241,0.01482504140585661,0.9789544939994812,0,1.0,purchase_intent,youtube,17,0,2
6752,0.05754584074020386,0.3392829895019531,0.603171169757843,0,0.8932807698983828,passive_browsing,youtube,8,0,3
6755,0.057378195226192474,0.2112133502960205,0.731408417224884,-1,0.0,purchase_intent,youtube,8,0,2
6757,0.08121658861637115,0.2654898166656494,0.6532935500144958,22,1.0,purchase_intent,youtube,706,2,1
6758,0.004329139832407236,0.01100999303162098,0.9846609234809875,-1,0.0,purchase_intent,youtube,4,0,2
6759,0.004694382660090923,0.013056620955467224,0.9822490215301514,-1,0.0,purchase_intent,youtube,43,1,1
6760,0.0030193428974598646,0.013181892223656178,0.9837987422943115,0,0.33677332557123957,purchase_intent,youtube,1,0,3
6761,0.0036693268921226263,0.01644742302596569,0.9798832535743713,-1,0.0,purchase_intent,youtube,1,0,4
6762,0.003604387165978551,0.012731464579701424,0.9836641550064087,0,0.9278128556074218,purchase_intent,youtube,3,0,1
6766,0.0031248859595507383,0.011433933861553669,0.9854411482810974,0,1.0,purchase_intent,youtube,1,0,1
6768,0.004706823267042637,0.023554347455501556,0.9717388153076172,0,1.0,purchase_intent,youtube,12,1,1
6769,0.004109611269086599,0.03073062002658844,0.9651597738265991,-1,0.0,purchase_intent,youtube,6,0,1
6770,0.004069776274263859,0.03435201570391655,0.9615781903266907,0,0.8915525415493428,purchase_intent,youtube,3,0,1
6771,0.04790276288986206,0.17937111854553223,0.7727261185646057,0,1.0,purchase_intent,youtube,3,0,6
6772,0.44086503982543945,0.39800819754600525,0.16112679243087769,-1,0.0,passive_browsing,youtube,293,1,2
6776,0.12029112130403519,0.38498687744140625,0.4947219789028168,0,1.0,passive_browsing,youtube,81,13,6
6778,0.006595212500542402,0.03872784227132797,0.9546769857406616,-1,0.0,purchase_intent,youtube,6,1,4
6779,0.00327327405102551,0.02156686596572399,0.9751598834991455,-1,0.0,purchase_intent,youtube,1,0,1
6781,0.0023765277583152056,0.013605296611785889,0.9840181469917297,0,0.3555575569511319,purchase_intent,youtube,1,0,3
6782,0.007669244892895222,0.13423554599285126,0.8580951690673828,0,0.7382211040740954,purchase_intent,youtube,5,1,2
6784,0.002833034610375762,0.00850367359817028,0.9886632561683655,0,0.8502194241300678,purchase_intent,youtube,3,1,2
6785,0.024108968675136566,0.11764506250619888,0.8582460284233093,-1,0.0,purchase_intent,youtube,5,0,2
6787,0.07801830768585205,0.8819382786750793,0.04004337638616562,-1,0.0,passive_browsing,youtube,5,0,1
6790,0.006265354808419943,0.0086121940985322,0.9851224422454834,0,0.8768836946759391,purchase_intent,youtube,0,0,1
6791,0.05822247266769409,0.6208987832069397,0.320878803730011,0,0.9612067400108217,passive_browsing,youtube,1,0,1
6793,0.011235297657549381,0.09396921843290329,0.8947955369949341,0,0.8011925085982857,purchase_intent,youtube,0,0,2
6794,0.004023798741400242,0.06090275198221207,0.9350733757019043,0,0.926972748574582,purchase_intent,youtube,2,0,1
6795,0.004485743120312691,0.017037712037563324,0.9784765839576721,-1,0.0,purchase_intent,youtube,1,0,1
6797,0.04951692372560501,0.1279647946357727,0.8225182890892029,-1,0.0,purchase_intent,youtube,541,6,1
6798,0.017782237380743027,0.03317471966147423,0.9490430951118469,-1,0.0,purchase_intent,youtube,1,0,2
6799,0.18452030420303345,0.1811375617980957,0.6343421339988708,0,0.8925356664543739,passive_browsing,youtube,0,0,4
6801,0.002530544064939022,0.014651714824140072,0.9828177690505981,0,1.0,purchase_intent,youtube,1,0,2
6802,0.008129478432238102,0.047877129167318344,0.9439934492111206,0,0.9367006507636496,purchase_intent,youtube,0,0,1
6804,0.02653610147535801,0.08839066326618195,0.8850732445716858,0,0.9610470834015069,purchase_intent,youtube,0,0,2
6805,0.002542280126363039,0.012578744441270828,0.9848789572715759,0,1.0,purchase_intent,youtube,0,0,1
6806,0.2006421685218811,0.3294820785522461,0.469875693321228,0,0.5923894309203985,passive_browsing,youtube,2,0,4
6807,0.003597821341827512,0.012534759938716888,0.9838674068450928,0,0.9065772368499933,purchase_intent,youtube,0,0,2
6809,0.025950167328119278,0.9121349453926086,0.061914920806884766,0,0.9952618084579301,passive_browsing,youtube,10,1,4
6810,0.0034777019172906876,0.01622307486832142,0.9802992343902588,0,0.9338864639926384,purchase_intent,youtube,0,0,4
6811,0.3514167070388794,0.4039919972419739,0.24459123611450195,0,0.37732856113790764,passive_browsing,youtube,1,0,2
6812,0.00725531205534935,0.019486285746097565,0.9732584357261658,0,0.9853243377420229,purchase_intent,youtube,0,0,1
6814,0.004786169156432152,0.06882473081350327,0.9263890981674194,22,0.7281398044282732,purchase_intent,youtube,0,0,3
6815,0.0057549444027245045,0.03608282655477524,0.958162248134613,0,0.7221237962504902,purchase_intent,youtube,0,0,2
6816,0.0018906864570453763,0.02065405435860157,0.9774552583694458,0,0.8968456792021703,purchase_intent,youtube,92,5,2
6817,0.05914667621254921,0.6927564144134521,0.24809689819812775,0,1.0,passive_browsing,youtube,8,0,2
6819,0.0017055387143045664,0.02105843275785446,0.9772360324859619,0,0.6161522799530866,purchase_intent,youtube,22,2,3
6820,0.0017576379468664527,0.011639734730124474,0.9866026639938354,-1,0.0,purchase_intent,youtube,9,1,1
6824,0.00811142846941948,0.012013762257993221,0.9798747897148132,0,1.0,purchase_intent,youtube,1,1,1
6827,0.007197128608822823,0.02364424429833889,0.9691586494445801,-1,0.0,purchase_intent,youtube,1,0,2
6834,0.024276183918118477,0.3653375804424286,0.6103861927986145,0,1.0,passive_browsing,youtube,12,2,3
6836,0.002251699101179838,0.014905648306012154,0.9828426241874695,0,0.430822223119436,purchase_intent,youtube,4,1,2
6837,0.0030374254565685987,0.01244424283504486,0.98451828956604,-1,0.0,purchase_intent,youtube,0,0,1
6839,0.04153475910425186,0.8957017660140991,0.06276345998048782,0,1.0,passive_browsing,youtube,0,0,1
6840,0.004899147432297468,0.06294584274291992,0.9321549534797668,0,1.0,purchase_intent,youtube,0,2,1
6841,0.0037677690852433443,0.045474275946617126,0.9507579803466797,-1,0.0,purchase_intent,youtube,9,0,2
6842,0.008550967089831829,0.15633584558963776,0.8351131677627563,0,0.9132959678921079,purchase_intent,youtube,2,1,1
6844,0.095728799700737,0.8322327136993408,0.07203850895166397,27,0.7965194938170188,passive_browsing,youtube,1,0,1
6847,0.0036110645160079002,0.012900395318865776,0.9834885001182556,0,1.0,purchase_intent,youtube,0,0,1
6849,0.022036677226424217,0.05836145579814911,0.9196018576622009,-1,0.0,purchase_intent,youtube,0,1,3
6851,0.01929347589612007,0.8336976170539856,0.14700885117053986,0,1.0,passive_browsing,youtube,0,0,3
6852,0.0021830513142049313,0.049906130880117416,0.9479108452796936,0,0.7686489231310514,purchase_intent,youtube,0,1,2
6853,0.0036234038416296244,0.02684260718524456,0.9695340394973755,0,1.0,purchase_intent,youtube,0,1,2
6854,0.003288865089416504,0.07758112996816635,0.9191299676895142,-1,0.0,purchase_intent,youtube,0,1,4
6855,0.5923631191253662,0.37240955233573914,0.03522736579179764,27,0.5599070938538658,passive_browsing,youtube,0,0,2
6856,0.0032889912836253643,0.048190660774707794,0.9485203623771667,0,1.0,purchase_intent,youtube,1,1,3
6857,0.007999533787369728,0.15336854755878448,0.8386319279670715,-1,0.0,purchase_intent,youtube,1,2,1
6858,0.0034358215052634478,0.04246959462761879,0.954094648361206,-1,0.0,purchase_intent,youtube,1,1,2
6861,0.028698062524199486,0.5661839842796326,0.4051178991794586,0,0.953066880805486,passive_browsing,youtube,0,1,1
6862,0.0045413426123559475,0.11790023744106293,0.8775584101676941,0,1.0,purchase_intent,youtube,0,2,3
6864,0.9274027943611145,0.0661693811416626,0.006427736487239599,16,1.0,churn_risk,youtube,0,2,2
6865,0.01712196320295334,0.935592770576477,0.0472852922976017,27,1.0,passive_browsing,youtube,0,1,1
6866,0.01535000279545784,0.27131184935569763,0.7133381962776184,0,1.0,purchase_intent,youtube,0,1,4
6867,0.009589022025465965,0.49114134907722473,0.4992697238922119,-1,0.0,passive_browsing,youtube,0,1,2
6868,0.015361998230218887,0.912348747253418,0.07228922098875046,27,0.08609889290106892,passive_browsing,youtube,0,1,2
6870,0.016416776925325394,0.9350577592849731,0.048525530844926834,27,1.0,passive_browsing,youtube,0,2,2
6871,0.02187895029783249,0.9187520742416382,0.05936896800994873,27,0.10228197204607797,passive_browsing,youtube,1,2,1
6872,0.7944450378417969,0.1880711168050766,0.017483774572610855,0,1.0,churn_risk,youtube,0,1,2
6875,0.11910144984722137,0.8560163378715515,0.024882301688194275,0,1.0,passive_browsing,youtube,0,1,2
6877,0.8498786091804504,0.14325104653835297,0.006870295852422714,0,0.9850191929197497,churn_risk,youtube,0,1,2
6879,0.0726248100399971,0.9118690490722656,0.015506104566156864,-1,0.0,passive_browsing,youtube,0,1,3
6884,0.8714439868927002,0.10976715385913849,0.01878884807229042,38,1.0,churn_risk,youtube,0,0,1
6885,0.016153644770383835,0.44115257263183594,0.5426937937736511,0,1.0,passive_browsing,youtube,2,2,1
6888,0.0034298747777938843,0.06511197239160538,0.9314581751823425,38,0.88096209537133,purchase_intent,youtube,655,1,1
6890,0.11546334624290466,0.6353763341903687,0.24916039407253265,-1,0.0,passive_browsing,youtube,90,3,1
6894,0.0045152707025408745,0.05955969914793968,0.9359250068664551,0,1.0,purchase_intent,youtube,36,0,2
6895,0.0075287846848368645,0.09695422649383545,0.8955169320106506,0,1.0,purchase_intent,youtube,47,7,1
6897,0.022952599450945854,0.6477638483047485,0.32928353548049927,27,0.5009980458905791,passive_browsing,youtube,22,1,1
6899,0.5377893447875977,0.24620305001735687,0.21600760519504547,0,0.8389193891198699,churn_risk,youtube,9,4,2
6904,0.009078318253159523,0.8862515687942505,0.10467007756233215,0,1.0,passive_browsing,youtube,25,5,1
6905,0.011002667248249054,0.11054617166519165,0.8784511685371399,42,1.0,purchase_intent,youtube,11,0,1
6918,0.15514032542705536,0.3932366967201233,0.45162299275398254,0,1.0,passive_browsing,youtube,1,0,1
6926,0.008543004281818867,0.035023320466279984,0.9564336538314819,0,1.0,purchase_intent,youtube,0,0,1
6928,0.3372608721256256,0.5420886278152466,0.12065053731203079,0,0.8998510094020218,passive_browsing,youtube,1,0,1
6930,0.06367745250463486,0.1724754273891449,0.7638471126556396,-1,0.0,purchase_intent,youtube,1,1,1
6934,0.004715920425951481,0.024058327078819275,0.9712257385253906,0,0.915802192024354,purchase_intent,youtube,5,4,1
6973,0.005083620082587004,0.09173382818698883,0.9031825661659241,9,0.5961446599726071,purchase_intent,youtube,0,1,1
6981,0.14842666685581207,0.7773498892784119,0.07422346621751785,0,1.0,passive_browsing,youtube,0,0,1
6983,0.019305115565657616,0.9267401099205017,0.05395475775003433,0,1.0,passive_browsing,youtube,224,30,2
6984,0.019677424803376198,0.053391262888908386,0.9269313216209412,0,1.0,purchase_intent,youtube,159,1,2
6985,0.1999746412038803,0.37567511200904846,0.42435023188591003,0,1.0,passive_browsing,youtube,23,1,3
6986,0.003880045609548688,0.006381764076650143,0.9897381663322449,-1,0.0,purchase_intent,youtube,158,2,1
6988,0.08572304248809814,0.21203866600990295,0.7022382616996765,0,1.0,purchase_intent,youtube,7,0,5
6989,0.09916877001523972,0.18257252871990204,0.7182586789131165,0,1.0,purchase_intent,youtube,15,0,3
6990,0.008762734942138195,0.027732931077480316,0.9635043740272522,-1,0.0,purchase_intent,youtube,12,0,1
6992,0.007938709110021591,0.03229132294654846,0.9597699046134949,0,0.945897024433872,purchase_intent,youtube,0,0,2
6994,0.004427335690706968,0.05901908501982689,0.9365535378456116,16,0.8815049614426188,purchase_intent,youtube,10,1,1
6996,0.17777548730373383,0.24471759796142578,0.5775068998336792,0,1.0,passive_browsing,youtube,1,0,4
6997,0.005531379487365484,0.013689741492271423,0.9807789325714111,0,0.933019988904574,purchase_intent,youtube,0,0,1
6999,0.0031811923254281282,0.0537949800491333,0.9430238008499146,0,1.0,purchase_intent,youtube,121,8,5
7000,0.004022044595330954,0.016174020245671272,0.9798039197921753,-1,0.0,purchase_intent,youtube,0,0,1
7002,0.006739633157849312,0.01829848438501358,0.9749618768692017,0,1.0,purchase_intent,youtube,1,0,2
7006,0.006771044805645943,0.01551344245672226,0.9777154326438904,24,0.9566383915488855,purchase_intent,youtube,0,0,1
7007,0.004475258756428957,0.01966974325478077,0.9758550524711609,0,1.0,purchase_intent,youtube,0,0,3
7013,0.0043090153485536575,0.013255619443953037,0.982435405254364,-1,0.0,purchase_intent,youtube,6,1,1
7014,0.0033779479563236237,0.015450269915163517,0.9811718463897705,0,1.0,purchase_intent,youtube,0,0,1
7021,0.0018369595054537058,0.03423750773072243,0.9639254808425903,16,0.9513129520192458,purchase_intent,youtube,3,1,2
7022,0.0030513827223330736,0.011453090235590935,0.9854955673217773,0,1.0,purchase_intent,youtube,0,0,1
7023,0.002452889457345009,0.007984701544046402,0.989562451839447,0,0.9768412354592352,purchase_intent,youtube,7,1,3
7025,0.0033810785971581936,0.01025109738111496,0.9863678812980652,0,0.8513545354704898,purchase_intent,youtube,2,1,3
7026,0.0019476691959425807,0.009878523647785187,0.98817378282547,-1,0.0,purchase_intent,youtube,0,1,1
7027,0.004558619577437639,0.07018661499023438,0.9252548217773438,0,1.0,purchase_intent,youtube,0,0,1
7031,0.002832501893863082,0.04491141811013222,0.9522561430931091,0,0.9584892336702201,purchase_intent,youtube,12,2,1
7034,0.003299784380942583,0.007619292009621859,0.9890809059143066,-1,0.0,purchase_intent,youtube,0,1,1
7041,0.006914181634783745,0.027974983677268028,0.9651107788085938,0,0.7921117221725258,purchase_intent,youtube,0,1,1
7045,0.008008378557860851,0.024569673463702202,0.9674220085144043,0,1.0,purchase_intent,youtube,4,1,3
7046,0.002809894736856222,0.007233798038214445,0.9899563789367676,0,0.9045342703774668,purchase_intent,youtube,0,1,3
7049,0.0029658053535968065,0.013112993910908699,0.9839211702346802,0,0.9296144612583309,purchase_intent,youtube,6,1,2
7050,0.08747749775648117,0.1444683074951172,0.768054187297821,0,0.7524699761233692,purchase_intent,youtube,1,2,4
7051,0.1367713361978531,0.26422223448753357,0.5990064144134521,0,0.5769803131435559,passive_browsing,youtube,11,2,2
7056,0.006016845814883709,0.030744578689336777,0.9632385969161987,0,0.7757329606771588,purchase_intent,youtube,0,1,2
7059,0.004436790011823177,0.01134130172431469,0.9842219352722168,0,0.9206306745011054,purchase_intent,youtube,0,2,1
7060,0.018246255815029144,0.09720546752214432,0.8845482468605042,0,1.0,purchase_intent,youtube,0,1,1
7061,0.0031190754380077124,0.04600242152810097,0.9508784413337708,-1,0.0,purchase_intent,youtube,3,1,1
7063,0.001485259155742824,0.043153006583452225,0.9553617238998413,-1,0.0,purchase_intent,youtube,0,1,1
7064,0.061955854296684265,0.2747260332107544,0.6633180379867554,27,0.8831929740807064,passive_browsing,youtube,0,1,2
7067,0.019497288390994072,0.06955893337726593,0.9109438061714172,-1,0.0,purchase_intent,youtube,10,1,2
7070,0.0017860060324892402,0.013320611789822578,0.9848933815956116,-1,0.0,purchase_intent,youtube,0,1,3
7071,0.00933059211820364,0.09103857725858688,0.8996308445930481,0,1.0,purchase_intent,youtube,0,1,1
7073,0.002022651256993413,0.020110469311475754,0.9778669476509094,0,0.7728640132658191,purchase_intent,youtube,0,2,2
7075,0.010498934425413609,0.31269919872283936,0.676801860332489,0,1.0,passive_browsing,youtube,0,0,2
7077,0.020546087995171547,0.5159390568733215,0.4635148346424103,0,1.0,passive_browsing,youtube,0,0,2
7078,0.3292025327682495,0.47393372654914856,0.19686366617679596,-1,0.0,passive_browsing,youtube,9,1,3
7079,0.010034891776740551,0.12454932183027267,0.8654157519340515,-1,0.0,purchase_intent,youtube,0,1,1
7080,0.021736815571784973,0.3245372474193573,0.6537259221076965,-1,0.0,passive_browsing,youtube,0,1,1
7086,0.005937348119914532,0.6789144277572632,0.31514832377433777,0,1.0,passive_browsing,youtube,14,1,1
7087,0.8165323734283447,0.17428667843341827,0.009180905297398567,-1,0.0,churn_risk,youtube,133,5,1
7088,0.21227367222309113,0.2647085189819336,0.5230178236961365,0,1.0,passive_browsing,youtube,0,0,3
7089,0.011556809768080711,0.11950520426034927,0.8689379692077637,0,1.0,purchase_intent,youtube,1,0,1
7092,0.21639110147953033,0.5408285856246948,0.24278031289577484,-1,0.0,passive_browsing,youtube,8,0,2
7093,0.008629250340163708,0.06182994693517685,0.929540753364563,0,0.7359568066754045,purchase_intent,youtube,4,1,1
7097,0.21917949616909027,0.5421120524406433,0.23870845139026642,-1,0.0,passive_browsing,youtube,0,0,1
7100,0.03620171546936035,0.34878748655319214,0.6150107979774475,0,1.0,purchase_intent,youtube,2,1,1
7101,0.038085393607616425,0.8692798614501953,0.0926346629858017,-1,0.0,passive_browsing,youtube,8,1,2
7104,0.0031904822681099176,0.007749183103442192,0.9890602827072144,-1,0.0,purchase_intent,youtube,6,1,1
7107,0.6599201560020447,0.28998318314552307,0.050096653401851654,0,1.0,passive_browsing,youtube,12,2,4
7108,0.18365275859832764,0.6983582973480225,0.1179889366030693,-1,0.0,passive_browsing,youtube,1,0,1
7109,0.005613766610622406,0.02617495134472847,0.96821129322052,19,0.19543950634883556,purchase_intent,youtube,1,1,1
7110,0.0024197320453822613,0.04245641455054283,0.9551238417625427,0,1.0,purchase_intent,youtube,3,1,2
7112,0.08430951833724976,0.6595505475997925,0.25613993406295776,-1,0.0,passive_browsing,youtube,0,0,1
7119,0.02019686996936798,0.13730201125144958,0.8425011038780212,-1,0.0,purchase_intent,youtube,20,4,2
7122,0.12664933502674103,0.8143256306648254,0.05902498587965965,-1,0.0,passive_browsing,youtube,3,1,1
7128,0.02010675147175789,0.6893143057823181,0.2905789315700531,40,1.0,passive_browsing,youtube,0,0,2
7129,0.8638278245925903,0.12934622168540955,0.006825845222920179,2,1.0,churn_risk,youtube,0,1,2
7130,0.5190268158912659,0.40465500950813293,0.07631812244653702,0,0.9369241658456438,passive_browsing,youtube,112,13,8
7133,0.0037627415731549263,0.09441641718149185,0.9018208980560303,0,1.0,purchase_intent,youtube,0,3,2
7135,0.20050430297851562,0.7410048246383667,0.05849086120724678,-1,0.0,passive_browsing,youtube,0,0,1
7138,0.08055771887302399,0.8523032665252686,0.06713898479938507,-1,0.0,passive_browsing,youtube,2,1,1
7145,0.5334160327911377,0.28256094455718994,0.18402305245399475,0,1.0,passive_browsing,youtube,1,0,3
7146,0.005110270343720913,0.02205442078411579,0.9728353023529053,0,1.0,purchase_intent,youtube,1,1,1
7152,0.2489423155784607,0.44893017411231995,0.302127480506897,27,1.0,passive_browsing,youtube,1,1,1
7153,0.0028196307830512524,0.09698566049337387,0.9001946449279785,-1,0.0,purchase_intent,youtube,0,1,3
7154,0.011119321919977665,0.03506915643811226,0.9538114666938782,0,0.4694415423978297,purchase_intent,youtube,2,2,2
7155,0.003808736801147461,0.007791816722601652,0.9883993864059448,0,1.0,purchase_intent,youtube,2,1,1
7158,0.0021902690641582012,0.022690828889608383,0.9751189351081848,-1,0.0,purchase_intent,youtube,1,2,2
7159,0.003639226546511054,0.03143707290291786,0.9649237394332886,-1,0.0,purchase_intent,youtube,15,1,1
7161,0.030067486688494682,0.8738763332366943,0.09605615586042404,0,1.0,passive_browsing,youtube,1,1,3
7163,0.016317524015903473,0.14939089119434357,0.8342915773391724,0,1.0,purchase_intent,youtube,1,1,2
7164,0.0033066028263419867,0.17859309911727905,0.8181002736091614,0,1.0,purchase_intent,youtube,1,2,1
7165,0.8963502645492554,0.09802001714706421,0.005629671737551689,0,1.0,churn_risk,youtube,8,1,2
7166,0.030106252059340477,0.23059499263763428,0.7392987012863159,-1,0.0,purchase_intent,youtube,1,1,1
7168,0.003818030934780836,0.025401663035154343,0.9707803130149841,-1,0.0,purchase_intent,youtube,1,1,4
7169,0.08276133984327316,0.8119401931762695,0.1052984744310379,0,1.0,passive_browsing,youtube,2,1,1
7170,0.001833548303693533,0.017183631658554077,0.9809828400611877,0,0.8560810252658153,purchase_intent,youtube,0,1,1
7172,0.031992748379707336,0.9197673797607422,0.048239827156066895,0,1.0,passive_browsing,youtube,1,0,1
7173,0.07504143565893173,0.8757556676864624,0.049202896654605865,27,1.0,passive_browsing,youtube,2,1,4
7174,0.046268682926893234,0.9132071733474731,0.040524210780858994,-1,0.0,passive_browsing,youtube,1,1,1
7176,0.002282609697431326,0.020383160561323166,0.977334201335907,-1,0.0,purchase_intent,youtube,2,1,1
7177,0.03534909710288048,0.24547168612480164,0.7191791534423828,0,0.9379425432731046,purchase_intent,youtube,3,18,3
7179,0.008624142967164516,0.8068908452987671,0.18448509275913239,27,0.34654915533383485,passive_browsing,youtube,1,2,1
7181,0.20022526383399963,0.6888384222984314,0.11093635112047195,0,0.8434629965780133,passive_browsing,youtube,2,2,3
7189,0.006098056677728891,0.04822038486599922,0.9456815719604492,0,0.7497527517040985,purchase_intent,youtube,16,0,2
7190,0.01033639907836914,0.13292768597602844,0.85673588514328,0,1.0,purchase_intent,youtube,0,0,1
7203,0.11871155351400375,0.7821263670921326,0.09916212409734726,-1,0.0,passive_browsing,youtube,0,0,2
7204,0.1891614943742752,0.7763996124267578,0.03443887457251549,0,0.7978105640822247,passive_browsing,youtube,0,1,2
7207,0.027877798303961754,0.7760915160179138,0.1960306614637375,0,0.7650305023459556,passive_browsing,youtube,0,0,3
7208,0.8627369403839111,0.12718017399311066,0.010082824155688286,-1,0.0,churn_risk,youtube,0,0,1
7210,0.11016710102558136,0.8342759609222412,0.05555698275566101,0,0.7034363276817158,passive_browsing,youtube,0,2,2
7211,0.04401988908648491,0.28737762570381165,0.668602466583252,-1,0.0,passive_browsing,youtube,0,0,1
7212,0.9368603229522705,0.055903855711221695,0.007235843688249588,-1,0.0,churn_risk,youtube,0,0,2
7217,0.006778712850064039,0.1577569544315338,0.8354642987251282,7,0.8528548496751178,purchase_intent,youtube,2,1,3
7218,0.004434434697031975,0.15771959722042084,0.8378459811210632,7,0.25027654148112394,purchase_intent,youtube,4,1,1
7219,0.005995735060423613,0.3565760850906372,0.6374282240867615,7,1.0,purchase_intent,youtube,3,0,4
7220,0.028548430651426315,0.7774442434310913,0.19400735199451447,0,0.8422622898916298,passive_browsing,youtube,1,1,2
7221,0.003846976440399885,0.05591811239719391,0.9402348399162292,7,1.0,purchase_intent,youtube,2,0,2
7223,0.005616489797830582,0.016006596386432648,0.9783769845962524,0,0.8716499080706629,purchase_intent,youtube,0,0,1
7225,0.142015740275383,0.7711586952209473,0.08682554215192795,0,0.8128456976922618,passive_browsing,youtube,9,0,6
7227,0.002787903416901827,0.08129210770130157,0.9159199595451355,7,1.0,purchase_intent,youtube,1,1,2
7231,0.007014911621809006,0.41040149331092834,0.5825836062431335,7,1.0,purchase_intent,youtube,0,1,3
7232,0.004114910028874874,0.1831323206424713,0.8127528429031372,7,0.30013999889920995,purchase_intent,youtube,0,0,1
7233,0.01695159636437893,0.8647037744522095,0.11834461987018585,7,0.5451734351735472,passive_browsing,youtube,2,1,1
7234,0.003621499054133892,0.1578393578529358,0.8385391235351562,7,0.8369778083772996,purchase_intent,youtube,1,0,3
7236,0.004311159253120422,0.07694091647863388,0.9187479615211487,7,0.7193120459786271,purchase_intent,youtube,0,0,2
7237,0.002982325851917267,0.06055355444550514,0.9364641308784485,7,0.7769901731714062,purchase_intent,youtube,1,0,3
7238,0.004079258535057306,0.11635991185903549,0.8795608282089233,7,0.553400294466978,purchase_intent,youtube,3,0,3
7240,0.0029571829363703728,0.046910107135772705,0.9501327276229858,7,0.40840170306825013,purchase_intent,youtube,1,0,2
7241,0.14138981699943542,0.8380861282348633,0.020523997023701668,7,0.5345468099744491,passive_browsing,youtube,1,1,2
7244,0.0030769940931349993,0.03683709725737572,0.960085928440094,7,0.5263523116796278,purchase_intent,youtube,0,0,2
7245,0.016323085874319077,0.7695863246917725,0.21409061551094055,7,0.6608984793206588,passive_browsing,youtube,0,0,2
7247,0.022333059459924698,0.6748625040054321,0.3028044104576111,7,1.0,passive_browsing,youtube,0,0,5
7248,0.010300182737410069,0.588202953338623,0.40149685740470886,-1,0.0,passive_browsing,youtube,0,0,4
7249,0.005707306321710348,0.07406556606292725,0.9202271103858948,7,0.8528548496751178,purchase_intent,youtube,1,1,2
7252,0.030691375955939293,0.9399773478507996,0.029331238940358162,7,0.5902477964185057,passive_browsing,youtube,0,0,1
7253,0.012312527745962143,0.8894129991531372,0.09827451407909393,7,0.7161082102708987,passive_browsing,youtube,0,0,2
7255,0.01929783634841442,0.8910626173019409,0.08963951468467712,7,0.3743750504050553,passive_browsing,youtube,0,0,1
7256,0.011415203101933002,0.9464136362075806,0.04217108339071274,7,0.4798558825660516,passive_browsing,youtube,1,1,4
7257,0.004980363883078098,0.18908455967903137,0.8059350252151489,7,0.9352322814469985,purchase_intent,youtube,1,0,1
7262,0.008850045502185822,0.9192092418670654,0.07194063067436218,7,0.9352322814469985,passive_browsing,youtube,0,0,2
7264,0.018714459612965584,0.8453107476234436,0.1359747052192688,7,0.6682086139731467,passive_browsing,youtube,0,0,1
7267,0.0023802623618394136,0.0410446859896183,0.9565750360488892,7,0.5821551098287343,purchase_intent,youtube,1,1,2
7269,0.021839411929249763,0.9428640604019165,0.035296522080898285,7,0.6402344727045222,passive_browsing,youtube,0,0,1
7270,0.0164828822016716,0.8303187489509583,0.15319831669330597,7,0.2530711019486655,passive_browsing,youtube,1,1,2
7271,0.0026092478074133396,0.14164605736732483,0.8557447195053101,7,0.8269899815939308,purchase_intent,youtube,0,0,3
7272,0.0044976272620260715,0.06954237073659897,0.9259600043296814,7,0.8348901313201235,purchase_intent,youtube,0,0,1
7273,0.009440370835363865,0.5714702606201172,0.4190893769264221,7,0.9040123478047238,passive_browsing,youtube,0,0,1
7274,0.07763693481683731,0.8884108662605286,0.033952243626117706,7,0.9012416560038458,passive_browsing,youtube,0,0,2
7275,0.024209391325712204,0.9407366514205933,0.03505392000079155,7,0.684473969390144,passive_browsing,youtube,0,0,3
7276,0.011979224160313606,0.7135968804359436,0.2744239866733551,7,0.5568917880346849,passive_browsing,youtube,0,1,1
7277,0.005480346269905567,0.42585328221321106,0.5686663389205933,7,0.9352322814469985,purchase_intent,youtube,0,0,2
7278,0.002152618020772934,0.06977333873510361,0.928074061870575,7,0.825862338252911,purchase_intent,youtube,1,1,3
7279,0.0077515775337815285,0.9306995272636414,0.06154891103506088,7,0.9460104777209543,passive_browsing,youtube,0,0,1
7280,0.0045549022033810616,0.17023548483848572,0.8252096176147461,7,1.0,purchase_intent,youtube,1,1,1
7281,0.0037391996011137962,0.07982337474822998,0.9164373874664307,7,0.7954815542574165,purchase_intent,youtube,0,0,2
7283,0.002913429867476225,0.036449700593948364,0.9606369137763977,7,0.311419741908962,purchase_intent,youtube,2,1,4
7284,0.024216508492827415,0.9072694778442383,0.06851396709680557,7,0.906373181263629,passive_browsing,youtube,0,0,1
7285,0.004212678410112858,0.08776271343231201,0.9080245494842529,7,0.5522937459464404,purchase_intent,youtube,0,0,2
7287,0.004668482579290867,0.17729127407073975,0.8180403113365173,7,1.0,purchase_intent,youtube,0,0,1
7289,0.014144117943942547,0.8755183815956116,0.11033749580383301,7,0.7753597781122761,passive_browsing,youtube,1,0,1
7290,0.008437617681920528,0.25842782855033875,0.7331345081329346,7,0.25981127317386743,purchase_intent,youtube,0,0,1
7291,0.0026561717968434095,0.16428400576114655,0.8330597877502441,7,0.6301749586620343,purchase_intent,youtube,0,0,1
7292,0.009929921478033066,0.5445290803909302,0.4455409348011017,7,1.0,passive_browsing,youtube,0,0,3
7293,0.004478466231375933,0.09643203765153885,0.8990895748138428,7,0.9941504627634774,purchase_intent,youtube,0,0,2
7294,0.0017908933805301785,0.019595801830291748,0.9786133170127869,7,0.8334956521990847,purchase_intent,youtube,0,0,2
7295,0.014110338874161243,0.9418976306915283,0.04399196803569794,7,0.38237068816450415,passive_browsing,youtube,0,0,1
7296,0.008380628190934658,0.7318181991577148,0.25980111956596375,7,0.25389684838281634,passive_browsing,youtube,0,2,2
7297,0.01947164349257946,0.906032145023346,0.07449617236852646,7,0.3474646044373903,passive_browsing,youtube,0,0,2
7298,0.002473724540323019,0.06344202160835266,0.9340842366218567,7,0.3818912703438545,purchase_intent,youtube,0,0,2
7299,0.0017810926074162126,0.014229349792003632,0.9839895367622375,7,0.7279292756536913,purchase_intent,youtube,1,1,1
7300,0.013479729183018208,0.869647204875946,0.1168731153011322,7,1.0,passive_browsing,youtube,0,0,2
7301,0.003808043897151947,0.2578037977218628,0.738388180732727,7,0.9676642532243473,purchase_intent,youtube,0,0,2
7302,0.012583162635564804,0.8971845507621765,0.0902322456240654,7,0.6953531748855702,passive_browsing,youtube,0,0,2
7303,0.004382024053484201,0.11617264896631241,0.8794453740119934,7,0.9000217303023352,purchase_intent,youtube,0,0,1
7304,0.005058682523667812,0.1419457644224167,0.8529956340789795,7,0.20745037573108074,purchase_intent,youtube,1,1,3
7305,0.004573666024953127,0.29520711302757263,0.7002192139625549,7,1.0,purchase_intent,youtube,0,0,1
7306,0.004039188846945763,0.03989255800843239,0.9560682773590088,7,0.1708660257306331,purchase_intent,youtube,0,0,4
7308,0.02735077776014805,0.8203301429748535,0.15231916308403015,7,0.5523828834811537,passive_browsing,youtube,0,0,4
7361,0.01596987619996071,0.39996597170829773,0.5840641260147095,0,0.9225086094818479,purchase_intent,youtube,1,1,9
7362,0.02466275729238987,0.7723900079727173,0.20294727385044098,0,0.9636788013337517,passive_browsing,youtube,0,0,13
7363,0.013457896187901497,0.3546684682369232,0.6318736672401428,0,0.9256239542876199,purchase_intent,youtube,0,0,11
7364,0.00646519660949707,0.9080917239189148,0.08544314652681351,0,0.8849109379443129,passive_browsing,youtube,0,0,2
7365,0.00637102173641324,0.3802977502346039,0.6133312582969666,0,1.0,passive_browsing,youtube,0,0,2
7366,0.004674460273236036,0.014583052136003971,0.9807424545288086,0,1.0,purchase_intent,youtube,0,0,2
7367,0.0036025927402079105,0.03494010493159294,0.9614572525024414,0,1.0,purchase_intent,youtube,0,0,3
7368,0.007670714985579252,0.05485861748456955,0.9374706149101257,0,1.0,purchase_intent,youtube,0,0,4
7369,0.005096447188407183,0.07309313863515854,0.9218104481697083,0,1.0,purchase_intent,youtube,0,0,3
7370,0.0033593883272260427,0.025736723095178604,0.9709039330482483,0,1.0,purchase_intent,youtube,0,0,1
7371,0.0074846940115094185,0.045721787959337234,0.9467935562133789,0,0.9606917930657071,purchase_intent,youtube,0,0,2
7372,0.0025433239061385393,0.014953646808862686,0.9825030565261841,0,1.0,purchase_intent,youtube,0,0,2
7373,0.6128183603286743,0.36756864190101624,0.019612992182374,-1,0.0,passive_browsing,youtube,1,0,1
7377,0.00399031350389123,0.040248118340969086,0.9557614922523499,0,1.0,purchase_intent,youtube,0,0,3
7378,0.004714414943009615,0.0330614298582077,0.9622241854667664,0,0.9256239542876199,purchase_intent,youtube,2,0,1
7379,0.021782105788588524,0.12281358987092972,0.8554043173789978,-1,0.0,purchase_intent,youtube,0,1,1
7395,0.7446845173835754,0.2026032954454422,0.052712228149175644,-1,0.0,churn_risk,youtube,1087,24,2
7399,0.01390603557229042,0.07316797971725464,0.9129260182380676,-1,0.0,purchase_intent,youtube,5636,61,1
7400,0.01978445053100586,0.13691337406635284,0.8433021306991577,-1,0.0,purchase_intent,youtube,2417,14,1
7401,0.014840302057564259,0.04368787631392479,0.9414718151092529,-1,0.0,purchase_intent,youtube,15,0,1
7406,0.22956329584121704,0.5242408514022827,0.24619585275650024,38,0.9492964811455518,passive_browsing,youtube,23,0,2
7407,0.19485987722873688,0.41452810168266296,0.39061206579208374,0,0.648851555883769,passive_browsing,youtube,142,0,1
7412,0.1031532734632492,0.46725210547447205,0.4295945465564728,31,1.0,passive_browsing,youtube,154,6,2
7413,0.14195114374160767,0.4526955485343933,0.405353307723999,31,0.828547780731057,passive_browsing,youtube,306,1,3
7415,0.010775088332593441,0.02655145898461342,0.9626734256744385,-1,0.0,purchase_intent,youtube,643,28,1
7417,0.05638482794165611,0.26365235447883606,0.6799628734588623,-1,0.0,passive_browsing,youtube,311,2,1
7418,0.5530361533164978,0.4293614327907562,0.017602425068616867,0,0.3908829257138291,passive_browsing,youtube,52,4,1
7419,0.004400802310556173,0.017422018572688103,0.9781771898269653,0,0.6031679520856111,purchase_intent,youtube,90,1,1
7420,0.3953641355037689,0.5458608865737915,0.058775048702955246,3,0.5097736329807873,passive_browsing,youtube,144,2,2
7421,0.021950572729110718,0.272152304649353,0.7058970928192139,31,0.9461539681289689,purchase_intent,youtube,14,0,1
7422,0.9006724953651428,0.09031373262405396,0.00901377946138382,31,0.7951888046277951,churn_risk,youtube,58,2,1
7424,0.22929392755031586,0.5521769523620605,0.21852914988994598,19,1.0,passive_browsing,youtube,11,0,1
7425,0.46505993604660034,0.4582400619983673,0.07669997215270996,31,1.0,passive_browsing,youtube,252,14,4
7427,0.02135062962770462,0.08414851129055023,0.8945009112358093,-1,0.0,purchase_intent,youtube,11,0,1
7428,0.6993688344955444,0.2308303415775299,0.06980080157518387,-1,0.0,passive_browsing,youtube,881,27,2
7429,0.7284761667251587,0.231702983379364,0.039820801466703415,31,0.9170462802466315,churn_risk,youtube,69,0,2
7433,0.3371678292751312,0.4706098735332489,0.19222234189510345,31,1.0,passive_browsing,youtube,99,4,1
7434,0.00740834791213274,0.2110980600118637,0.7814935445785522,31,1.0,purchase_intent,youtube,74,1,1
7438,0.02779322862625122,0.3261319398880005,0.6460748314857483,31,1.0,passive_browsing,youtube,295,15,2
7443,0.013868511654436588,0.12365902960300446,0.8624724745750427,-1,0.0,purchase_intent,youtube,106,1,1
7444,0.459040105342865,0.3713202178478241,0.1696396917104721,-1,0.0,passive_browsing,youtube,875,38,3
7449,0.007834875956177711,0.018216032534837723,0.9739490747451782,-1,0.0,purchase_intent,youtube,711,30,1
7450,0.14489996433258057,0.4564118981361389,0.3986881375312805,-1,0.0,passive_browsing,youtube,47,0,2
7456,0.029784325510263443,0.14539524912834167,0.8248203992843628,31,1.0,purchase_intent,youtube,70,1,2
7458,0.08020280301570892,0.09866286814212799,0.8211343288421631,-1,0.0,purchase_intent,youtube,577,10,1
7459,0.2818679213523865,0.4957130551338196,0.22241906821727753,-1,0.0,passive_browsing,youtube,20,0,1
7472,0.3607270121574402,0.4895350933074951,0.1497378945350647,31,1.0,passive_browsing,youtube,19,0,1
7479,0.5082722902297974,0.40764597058296204,0.08408179134130478,-1,0.0,passive_browsing,youtube,3,0,2
7480,0.8554027676582336,0.12057767063379288,0.024019625037908554,31,0.9170462802466315,churn_risk,youtube,39,3,1
7488,0.46264156699180603,0.49330997467041016,0.044048432260751724,-1,0.0,passive_browsing,youtube,4,1,3
7489,0.0017339913174510002,0.014110357500612736,0.9841556549072266,0,0.7980921955124484,purchase_intent,youtube,3,0,1
7495,0.07940211147069931,0.8279764652252197,0.09262140095233917,0,0.7059447252528003,passive_browsing,youtube,0,1,4
7496,0.7220051288604736,0.25902506709098816,0.018969755619764328,0,0.7434703483597346,churn_risk,youtube,0,1,2
7498,0.007031536661088467,0.029208684340119362,0.9637598395347595,-1,0.0,purchase_intent,youtube,0,1,1
7501,0.023566432297229767,0.9276313185691833,0.04880230128765106,-1,0.0,passive_browsing,youtube,0,1,1
7503,0.10448130965232849,0.8664151430130005,0.02910354733467102,-1,0.0,passive_browsing,youtube,0,0,1
7506,0.02122913859784603,0.2811338007450104,0.6976370811462402,1,0.6562847074630921,passive_browsing,youtube,0,0,1
7507,0.013292321935296059,0.11991751194000244,0.8667901754379272,9,0.8950167494751805,purchase_intent,youtube,0,1,2
7509,0.03065827675163746,0.6695438623428345,0.29979783296585083,-1,0.0,passive_browsing,youtube,1,1,2
7512,0.49114882946014404,0.48137184977531433,0.027479249984025955,0,0.671794362913809,passive_browsing,youtube,0,0,2
7514,0.03984173759818077,0.9340927600860596,0.026065470650792122,-1,0.0,passive_browsing,youtube,0,0,1
7515,0.003516326891258359,0.014365513809025288,0.9821181297302246,-1,0.0,purchase_intent,youtube,0,1,1
7519,0.028219083324074745,0.9426825642585754,0.029098303988575935,35,0.950687981438017,passive_browsing,youtube,0,1,1
7520,0.6244848966598511,0.3594663143157959,0.016048777848482132,0,0.5027118672856437,passive_browsing,youtube,2,3,1
7521,0.0037068012170493603,0.06858034431934357,0.9277128577232361,-1,0.0,purchase_intent,youtube,0,0,1
7528,0.02728131227195263,0.9451342225074768,0.02758450247347355,0,0.687856517220896,passive_browsing,youtube,0,0,1
7530,0.5323830842971802,0.45220908522605896,0.015407812781631947,0,0.39394812888955555,passive_browsing,youtube,0,1,1
7532,0.6562239527702332,0.33258575201034546,0.011190282180905342,36,1.0,passive_browsing,youtube,0,1,1
7535,0.9080595970153809,0.0835074633359909,0.008432969450950623,-1,0.0,churn_risk,youtube,0,1,2
7539,0.2863740622997284,0.694256067276001,0.019369851797819138,-1,0.0,passive_browsing,youtube,0,1,1
7545,0.8865483999252319,0.09982426464557648,0.013627326115965843,0,0.9067370914205564,churn_risk,youtube,2,1,3
7548,0.12638600170612335,0.8064921498298645,0.06712184846401215,9,0.8677759032242612,passive_browsing,youtube,0,1,1
7549,0.8317164182662964,0.15189692378044128,0.016386620700359344,-1,0.0,churn_risk,youtube,1,1,2
7553,0.007620011456310749,0.3893529176712036,0.6030271649360657,-1,0.0,passive_browsing,youtube,18,0,1
7554,0.0038289022631943226,0.02246788889169693,0.9737032055854797,0,0.9542371109442226,purchase_intent,youtube,0,0,1
7557,0.05245934799313545,0.7129526138305664,0.2345881164073944,0,0.5320253602330507,passive_browsing,youtube,0,0,1
7558,0.00318100000731647,0.031048443168401718,0.9657706022262573,-1,0.0,purchase_intent,youtube,0,0,1
7577,0.25450605154037476,0.5464625358581543,0.19903132319450378,0,0.9006964256334302,passive_browsing,youtube,0,0,1
7592,0.018441757187247276,0.3581713140010834,0.6233868598937988,0,0.7295266095347231,passive_browsing,youtube,0,0,1
7606,0.3862321674823761,0.5524283647537231,0.06133943796157837,-1,0.0,passive_browsing,youtube,160,5,1
7610,0.1401180773973465,0.8222869634628296,0.03759497031569481,0,0.39394812888955555,passive_browsing,youtube,7,0,1
7612,0.062371186912059784,0.37701886892318726,0.5606099367141724,-1,0.0,passive_browsing,youtube,54,3,2
7613,0.006289877463132143,0.01871727965772152,0.9749928116798401,-1,0.0,purchase_intent,youtube,3,0,2
7614,0.8368728160858154,0.15589116513729095,0.0072360266931355,-1,0.0,churn_risk,youtube,43,4,5
7615,0.8002070188522339,0.18609844148159027,0.01369451079517603,-1,0.0,churn_risk,youtube,33,1,5
7616,0.8123453855514526,0.18033207952976227,0.007322586607187986,38,1.0,churn_risk,youtube,77,12,2
7617,0.8478278517723083,0.12567533552646637,0.026496857404708862,-1,0.0,churn_risk,youtube,7,0,2
7618,0.6107380986213684,0.3413580060005188,0.04790383577346802,-1,0.0,passive_browsing,youtube,13,0,1
7621,0.36516058444976807,0.578549325466156,0.05629008635878563,9,0.672344675300026,passive_browsing,youtube,3,0,3
7622,0.01924593187868595,0.1685696691274643,0.8121843338012695,-1,0.0,purchase_intent,youtube,3,1,4
7624,0.25073325634002686,0.6841148138046265,0.06515193730592728,9,0.5327645431807385,passive_browsing,youtube,6,0,1
7625,0.018195156008005142,0.1445799320936203,0.8372248411178589,5,1.0,purchase_intent,youtube,1,0,5
7626,0.08231677114963531,0.50356125831604,0.414122074842453,0,0.5921955620438994,passive_browsing,youtube,0,0,2
7627,0.011654623784124851,0.9439661502838135,0.044379230588674545,0,0.39394812888955555,passive_browsing,youtube,46,9,2
7630,0.2693786919116974,0.5085068941116333,0.2221144586801529,-1,0.0,passive_browsing,youtube,2,1,3
7632,0.3714510202407837,0.6082791686058044,0.02026982791721821,0,0.3926557825747892,passive_browsing,youtube,2,0,1
7634,0.010094418190419674,0.3730170726776123,0.6168885231018066,43,1.0,passive_browsing,youtube,0,0,1
7636,0.0402565523982048,0.4333016276359558,0.5264418125152588,-1,0.0,purchase_intent,youtube,29,2,4
7644,0.2782154679298401,0.6815075874328613,0.04027697443962097,-1,0.0,passive_browsing,youtube,10,2,2
7647,0.008917641825973988,0.06825991719961166,0.9228224158287048,-1,0.0,purchase_intent,youtube,0,0,1
7651,0.4880327880382538,0.46628376841545105,0.04568355157971382,-1,0.0,passive_browsing,youtube,2,0,1
7652,0.9231890439987183,0.07095292955636978,0.005857958924025297,-1,0.0,churn_risk,youtube,13,4,1
7653,0.3086504340171814,0.6523143649101257,0.039035193622112274,-1,0.0,passive_browsing,youtube,0,0,1
7655,0.36636418104171753,0.6080983877182007,0.0255373977124691,0,0.39394812888955555,passive_browsing,youtube,2,0,1
7656,0.010311734862625599,0.0896417424082756,0.9000465273857117,-1,0.0,purchase_intent,youtube,0,0,2
7658,0.6989894509315491,0.28579166531562805,0.015218946151435375,-1,0.0,churn_risk,youtube,0,0,3
7662,0.6326774954795837,0.3438667953014374,0.023455677554011345,0,0.381163393460399,passive_browsing,youtube,3,0,1
7663,0.49771174788475037,0.4786084294319153,0.023679833859205246,0,0.3872065650591203,passive_browsing,youtube,0,0,1
7668,0.6447737216949463,0.3430987298488617,0.01212761364877224,-1,0.0,passive_browsing,youtube,0,0,3
7669,0.7795666456222534,0.20748038589954376,0.012952983379364014,9,0.5678723855656224,churn_risk,youtube,0,0,1
7670,0.8465280532836914,0.14481540024280548,0.008656537160277367,-1,0.0,churn_risk,youtube,0,0,3
7671,0.3346313238143921,0.5837964415550232,0.0815722793340683,-1,0.0,passive_browsing,youtube,1,0,3
7672,0.5605835914611816,0.4137174189090729,0.025698965415358543,-1,0.0,passive_browsing,youtube,0,0,3
7673,0.7443280220031738,0.2415963113307953,0.014075727201998234,-1,0.0,churn_risk,youtube,2,0,1
7674,0.7678009271621704,0.21974553167819977,0.012453549541532993,3,0.8080155148057175,churn_risk,youtube,0,0,8
7676,0.11100145429372787,0.8617424964904785,0.027256127446889877,9,0.642665285081705,passive_browsing,youtube,0,0,1
7677,0.7703408598899841,0.22058521211147308,0.009074011817574501,0,0.7895914389357782,churn_risk,youtube,0,0,3
7680,0.007020050659775734,0.1751241832971573,0.817855715751648,-1,0.0,purchase_intent,youtube,0,0,1
7681,0.5521818995475769,0.40935996174812317,0.03845810517668724,-1,0.0,passive_browsing,youtube,0,0,2
7686,0.012880044057965279,0.11166191101074219,0.8754580020904541,-1,0.0,purchase_intent,youtube,1,0,10
7688,0.19764792919158936,0.6942148804664612,0.10813725739717484,-1,0.0,passive_browsing,youtube,2,0,1
7689,0.8805556297302246,0.10191071778535843,0.0175336804240942,-1,0.0,churn_risk,youtube,0,0,1
7693,0.4723602831363678,0.4937727749347687,0.03386691212654114,-1,0.0,passive_browsing,youtube,0,3,1
7694,0.584869384765625,0.3992021381855011,0.015928437933325768,0,0.381163393460399,passive_browsing,youtube,0,0,1
7695,0.78174889087677,0.18968194723129272,0.02856912463903427,0,0.6966196174163277,churn_risk,youtube,2,1,2
7697,0.9041528701782227,0.08591200411319733,0.009935101494193077,0,0.39394812888955555,churn_risk,youtube,0,0,2
7698,0.1425640732049942,0.5715692639350891,0.2858666777610779,-1,0.0,passive_browsing,youtube,0,2,2
7702,0.883125364780426,0.10774283856153488,0.009131795726716518,-1,0.0,churn_risk,youtube,7,0,1
7706,0.9343547224998474,0.058894358575344086,0.00675082765519619,-1,0.0,churn_risk,youtube,20,0,3
7707,0.9155758023262024,0.0771772488951683,0.00724693201482296,0,0.39394812888955555,churn_risk,youtube,13,4,4
7710,0.69842928647995,0.28101682662963867,0.02055390365421772,-1,0.0,passive_browsing,youtube,6,1,2
7711,0.9084736704826355,0.08313505351543427,0.008391245268285275,0,0.7123925738170904,churn_risk,youtube,11,0,3
7713,0.5473529100418091,0.4237886071205139,0.028858445584774017,-1,0.0,passive_browsing,youtube,4,0,1
7714,0.45016613602638245,0.5087436437606812,0.041090238839387894,-1,0.0,passive_browsing,youtube,3,1,3
7716,0.9113567471504211,0.08139488846063614,0.007248348090797663,-1,0.0,churn_risk,youtube,4,0,1
7717,0.0787046030163765,0.8564164638519287,0.06487896293401718,-1,0.0,passive_browsing,youtube,1,0,1
7719,0.9507202506065369,0.04246619716286659,0.006813606712967157,-1,0.0,churn_risk,youtube,6,0,1
7721,0.7391547560691833,0.24450217187404633,0.016343072056770325,-1,0.0,churn_risk,youtube,1,0,1
7725,0.9170728325843811,0.07301528751850128,0.009911955334246159,38,1.0,churn_risk,youtube,1,0,1
7726,0.9124298095703125,0.07935035228729248,0.008219800889492035,-1,0.0,churn_risk,youtube,0,0,2
7729,0.8981229066848755,0.09391778707504272,0.007959256879985332,-1,0.0,churn_risk,youtube,1,0,3
7731,0.9322123527526855,0.06147274374961853,0.006314832251518965,-1,0.0,churn_risk,youtube,0,0,6
7733,0.08836779743432999,0.16485202312469482,0.7467802166938782,12,0.7615701644667585,purchase_intent,youtube,3226,12,2
7734,0.003838482778519392,0.03892778605222702,0.9572337865829468,28,0.5307272079074451,purchase_intent,youtube,4030,9,2
7736,0.18035651743412018,0.30925196409225464,0.5103915333747864,12,0.5440713425839575,passive_browsing,youtube,2805,19,1
7737,0.0823584645986557,0.33414509892463684,0.5834965109825134,28,0.7137787439617673,passive_browsing,youtube,3318,39,1
7738,0.007674934342503548,0.08155905455350876,0.9107659459114075,19,1.0,purchase_intent,youtube,63,1,1
7739,0.8422333598136902,0.14820900559425354,0.009557634592056274,5,0.827897066126776,churn_risk,youtube,1065,14,1
7742,0.858338475227356,0.1301470696926117,0.011514517478644848,9,0.7671988874307136,churn_risk,youtube,1077,17,1
7745,0.13736580312252045,0.3355950117111206,0.5270392298698425,12,0.28600692590334453,passive_browsing,youtube,2345,10,2
7746,0.8477383852005005,0.13814124464988708,0.014120398089289665,12,0.4469809788052442,churn_risk,youtube,4716,110,2
7748,0.010536307469010353,0.40355971455574036,0.5859039425849915,28,1.0,passive_browsing,youtube,488,11,3
7749,0.004089078865945339,0.011701918207108974,0.9842090010643005,12,0.4143265795688249,purchase_intent,youtube,462,1,1
7750,0.12019701302051544,0.6884375214576721,0.19136546552181244,19,0.9258818906847803,passive_browsing,youtube,30,0,1
7751,0.45691215991973877,0.5008512139320374,0.04223666712641716,-1,0.0,passive_browsing,youtube,209,1,7
7752,0.008881568908691406,0.04849635809659958,0.9426220655441284,-1,0.0,purchase_intent,youtube,795,18,1
7753,0.023599056527018547,0.06610056757926941,0.9103003740310669,-1,0.0,purchase_intent,youtube,35,0,4
7754,0.04554351046681404,0.18686817586421967,0.7675883173942566,12,0.8480380179448243,purchase_intent,youtube,118,0,1
7755,0.006901500280946493,0.028761476278305054,0.9643370509147644,0,0.6949307319057203,purchase_intent,youtube,235,1,3
7759,0.11756671220064163,0.7956151366233826,0.0868181511759758,0,0.858152433737755,passive_browsing,youtube,10,0,4
7760,0.901418149471283,0.0921834334731102,0.006398403085768223,28,0.42637837497154035,churn_risk,youtube,281,8,3
7761,0.5770732164382935,0.40106406807899475,0.021862704306840897,28,1.0,passive_browsing,youtube,236,9,8
7762,0.0142515292391181,0.08077573776245117,0.9049726724624634,12,1.0,purchase_intent,youtube,1,0,2
7763,0.5604409575462341,0.40197283029556274,0.037586163729429245,0,0.573716051998852,churn_risk,youtube,341,4,8
7764,0.7105910181999207,0.27680307626724243,0.012605932541191578,-1,0.0,churn_risk,youtube,400,6,1
7765,0.03262733668088913,0.14770090579986572,0.8196718096733093,19,0.9948853017013349,purchase_intent,youtube,13,0,1
7767,0.5115814208984375,0.29077112674713135,0.19764743745326996,28,0.4593660164229996,passive_browsing,youtube,188,5,3
7769,0.2357952743768692,0.6353240609169006,0.12888066470623016,0,0.8275792715057234,passive_browsing,youtube,176,5,8
7770,0.3762781620025635,0.5327945351600647,0.09092728793621063,28,0.7956591382972404,passive_browsing,youtube,170,2,3
7772,0.4231397807598114,0.4972195625305176,0.07964061945676804,9,0.9362873436724255,passive_browsing,youtube,589,4,4
7773,0.6697841882705688,0.2971532642841339,0.03306259959936142,28,1.0,churn_risk,youtube,760,8,6
7774,0.0037676645442843437,0.0064935218542814255,0.9897388815879822,0,0.872301757570714,purchase_intent,youtube,1,0,1
7778,0.8609263300895691,0.13152392208576202,0.007549735717475414,-1,0.0,churn_risk,youtube,60,4,3
7780,0.8032016754150391,0.18312963843345642,0.013668667525053024,9,0.5239327269067444,churn_risk,youtube,13,0,1
7781,0.029002491384744644,0.1388516128063202,0.8321458697319031,-1,0.0,purchase_intent,youtube,71,1,1
7782,0.006535966880619526,0.02135085128247738,0.9721131920814514,-1,0.0,purchase_intent,youtube,238,6,5
7783,0.016578953713178635,0.1313067376613617,0.8521143198013306,28,1.0,purchase_intent,youtube,9,1,2
7784,0.005214493256062269,0.012551131658256054,0.9822344183921814,-1,0.0,purchase_intent,youtube,69,0,1
7785,0.17099228501319885,0.5875182747840881,0.2414894700050354,28,1.0,passive_browsing,youtube,72,3,2
7787,0.8858156800270081,0.09612055122852325,0.018063858151435852,15,0.23433031543420188,churn_risk,youtube,157,9,4
7790,0.124425508081913,0.5196624398231506,0.35591208934783936,19,1.0,passive_browsing,youtube,5,0,1
7793,0.6670795679092407,0.25183093547821045,0.0810895636677742,-1,0.0,passive_browsing,youtube,82,2,3
7796,0.002684379927814007,0.01944115199148655,0.9778744578361511,28,1.0,purchase_intent,youtube,47,1,2
7798,0.9002892374992371,0.09241105616092682,0.007299641612917185,25,0.3517564294026554,churn_risk,youtube,5,0,1
7802,0.06548334658145905,0.8553556203842163,0.07916096597909927,-1,0.0,passive_browsing,youtube,15,0,1
7807,0.5915313363075256,0.38282597064971924,0.025642739608883858,19,1.0,passive_browsing,youtube,0,0,1
7808,0.8335042595863342,0.14980192482471466,0.016693836078047752,28,1.0,churn_risk,youtube,15,0,4
7810,0.9494701623916626,0.043892260640859604,0.006637563928961754,28,0.41680276108032904,churn_risk,youtube,1,0,1
7811,0.6397129893302917,0.3040546476840973,0.056232381612062454,28,1.0,passive_browsing,youtube,74,1,3
7812,0.043098486959934235,0.1386844962835312,0.8182170391082764,12,0.8679188972383928,purchase_intent,youtube,43,0,2
7815,0.07734318822622299,0.8194517493247986,0.10320502519607544,-1,0.0,passive_browsing,youtube,15,0,1
7819,0.853213369846344,0.13496825098991394,0.011818425729870796,4,1.0,churn_risk,youtube,4,0,3
7820,0.015158895403146744,0.027466654777526855,0.9573744535446167,12,0.4407066442518233,purchase_intent,youtube,4,0,1
7825,0.0032417394686490297,0.009161102585494518,0.9875971674919128,19,1.0,purchase_intent,youtube,3,0,1
7831,0.18741375207901,0.6783782243728638,0.13420802354812622,28,1.0,passive_browsing,youtube,1,0,1
7836,0.0030519403517246246,0.040326204150915146,0.9566218256950378,29,1.0,purchase_intent,youtube,17,3,1
7838,0.0027431214693933725,0.03365445137023926,0.9636024236679077,29,0.7194643877348028,purchase_intent,youtube,14,2,1
7843,0.004091249313205481,0.03543638065457344,0.9604723453521729,29,1.0,purchase_intent,youtube,0,0,1
7865,0.005754193756729364,0.45013323426246643,0.5441125631332397,29,1.0,passive_browsing,youtube,1,1,1
7868,0.003856053575873375,0.03981252759695053,0.9563313722610474,36,0.9477770246234442,purchase_intent,youtube,0,0,1
7869,0.004174416419118643,0.011178430169820786,0.9846471548080444,29,1.0,purchase_intent,youtube,5,1,1
7870,0.010686089284718037,0.13460446894168854,0.8547094464302063,29,0.5269383877116373,purchase_intent,youtube,0,0,1
7875,0.0031689687166363,0.02222217619419098,0.9746088981628418,29,0.49544167505414494,purchase_intent,youtube,2,1,8
7876,0.0035066730342805386,0.064817413687706,0.9316759705543518,29,1.0,purchase_intent,youtube,1,1,1
7880,0.0040129912085831165,0.16198861598968506,0.833998441696167,29,1.0,purchase_intent,youtube,0,0,2
7882,0.014450454153120518,0.38129472732543945,0.6042548418045044,29,1.0,passive_browsing,youtube,2,1,1
7884,0.004583053290843964,0.04642810299992561,0.9489888548851013,29,1.0,purchase_intent,youtube,0,1,1
7888,0.0035854943562299013,0.36563488841056824,0.6307796239852905,29,1.0,passive_browsing,youtube,0,1,1
7889,0.7373464107513428,0.24881602823734283,0.013837598264217377,29,0.8106769603656125,churn_risk,youtube,0,0,2
7894,0.004762144293636084,0.16927729547023773,0.8259605169296265,29,0.6957225568053502,purchase_intent,youtube,2,1,3
7901,0.005438743159174919,0.19008255004882812,0.804478645324707,29,1.0,purchase_intent,youtube,0,1,1
7905,0.03959556296467781,0.40140604972839355,0.5589984655380249,0,0.5296156111194141,passive_browsing,youtube,0,1,3
7909,0.07755077630281448,0.1980614811182022,0.7243877053260803,29,0.6676863804090684,purchase_intent,youtube,0,1,2
7921,0.023415790870785713,0.8402083516120911,0.13637591898441315,29,0.9050021000274984,passive_browsing,youtube,0,0,1
7934,0.45186084508895874,0.4842255413532257,0.06391356140375137,0,1.0,passive_browsing,youtube,159,1,3
7936,0.0036959012504667044,0.019297869876027107,0.9770062565803528,0,0.7022544819087261,purchase_intent,youtube,53,2,1
7937,0.01232651062309742,0.04441390186548233,0.9432595372200012,0,0.9506367330024464,purchase_intent,youtube,12,2,1
7938,0.13590151071548462,0.5423623323440552,0.3217361569404602,0,1.0,passive_browsing,youtube,138,1,2
7946,0.0029936423525214195,0.01730804704129696,0.9796983003616333,-1,0.0,purchase_intent,youtube,1,2,1
7947,0.003436259226873517,0.027965858578681946,0.9685978889465332,0,0.7869012585192452,purchase_intent,youtube,7,2,1
7948,0.10939761251211166,0.14286097884178162,0.7477414011955261,0,0.6530331953142567,purchase_intent,youtube,3,1,3
7953,0.010482965037226677,0.03658289089798927,0.9529341459274292,0,0.898497736950773,purchase_intent,youtube,9,2,1
7956,0.007283993065357208,0.027512110769748688,0.9652038812637329,0,0.9075966935914015,purchase_intent,youtube,44,3,1
7957,0.00500112771987915,0.013220496475696564,0.9817783832550049,0,0.938826496936474,purchase_intent,youtube,3,2,1
7960,0.01220652088522911,0.4932509660720825,0.49454250931739807,0,0.9062056324124401,passive_browsing,youtube,2,0,5
7962,0.7365081906318665,0.242630273103714,0.020861562341451645,40,0.8554200651671763,churn_risk,youtube,40,3,2
7963,0.006847053300589323,0.03206838667392731,0.9610844850540161,0,1.0,purchase_intent,youtube,59,5,2
7964,0.012663349509239197,0.09733529388904572,0.8900013566017151,-1,0.0,purchase_intent,youtube,9,2,1
7967,0.003911926876753569,0.013256930746138096,0.9828311204910278,24,0.6536609096215321,purchase_intent,youtube,0,1,2
7968,0.0034545939415693283,0.007309954613447189,0.9892354607582092,-1,0.0,purchase_intent,youtube,0,1,1
7972,0.008507974445819855,0.05145842954516411,0.9400336146354675,-1,0.0,purchase_intent,youtube,3,0,1
7975,0.003865942358970642,0.01072471309453249,0.9854093194007874,-1,0.0,purchase_intent,youtube,0,2,1
7976,0.0025028849486261606,0.006892251316457987,0.990604817867279,0,0.7311266298701666,purchase_intent,youtube,0,1,3
7982,0.007208750117570162,0.13399982452392578,0.8587914705276489,0,1.0,purchase_intent,youtube,0,2,2
7983,0.2431843876838684,0.5854275226593018,0.17138807475566864,0,0.5434921644780926,passive_browsing,youtube,22,4,1
7984,0.00599301652982831,0.013531133532524109,0.9804758429527283,-1,0.0,purchase_intent,youtube,1,2,1
7987,0.003509853035211563,0.014988402836024761,0.9815017580986023,0,0.6915073428377785,purchase_intent,youtube,0,1,2
7988,0.034856680780649185,0.2362656444311142,0.7288776636123657,-1,0.0,purchase_intent,youtube,14,3,1
7990,0.015253523364663124,0.1434587687253952,0.8412877321243286,0,1.0,purchase_intent,youtube,0,1,1
7991,0.004014606587588787,0.02794964239001274,0.9680357575416565,-1,0.0,purchase_intent,youtube,0,0,1
7994,0.004089818801730871,0.02954082563519478,0.9663693904876709,0,0.8651834545322545,purchase_intent,youtube,0,1,2
7995,0.08466987311840057,0.40825942158699036,0.5070706605911255,0,1.0,passive_browsing,youtube,96,11,2
7996,0.0038933444302529097,0.026252003386616707,0.9698545932769775,0,1.0,purchase_intent,youtube,5,2,1
7998,0.006657131016254425,0.014827481471002102,0.9785153865814209,-1,0.0,purchase_intent,youtube,0,1,1
8001,0.04443056136369705,0.15052542090415955,0.8050439357757568,0,1.0,purchase_intent,youtube,0,0,1
8003,0.06169074401259422,0.855396568775177,0.08291274309158325,0,1.0,passive_browsing,youtube,4,2,1
8005,0.10523845255374908,0.5632476806640625,0.3315138816833496,0,0.7774939969310107,passive_browsing,youtube,2,1,2
8008,0.09340328723192215,0.6533370018005371,0.2532597482204437,0,0.6007811941234878,passive_browsing,youtube,0,0,2
8011,0.7542504668235779,0.17576368153095245,0.06998585164546967,-1,0.0,churn_risk,youtube,1,1,1
8014,0.42160189151763916,0.48023414611816406,0.09816405922174454,-1,0.0,passive_browsing,youtube,0,0,4
8015,0.003765995381399989,0.13797840476036072,0.8582555651664734,0,0.9773222700922211,purchase_intent,youtube,0,1,1
8016,0.03752348572015762,0.7227504253387451,0.23972603678703308,34,0.8539910438473468,passive_browsing,youtube,0,0,2
8017,0.0031850719824433327,0.022201048210263252,0.9746139049530029,-1,0.0,purchase_intent,youtube,1,1,2
8018,0.003517900360748172,0.006667530629783869,0.9898145198822021,0,0.7135600916322579,purchase_intent,youtube,1,0,1
8019,0.35735785961151123,0.5741301774978638,0.0685119777917862,0,1.0,passive_browsing,youtube,3,1,2
8020,0.004602282773703337,0.11721876263618469,0.8781789541244507,0,0.5178597428278634,purchase_intent,youtube,0,0,3
8022,0.6943469047546387,0.29415780305862427,0.011495319195091724,0,1.0,passive_browsing,youtube,6,1,4
8023,0.4853474795818329,0.45883288979530334,0.0558195598423481,34,0.8335416708706432,passive_browsing,youtube,0,1,3
8024,0.026870807632803917,0.44503873586654663,0.5280904769897461,-1,0.0,passive_browsing,youtube,1,1,1
8025,0.009580979123711586,0.18655359745025635,0.8038654923439026,0,1.0,purchase_intent,youtube,1,0,1
8026,0.05695096775889397,0.912504255771637,0.030544666573405266,-1,0.0,passive_browsing,youtube,0,2,2
8028,0.15418627858161926,0.7272770404815674,0.11853669583797455,-1,0.0,passive_browsing,youtube,0,1,2
8029,0.01011749729514122,0.33491262793540955,0.6549698710441589,-1,0.0,passive_browsing,youtube,5,3,2
8030,0.8950203061103821,0.09137532860040665,0.013604383915662766,4,1.0,churn_risk,youtube,3,0,3
8033,0.925595760345459,0.06777514517307281,0.0066290488466620445,0,0.858254776074263,churn_risk,youtube,2717,182,9
8034,0.8863608837127686,0.10637915134429932,0.0072599975392222404,0,0.6040742092818231,churn_risk,youtube,1735,107,6
8035,0.46171972155570984,0.469660222530365,0.06862001866102219,0,0.9899388522972147,passive_browsing,youtube,178,18,5
8036,0.5082202553749084,0.46489354968070984,0.02688618190586567,0,0.9980083833834076,churn_risk,youtube,16,2,5
8037,0.8517408967018127,0.132182314991951,0.01607678085565567,0,0.7597127118608338,churn_risk,youtube,1204,84,3
8038,0.25464141368865967,0.6438857316970825,0.10147278755903244,0,0.6495294894570544,passive_browsing,youtube,618,34,5
8039,0.8877987265586853,0.10537849366664886,0.006822768598794937,0,0.858254776074263,churn_risk,youtube,297,13,5
8040,0.9396991729736328,0.05477499961853027,0.0055258977226912975,-1,0.0,churn_risk,youtube,11,0,2
8041,0.908634603023529,0.0817851647734642,0.009580212645232677,0,0.5204308142757911,churn_risk,youtube,19,1,2
8043,0.10986783355474472,0.8520154356956482,0.03811681270599365,-1,0.0,passive_browsing,youtube,13,0,2
8044,0.9090085625648499,0.08262092620134354,0.008370569907128811,-1,0.0,churn_risk,youtube,110,3,3
8045,0.9405773878097534,0.051940444856882095,0.007482088170945644,0,0.858254776074263,churn_risk,youtube,52,5,4
8046,0.8930630087852478,0.09816121309995651,0.008775745518505573,0,1.0,churn_risk,youtube,6,0,3
8047,0.7061682343482971,0.25939783453941345,0.03443390503525734,-1,0.0,churn_risk,youtube,25,1,2
8048,0.835383951663971,0.15043766796588898,0.01417837105691433,0,0.7422513157199008,churn_risk,youtube,187,16,3
8049,0.7552176713943481,0.22527629137039185,0.01950603723526001,0,0.741993478683545,churn_risk,youtube,91,8,2
8050,0.7846925854682922,0.20335142314434052,0.011955967172980309,0,0.858254776074263,churn_risk,youtube,72,7,10
8051,0.9239180088043213,0.0690426230430603,0.007039379328489304,0,0.5700082263441468,churn_risk,youtube,2,0,4
8052,0.9022830724716187,0.09038156270980835,0.00733525725081563,0,0.858254776074263,churn_risk,youtube,17,0,12
8053,0.9421147108078003,0.05226593092083931,0.00561932846903801,0,0.858254776074263,churn_risk,youtube,295,26,7
8054,0.8747072815895081,0.11504928767681122,0.010243464261293411,-1,0.0,churn_risk,youtube,8,0,4
8055,0.06204213201999664,0.6464913487434387,0.29146650433540344,0,0.7234794523777535,passive_browsing,youtube,203,0,2
8056,0.9265155792236328,0.06642083078622818,0.007063611876219511,0,0.4404423337833454,churn_risk,youtube,13,1,5
8057,0.46376854181289673,0.47079628705978394,0.06543519347906113,0,1.0,passive_browsing,youtube,29,2,3
8058,0.4215196669101715,0.4921741783618927,0.08630615472793579,-1,0.0,passive_browsing,youtube,15,1,2
8059,0.8570911884307861,0.13441497087478638,0.008493812754750252,-1,0.0,churn_risk,youtube,3,0,4
8060,0.8465059995651245,0.1392851322889328,0.014208872802555561,0,0.8461531511966416,churn_risk,youtube,4,0,2
8061,0.8423323035240173,0.14888893067836761,0.008778802119195461,-1,0.0,churn_risk,youtube,43,4,8
8062,0.7279576659202576,0.23116084933280945,0.04088149964809418,0,0.7592449174536157,churn_risk,youtube,282,10,6
8063,0.7544016242027283,0.22305350005626678,0.02254488877952099,-1,0.0,churn_risk,youtube,7,0,1
8064,0.052467092871665955,0.22081230580806732,0.7267206311225891,-1,0.0,purchase_intent,youtube,14,2,1
8065,0.7559469938278198,0.22710804641246796,0.016944920644164085,0,0.84409180292412,churn_risk,youtube,10,1,4
8066,0.8528634309768677,0.13246801495552063,0.01466850470751524,0,0.6342663880323351,churn_risk,youtube,21,3,7
8067,0.8809311389923096,0.10764448344707489,0.011424420401453972,0,0.9413962951216418,churn_risk,youtube,4,0,2
8068,0.8406997323036194,0.15123185515403748,0.008068426512181759,-1,0.0,churn_risk,youtube,8,1,8
8069,0.2768777906894684,0.5656386017799377,0.1574835181236267,0,0.6524422719410797,passive_browsing,youtube,0,0,1
8070,0.8490867614746094,0.13063564896583557,0.02027757279574871,0,0.5700949507474132,churn_risk,youtube,38,3,4
8071,0.871300995349884,0.12019916623830795,0.008499824441969395,0,0.7640628321409639,churn_risk,youtube,101,14,6
8072,0.2781921923160553,0.581893801689148,0.13991393148899078,0,0.45252851433318525,passive_browsing,youtube,8,1,6
8073,0.681488573551178,0.2939288020133972,0.02458258718252182,-1,0.0,passive_browsing,youtube,1,0,3
8074,0.8004189729690552,0.18800510466098785,0.011575917713344097,0,0.7542043862218928,churn_risk,youtube,4,0,1
8076,0.49975037574768066,0.4412972629070282,0.058952365070581436,0,0.7859851847945951,passive_browsing,youtube,15,1,1
8077,0.023435508832335472,0.6237854957580566,0.3527790307998657,-1,0.0,passive_browsing,youtube,56,4,4
8078,0.88852459192276,0.10352237522602081,0.007952990010380745,0,0.5580606982270537,churn_risk,youtube,1,0,1
8080,0.3768506646156311,0.5823676586151123,0.0407816506922245,0,0.7170201321858538,passive_browsing,youtube,98,27,1
8081,0.8479308485984802,0.1348094493150711,0.017259754240512848,0,1.0,churn_risk,youtube,8,1,5
8082,0.9019114375114441,0.08616649359464645,0.011922045610845089,0,0.6297936350800714,churn_risk,youtube,4,0,1
8083,0.848588764667511,0.13823562860488892,0.013175665400922298,0,0.3318923265557008,churn_risk,youtube,1,0,3
8084,0.8556777834892273,0.13673147559165955,0.007590788882225752,-1,0.0,churn_risk,youtube,2,0,6
8085,0.17552590370178223,0.768852710723877,0.05562140420079231,-1,0.0,passive_browsing,youtube,4,1,4
8086,0.894239604473114,0.09641075879335403,0.009349563159048557,-1,0.0,churn_risk,youtube,10,2,6
8087,0.8753702044487,0.11474619060754776,0.009883606806397438,0,0.9763174999349912,churn_risk,youtube,119,9,4
8088,0.005710132420063019,0.047376204282045364,0.9469136595726013,0,1.0,purchase_intent,youtube,1,0,1
8089,0.11994055658578873,0.6022660136222839,0.2777934670448303,0,0.5070287500994608,passive_browsing,youtube,2,0,2
8090,0.7420648336410522,0.22681501507759094,0.03112017549574375,0,0.858254776074263,churn_risk,youtube,4,1,1
8091,0.8271350264549255,0.15230973064899445,0.02055533044040203,0,0.732093141163271,churn_risk,youtube,13,2,1
8092,0.5507705807685852,0.39094245433807373,0.058286916464567184,0,0.8783420271249252,passive_browsing,youtube,1,0,1
8093,0.9327932596206665,0.05738799273967743,0.009818745777010918,0,0.9763717641814031,churn_risk,youtube,1,0,1
8094,0.5710427165031433,0.4004378020763397,0.02851957455277443,0,1.0,churn_risk,youtube,29,1,6
8095,0.6355944275856018,0.3414405286312103,0.022964973002672195,-1,0.0,churn_risk,youtube,9,4,2
8096,0.8870201110839844,0.104409359395504,0.00857049971818924,-1,0.0,churn_risk,youtube,13,3,1
8097,0.4054996371269226,0.3527691066265106,0.24173133075237274,0,1.0,churn_risk,youtube,2,0,2
8099,0.3420657515525818,0.5327108502388,0.12522338330745697,-1,0.0,passive_browsing,youtube,7,0,2
8100,0.7630437612533569,0.21866634488105774,0.01828988827764988,0,0.513447319267732,churn_risk,youtube,4,1,2
8101,0.8564356565475464,0.1347385048866272,0.008825775235891342,0,0.9679336717525191,churn_risk,youtube,3,0,6
8102,0.8769376873970032,0.11521699279546738,0.00784533005207777,0,0.49138020838788,churn_risk,youtube,1,0,3
8104,0.9394695162773132,0.05464862659573555,0.005881842225790024,0,0.6031781311327121,churn_risk,youtube,19,4,3
8105,0.8799977898597717,0.10569753497838974,0.014304671436548233,0,0.7201259447272802,churn_risk,youtube,7,1,3
8106,0.8787823915481567,0.11313207447528839,0.008085494861006737,0,0.5792794835701982,churn_risk,youtube,5,2,3
8107,0.9314907789230347,0.06246484816074371,0.006044354755431414,0,0.4569430765465368,churn_risk,youtube,2,0,5
8108,0.5392522215843201,0.4348776340484619,0.025870125740766525,0,0.5559603363971931,passive_browsing,youtube,1,0,1
8109,0.8844813108444214,0.10708247870206833,0.008436230011284351,0,0.4550500706078167,churn_risk,youtube,1,0,2
8110,0.6806357502937317,0.3056134581565857,0.013750806450843811,-1,0.0,churn_risk,youtube,7,1,4
8111,0.9157332181930542,0.07820499688386917,0.006061730440706015,0,1.0,churn_risk,youtube,5,1,6
8112,0.9092015624046326,0.08506867289543152,0.005729779601097107,0,0.8413864418854977,churn_risk,youtube,93,22,5
8113,0.7600239515304565,0.21571362018585205,0.024262407794594765,0,0.5918070377985346,churn_risk,youtube,1,0,1
8115,0.6948366165161133,0.2886759340763092,0.016487468034029007,-1,0.0,churn_risk,youtube,3,0,2
8116,0.7355849146842957,0.2383662760257721,0.026048876345157623,-1,0.0,churn_risk,youtube,19,6,1
8117,0.8315894603729248,0.15990418195724487,0.008506315760314465,-1,0.0,churn_risk,youtube,4,1,5
8119,0.8772742748260498,0.1113315299153328,0.011394194327294827,-1,0.0,churn_risk,youtube,2,0,3
8120,0.6300204396247864,0.33691468834877014,0.033064909279346466,2,1.0,churn_risk,youtube,21,7,2
8121,0.9070402979850769,0.0836503878235817,0.009309356100857258,0,0.6610422548644153,churn_risk,youtube,3,0,3
8122,0.7523415088653564,0.23281171917915344,0.01484675146639347,-1,0.0,churn_risk,youtube,3,1,2
8123,0.9525479674339294,0.03987614065408707,0.0075758988969028,0,1.0,churn_risk,youtube,5,0,1
8124,0.5741412043571472,0.4109956622123718,0.014863129705190659,-1,0.0,passive_browsing,youtube,2,0,2
8125,0.8723376989364624,0.11969247460365295,0.007969790138304234,-1,0.0,churn_risk,youtube,1,0,1
8126,0.9238325357437134,0.06938311457633972,0.0067844148725271225,0,1.0,churn_risk,youtube,4,2,7
8127,0.857774019241333,0.13366051018238068,0.008565440773963928,0,0.520187065475651,churn_risk,youtube,22,1,5
8128,0.8999025225639343,0.09435413032770157,0.005743315909057856,0,0.7026605112385358,churn_risk,youtube,10,3,5
8129,0.8463266491889954,0.14475850760936737,0.008914812467992306,0,0.8292505150617995,churn_risk,youtube,1,0,2
8130,0.3892322778701782,0.348433256149292,0.2623344361782074,5,1.0,passive_browsing,youtube,1,0,4
8131,0.9243050217628479,0.06927356868982315,0.006421349942684174,0,1.0,churn_risk,youtube,86,21,2
8132,0.06541360914707184,0.1519436538219452,0.7826427817344666,-1,0.0,purchase_intent,youtube,26,0,1
8133,0.012111677788197994,0.46119415760040283,0.5266941785812378,-1,0.0,passive_browsing,youtube,13,0,3
8134,0.04064098000526428,0.1242191419005394,0.8351399302482605,6,0.7484839696864465,purchase_intent,youtube,35,7,7
8135,0.0541013665497303,0.5606011748313904,0.3852975070476532,6,1.0,passive_browsing,youtube,5,0,6
8137,0.008394034579396248,0.01989337056875229,0.971712589263916,2,1.0,purchase_intent,youtube,1,0,1
8138,0.008441670797765255,0.3139621615409851,0.6775961518287659,-1,0.0,purchase_intent,youtube,0,0,2
8139,0.009703733026981354,0.02199912816286087,0.9682971239089966,-1,0.0,purchase_intent,youtube,6,1,2
8143,0.00648476229980588,0.04244076460599899,0.951074481010437,6,0.7912884672342084,purchase_intent,youtube,3,1,2
8144,0.012113537639379501,0.39332666993141174,0.5945598483085632,6,1.0,passive_browsing,youtube,1,0,2
8146,0.3399205505847931,0.36380019783973694,0.29627931118011475,6,0.899295913896723,passive_browsing,youtube,3,0,9
8147,0.6152827143669128,0.3476642668247223,0.03705304116010666,6,0.7048505385426421,churn_risk,youtube,6,1,5
8148,0.004320070613175631,0.14783404767513275,0.8478458523750305,6,0.661916413778201,purchase_intent,youtube,1,0,2
8149,0.0024394053034484386,0.03471951559185982,0.9628411531448364,6,0.4752885571203938,purchase_intent,youtube,0,0,3
8150,0.011900792829692364,0.12302844226360321,0.8650707006454468,6,0.18669447754268775,purchase_intent,youtube,7,1,5
8152,0.26600462198257446,0.6107174754142761,0.1232779324054718,6,1.0,passive_browsing,youtube,3,1,3
8153,0.5390939712524414,0.4407583475112915,0.02014763094484806,-1,0.0,passive_browsing,youtube,0,0,3
8154,0.0030013241339474916,0.035007838159799576,0.9619908332824707,6,1.0,purchase_intent,youtube,0,0,4
8155,0.014795973896980286,0.5163288116455078,0.4688752293586731,-1,0.0,passive_browsing,youtube,0,0,3
8156,0.8443353176116943,0.14583541452884674,0.00982933584600687,6,0.422004910655973,churn_risk,youtube,0,0,4
8158,0.016130974516272545,0.22765851020812988,0.7562105655670166,6,0.7504541946083,purchase_intent,youtube,1,1,3
8159,0.7586075067520142,0.22809942066669464,0.013293148949742317,6,0.7467473547022393,churn_risk,youtube,0,1,5
8160,0.13668151199817657,0.34319669008255005,0.5201217532157898,6,0.9340038277430593,purchase_intent,youtube,1,3,4
8161,0.2882772386074066,0.6950475573539734,0.016675220802426338,6,0.7901144521254363,passive_browsing,youtube,3,3,2
8165,0.2625308930873871,0.6016978621482849,0.1357712596654892,16,0.9494034233382126,passive_browsing,youtube,0,0,2
8166,0.08633366972208023,0.39859217405319214,0.5150741338729858,6,0.49688755096839826,purchase_intent,youtube,2,0,4
8168,0.008530450984835625,0.1995764821767807,0.7918930649757385,6,0.8860710017847121,purchase_intent,youtube,0,0,4
8169,0.5706676244735718,0.38795337080955505,0.04137904942035675,6,0.8106996480608639,passive_browsing,youtube,1,0,5
8172,0.6118457913398743,0.2890968918800354,0.09905729442834854,6,0.4516154940873989,churn_risk,youtube,1,0,3
8174,0.9081541299819946,0.08268088102340698,0.009165048599243164,-1,0.0,churn_risk,youtube,0,1,1
8175,0.9311555624008179,0.05873337760567665,0.010111145675182343,0,1.0,churn_risk,youtube,0,0,3
8176,0.8847700953483582,0.10561180859804153,0.009618047624826431,6,1.0,churn_risk,youtube,0,0,3
8177,0.8960843682289124,0.09545313566923141,0.008462565951049328,6,0.5792064428840125,churn_risk,youtube,0,0,5
8178,0.7366690039634705,0.20455870032310486,0.05877231806516647,-1,0.0,churn_risk,youtube,0,0,4
8180,0.8928684592247009,0.10130947828292847,0.0058220247738063335,-1,0.0,churn_risk,youtube,3,0,10
8181,0.8634346723556519,0.12685292959213257,0.009712467901408672,-1,0.0,churn_risk,youtube,0,0,3
8182,0.004065898712724447,0.0881836861371994,0.9077504277229309,-1,0.0,purchase_intent,youtube,5,0,1
8185,0.8589200377464294,0.13264626264572144,0.008433711715042591,-1,0.0,churn_risk,youtube,0,0,10
8186,0.8103410005569458,0.18006902933120728,0.009589996188879013,-1,0.0,churn_risk,youtube,1,1,2
8187,0.7837812900543213,0.2005942314863205,0.01562451384961605,0,0.6235857455368121,churn_risk,youtube,0,0,4
8188,0.4430229365825653,0.49341312050819397,0.06356392800807953,4,0.3873097532390166,passive_browsing,youtube,5,0,11
8190,0.8084750175476074,0.18024320900440216,0.01128182839602232,0,0.7444564094140478,churn_risk,youtube,0,3,4
8191,0.38591447472572327,0.5079531073570251,0.10613241791725159,6,0.36539614775695645,passive_browsing,youtube,39149,22,1
8193,0.01944531686604023,0.2109598070383072,0.7695948481559753,3,0.5376458100578292,purchase_intent,youtube,2213,0,2
8195,0.6718458533287048,0.2884986996650696,0.03965550288558006,25,1.0,passive_browsing,youtube,6407,11,1
8197,0.3400289714336395,0.6343163847923279,0.025654619559645653,-1,0.0,passive_browsing,youtube,8383,5,2
8201,0.10308755934238434,0.855351984500885,0.04156046360731125,1,0.5067493427558194,passive_browsing,youtube,60,0,1
8203,0.8553438782691956,0.11166218668222427,0.03299387916922569,0,0.30735827604478655,churn_risk,youtube,863,19,2
8206,0.38129618763923645,0.4831233620643616,0.13558048009872437,-1,0.0,passive_browsing,youtube,152,0,1
8209,0.4640973210334778,0.5143662095069885,0.02153644897043705,-1,0.0,passive_browsing,youtube,48,5,2
8213,0.659199595451355,0.3238305151462555,0.016969894990324974,25,1.0,passive_browsing,youtube,7,0,1
8216,0.00972666684538126,0.09726396948099136,0.8930093050003052,-1,0.0,purchase_intent,youtube,3,0,1
8218,0.8163455724716187,0.17210239171981812,0.011551947332918644,25,0.28360601158071924,churn_risk,youtube,5,0,1
8219,0.10210193693637848,0.32215723395347595,0.5757408142089844,25,1.0,passive_browsing,youtube,4,0,2
8223,0.8051022291183472,0.18426917493343353,0.010628590360283852,25,1.0,churn_risk,youtube,2,0,1
8233,0.024165567010641098,0.06826019287109375,0.9075742363929749,-1,0.0,purchase_intent,youtube,1,0,1
8246,0.14073054492473602,0.6742533445358276,0.18501612544059753,25,1.0,passive_browsing,youtube,0,0,1
8248,0.8411504030227661,0.13587258756160736,0.02297697402536869,35,1.0,churn_risk,youtube,0,0,1
8249,0.8055620789527893,0.18353614211082458,0.010901795700192451,25,0.9822194362166898,churn_risk,youtube,1,0,1
8252,0.725214958190918,0.25882816314697266,0.01595683954656124,25,1.0,churn_risk,youtube,0,0,1
8254,0.48177003860473633,0.4976155459880829,0.020614419132471085,25,1.0,passive_browsing,youtube,0,0,1
8255,0.2605036497116089,0.2733474373817444,0.46614885330200195,0,0.9336317383665896,passive_browsing,youtube,0,0,1
8256,0.2584208548069,0.44459453225135803,0.29698455333709717,25,0.9718344805214199,passive_browsing,youtube,0,0,1
8257,0.42170658707618713,0.5281617641448975,0.05013163387775421,-1,0.0,passive_browsing,youtube,0,0,2
8267,0.5307109951972961,0.43771040439605713,0.031578537076711655,25,1.0,passive_browsing,youtube,0,0,1
8270,0.007797453086823225,0.1848001331090927,0.807402491569519,-1,0.0,purchase_intent,youtube,0,0,1
8271,0.6587031483650208,0.3194980025291443,0.021798957139253616,-1,0.0,churn_risk,youtube,0,0,2
8274,0.1995207965373993,0.4112975597381592,0.3891816735267639,25,1.0,passive_browsing,youtube,0,0,1
8275,0.7709758877754211,0.21543282270431519,0.013591255992650986,25,1.0,churn_risk,youtube,1,0,1
8281,0.6177915334701538,0.314026802778244,0.06818166375160217,25,0.896656897128484,passive_browsing,youtube,0,0,1
8287,0.8349887132644653,0.15154772996902466,0.0134635791182518,-1,0.0,churn_risk,youtube,0,0,2
8289,0.013644086197018623,0.9259495139122009,0.06040641665458679,6,0.09841845731323048,passive_browsing,youtube,2,1,1
8290,0.0543537437915802,0.6930882334709167,0.25255799293518066,-1,0.0,passive_browsing,youtube,17,2,8
8291,0.01355526503175497,0.4874008893966675,0.49904385209083557,6,0.3418781870420818,purchase_intent,youtube,13,5,3
8292,0.014324198476970196,0.670780599117279,0.3148951530456543,-1,0.0,passive_browsing,youtube,10,1,3
8294,0.008554916828870773,0.17385540902614594,0.8175897598266602,6,1.0,purchase_intent,youtube,2,1,3
8302,0.003744756570085883,0.032835301011800766,0.9634199142456055,6,0.7001770822901486,purchase_intent,youtube,4,5,6
8304,0.12280166894197464,0.5585012435913086,0.318697065114975,0,0.7170298702370937,passive_browsing,youtube,1,1,2
8305,0.00705491378903389,0.07282140105962753,0.9201237559318542,6,1.0,purchase_intent,youtube,2,1,7
8306,0.006835154723376036,0.047346241772174835,0.9458186030387878,6,0.30398194065641965,purchase_intent,youtube,1,1,3
8307,0.005438655614852905,0.034169912338256836,0.9603914022445679,6,0.3366114199412284,purchase_intent,youtube,1,1,7
8308,0.38640904426574707,0.3902769088745117,0.2233140766620636,6,0.9059654585788107,passive_browsing,youtube,1,1,6
8309,0.013064887374639511,0.19118615984916687,0.7957489490509033,6,0.3129692912118124,purchase_intent,youtube,3,1,2
8310,0.004351304844021797,0.04575190320611,0.9498968124389648,6,0.39204130792703035,purchase_intent,youtube,1,1,4
8311,0.015193450264632702,0.21203835308551788,0.7727682590484619,6,1.0,purchase_intent,youtube,1,1,5
8312,0.5575942993164062,0.3705064654350281,0.07189928740262985,6,1.0,passive_browsing,youtube,3,1,6
8313,0.028370115906000137,0.8203628659248352,0.15126703679561615,6,0.2662366729898174,passive_browsing,youtube,1,2,3
8315,0.012749312445521355,0.12326672673225403,0.8639839887619019,6,1.0,purchase_intent,youtube,2,1,8
8316,0.01861494779586792,0.8663928508758545,0.1149921864271164,-1,0.0,passive_browsing,youtube,1,1,2
8317,0.08310236036777496,0.651526153087616,0.26537150144577026,6,0.9690484327665569,passive_browsing,youtube,1,1,6
8320,0.008502249605953693,0.17943020164966583,0.8120675086975098,6,0.18563253095579874,purchase_intent,youtube,1,3,8
8321,0.07230383902788162,0.28913813829421997,0.6385579705238342,6,0.4806590664104173,purchase_intent,youtube,7,5,8
8322,0.03354378417134285,0.2145068198442459,0.7519494295120239,6,0.09676123375290475,purchase_intent,youtube,1,2,4
8323,0.153776615858078,0.6073229908943176,0.23890043795108795,6,0.5189798307663421,passive_browsing,youtube,2,1,5
8324,0.41937020421028137,0.5353556871414185,0.0452740378677845,6,0.41884014624052474,passive_browsing,youtube,1,1,9
8326,0.017352242022752762,0.9445008635520935,0.038146890699863434,0,1.0,passive_browsing,youtube,2,1,3
8327,0.026858365163207054,0.5828332901000977,0.39030835032463074,6,0.10084361371821272,passive_browsing,youtube,1,1,2
8328,0.6465346217155457,0.3331083357334137,0.020357098430395126,0,0.7490943883752661,passive_browsing,youtube,1,1,2
8329,0.3914257287979126,0.5459046363830566,0.0626695454120636,6,0.34441372781541557,passive_browsing,youtube,1,1,3
8330,0.0029000169597566128,0.02461606077849865,0.9724838733673096,6,0.7198648741707927,purchase_intent,youtube,1,1,1
8331,0.5280594229698181,0.4498823881149292,0.022058142349123955,-1,0.0,passive_browsing,youtube,1,1,5
8332,0.22487854957580566,0.5150322914123535,0.2600891888141632,-1,0.0,passive_browsing,youtube,0,3,3
8333,0.031984224915504456,0.8638823628425598,0.10413341969251633,6,0.1264962945134144,passive_browsing,youtube,1,1,1
8335,0.8042725920677185,0.18286935985088348,0.012857994064688683,0,0.858254776074263,churn_risk,youtube,0,1,6
8336,0.8231613636016846,0.16072505712509155,0.016113612800836563,6,0.06861319156764073,churn_risk,youtube,4,1,2
8337,0.9023560881614685,0.08761502057313919,0.010028908960521221,6,0.23805162901268143,churn_risk,youtube,2,1,2
8339,0.4941149353981018,0.36206063628196716,0.14382445812225342,0,0.8776497420308402,churn_risk,youtube,1,4,1
8342,0.035353802144527435,0.14830940961837769,0.8163367509841919,5,1.0,purchase_intent,youtube,484,18,2
8343,0.43401265144348145,0.5117252469062805,0.05426210165023804,5,1.0,passive_browsing,youtube,311,5,1
8344,0.5892269015312195,0.3831130266189575,0.027660083025693893,0,1.0,churn_risk,youtube,198,3,1
8345,0.28847774863243103,0.43135693669319153,0.2801652252674103,5,0.7698823535178858,passive_browsing,youtube,161,7,7
8346,0.011145168915390968,0.32726943492889404,0.6615853905677795,-1,0.0,passive_browsing,youtube,61,2,1
8347,0.8894078135490417,0.09658081084489822,0.014011375606060028,-1,0.0,churn_risk,youtube,17,1,1
8349,0.13052189350128174,0.7744220495223999,0.09505598247051239,-1,0.0,passive_browsing,youtube,24,0,7
8351,0.005554304923862219,0.03160708770155907,0.9628385901451111,5,0.9694746293307079,purchase_intent,youtube,8,0,4
8353,0.6715230345726013,0.30376121401786804,0.024715732783079147,5,1.0,passive_browsing,youtube,28,1,1
8354,0.7703226804733276,0.20390371978282928,0.025773677974939346,-1,0.0,churn_risk,youtube,24,0,9
8355,0.010156639851629734,0.1545434594154358,0.8352999091148376,5,1.0,purchase_intent,youtube,9,0,3
8357,0.9175909161567688,0.07317988574504852,0.009229154326021671,5,1.0,churn_risk,youtube,6,0,5
8358,0.012248283252120018,0.04816966876387596,0.9395819902420044,5,1.0,purchase_intent,youtube,2,0,1
8359,0.006183995399624109,0.019739316776394844,0.9740766882896423,5,0.7158455481572141,purchase_intent,youtube,3,1,3
8361,0.6507296562194824,0.3333982825279236,0.01587202213704586,5,1.0,churn_risk,youtube,12,0,3
8363,0.6659056544303894,0.3183387815952301,0.015755614265799522,-1,0.0,churn_risk,youtube,31,4,1
8364,0.004965291824191809,0.02409239113330841,0.9709423780441284,5,0.795771790300045,purchase_intent,youtube,1,0,1
8365,0.009648114442825317,0.03973221033811569,0.950619637966156,5,1.0,purchase_intent,youtube,4,4,3
8366,0.4806905686855316,0.49091315269470215,0.028396256268024445,-1,0.0,passive_browsing,youtube,6,0,1
8367,0.010538911446928978,0.0954483300447464,0.8940126895904541,5,0.8022824367575317,purchase_intent,youtube,4,0,1
8368,0.002615798031911254,0.011990665458142757,0.9853935241699219,5,1.0,purchase_intent,youtube,1,1,1
8369,0.8221647143363953,0.16448500752449036,0.013350293971598148,5,1.0,churn_risk,youtube,1,0,9
8372,0.31890636682510376,0.5919163227081299,0.08917727321386337,0,1.0,passive_browsing,youtube,0,0,1
8376,0.004778263159096241,0.01818375289440155,0.9770380258560181,5,1.0,purchase_intent,youtube,1,1,3
8378,0.0036598509177565575,0.00711290817707777,0.9892271757125854,-1,0.0,purchase_intent,youtube,0,0,1
8380,0.893392026424408,0.0890129879117012,0.017594952136278152,-1,0.0,churn_risk,youtube,4,0,6
8388,0.009198972024023533,0.041169844567775726,0.9496312141418457,5,1.0,purchase_intent,youtube,0,0,5
8390,0.9294370412826538,0.06448057293891907,0.006082394625991583,5,1.0,churn_risk,youtube,0,0,2
8393,0.10474258661270142,0.6996240019798279,0.19563336670398712,-1,0.0,passive_browsing,youtube,0,0,1
8395,0.7453024387359619,0.22475449740886688,0.029943037778139114,-1,0.0,churn_risk,youtube,0,0,4
8396,0.05143797770142555,0.8887799978256226,0.059782061725854874,-1,0.0,passive_browsing,youtube,1,0,1
8399,0.036451976746320724,0.5605416297912598,0.4030064344406128,5,1.0,passive_browsing,youtube,0,0,8
8400,0.360819548368454,0.40144413709640503,0.237736314535141,5,1.0,passive_browsing,youtube,1,0,3
8402,0.6089584231376648,0.35996612906455994,0.031075473874807358,5,1.0,passive_browsing,youtube,0,0,3
8403,0.015323714353144169,0.5862545371055603,0.3984217345714569,5,1.0,passive_browsing,youtube,0,0,3
8404,0.8341501951217651,0.15650667250156403,0.009343151934444904,-1,0.0,churn_risk,youtube,1,0,1
8406,0.8233805298805237,0.14637549221515656,0.030243979766964912,-1,0.0,churn_risk,youtube,1,0,2
8407,0.6383642554283142,0.3068844974040985,0.054751213639974594,5,1.0,passive_browsing,youtube,1,1,3
8408,0.030187001451849937,0.20102882385253906,0.76878422498703,5,0.7093156984848105,purchase_intent,youtube,2,3,1
8412,0.8032399415969849,0.17576061189174652,0.020999476313591003,5,1.0,churn_risk,youtube,1,1,10
8414,0.0033273152075707912,0.05838179588317871,0.9382909536361694,5,1.0,purchase_intent,youtube,1,0,1
8415,0.2896636724472046,0.6294248700141907,0.08091136813163757,5,0.4577769846400187,passive_browsing,youtube,0,0,1
8417,0.40494242310523987,0.5636832118034363,0.03137441352009773,5,0.9316163896816134,passive_browsing,youtube,0,0,2
8420,0.5798051953315735,0.40394774079322815,0.016247078776359558,-1,0.0,passive_browsing,youtube,0,0,1
8422,0.005227548535913229,0.021751882508397102,0.973020613193512,5,1.0,purchase_intent,youtube,0,0,2
8425,0.1255810260772705,0.6144021153450012,0.26001685857772827,5,1.0,passive_browsing,youtube,0,0,2
8426,0.7654060125350952,0.18339750170707703,0.051196422427892685,-1,0.0,churn_risk,youtube,1,0,2
8428,0.04060329124331474,0.7575536370277405,0.2018430233001709,3,0.9313308217891412,passive_browsing,youtube,0,0,1
8433,0.012816973961889744,0.33021822571754456,0.6569647789001465,5,1.0,passive_browsing,youtube,1,2,2
8434,0.008450214751064777,0.1472645401954651,0.844285249710083,5,1.0,purchase_intent,youtube,0,0,1
8436,0.01245923899114132,0.07181671261787415,0.9157240390777588,5,1.0,purchase_intent,youtube,0,0,4
8437,0.006443683058023453,0.035457972437143326,0.9580983519554138,5,1.0,purchase_intent,youtube,0,0,1
8440,0.07606017589569092,0.6409010887145996,0.28303876519203186,-1,0.0,passive_browsing,youtube,464,9,2
8442,0.637000322341919,0.31153979897499084,0.051459893584251404,3,0.505336754048323,passive_browsing,youtube,136,3,3
8443,0.7857952117919922,0.19309350848197937,0.021111324429512024,2,0.9412888110620112,churn_risk,youtube,96,0,2
8444,0.4563131034374237,0.4305112957954407,0.11317561566829681,0,0.6666189498438202,churn_risk,youtube,80,1,3
8445,0.08616165071725845,0.7774289846420288,0.13640937209129333,3,0.8311783946085004,passive_browsing,youtube,85,4,1
8446,0.06892956793308258,0.39635446667671204,0.5347159504890442,0,0.9655151810530931,passive_browsing,youtube,17,0,2
8447,0.06883751600980759,0.7347375154495239,0.1964249461889267,-1,0.0,passive_browsing,youtube,5,0,3
8448,0.8566613793373108,0.1343318074941635,0.009006861597299576,-1,0.0,churn_risk,youtube,10,2,2
8451,0.7389991879463196,0.24109530448913574,0.019905537366867065,-1,0.0,churn_risk,youtube,2,0,4
8453,0.808188259601593,0.18102328479290009,0.010788459330797195,2,0.9803927900169351,churn_risk,youtube,1,0,4
8454,0.5268267393112183,0.3212001621723175,0.15197314321994781,-1,0.0,passive_browsing,youtube,6,3,1
8455,0.9171450138092041,0.07660003006458282,0.00625505018979311,0,1.0,churn_risk,youtube,1,2,5
8456,0.6279059648513794,0.34692779183387756,0.02516632340848446,-1,0.0,churn_risk,youtube,10,0,1
8457,0.6926814913749695,0.3006649911403656,0.006653452757745981,-1,0.0,passive_browsing,youtube,2,0,1
8459,0.3693138659000397,0.5028141736984253,0.12787190079689026,5,0.2902489165544139,passive_browsing,youtube,0,1,2
8462,0.9246841669082642,0.06950942426919937,0.00580645352602005,2,1.0,churn_risk,youtube,1,0,1
8463,0.1452120542526245,0.8125713467597961,0.042216505855321884,3,1.0,passive_browsing,youtube,0,0,2
8464,0.846108078956604,0.13875684142112732,0.015135150402784348,-1,0.0,churn_risk,youtube,0,0,4
8467,0.06192760914564133,0.8449680805206299,0.09310436248779297,-1,0.0,passive_browsing,youtube,0,0,1
8472,0.8526695966720581,0.14058621227741241,0.006744254380464554,18,0.5501190796347581,churn_risk,youtube,0,0,1
8475,0.8290316462516785,0.15902890264987946,0.011939478106796741,0,0.760770669791676,churn_risk,youtube,0,0,2
8479,0.5887537598609924,0.39024990797042847,0.020996296778321266,-1,0.0,passive_browsing,youtube,0,0,2
8487,0.7233080863952637,0.2557399570941925,0.020951999351382256,-1,0.0,churn_risk,youtube,1,2,3
8488,0.07881587743759155,0.3591420650482178,0.5620421171188354,0,0.858254776074263,passive_browsing,youtube,1,1,2
8489,0.844528317451477,0.1461276113986969,0.00934404693543911,-1,0.0,churn_risk,youtube,16,8,10
8491,0.47991132736206055,0.5006831288337708,0.019405599683523178,0,1.0,passive_browsing,youtube,1,0,3
8493,0.8468888998031616,0.1347411423921585,0.018369903787970543,5,1.0,churn_risk,youtube,1,0,8
8494,0.14094290137290955,0.29217657446861267,0.5668805241584778,0,0.5227291913976039,passive_browsing,youtube,0,0,5
8495,0.7994276881217957,0.18881632387638092,0.011755981482565403,0,0.5439018066832243,churn_risk,youtube,1,0,3
8496,0.4923045337200165,0.49277937412261963,0.014916089363396168,0,1.0,passive_browsing,youtube,0,0,3
8497,0.5238149762153625,0.4561097323894501,0.02007533237338066,-1,0.0,passive_browsing,youtube,0,1,3
8498,0.9003066420555115,0.09086758643388748,0.008825782686471939,0,0.8137373965323957,churn_risk,youtube,3,3,9
8499,0.8224700689315796,0.1672574132680893,0.010272623039782047,-1,0.0,churn_risk,youtube,1,0,4
8500,0.5354132056236267,0.418960303068161,0.04562652111053467,0,0.9718720355361555,churn_risk,youtube,0,0,4
8501,0.636982798576355,0.3374910354614258,0.02552616596221924,0,0.5792794835701982,churn_risk,youtube,6,1,14
8502,0.5598388314247131,0.4248305559158325,0.01533056702464819,0,0.9855064120128875,churn_risk,youtube,0,0,6
8503,0.8948996067047119,0.09760857373476028,0.007491812575608492,-1,0.0,churn_risk,youtube,1,0,3
8505,0.8966302275657654,0.09671817719936371,0.006651532836258411,-1,0.0,churn_risk,youtube,1,0,1
8507,0.6491303443908691,0.31266212463378906,0.03820754215121269,0,0.858254776074263,passive_browsing,youtube,0,1,1
8508,0.8022531867027283,0.18641053140163422,0.011336300522089005,0,0.5914198527835347,churn_risk,youtube,3,5,7
8509,0.6494092345237732,0.3274236023426056,0.023167183622717857,-1,0.0,churn_risk,youtube,1,2,10
8510,0.8459025025367737,0.14714224636554718,0.006955151911824942,-1,0.0,churn_risk,youtube,1,1,4
8514,0.9305695295333862,0.06231696158647537,0.007113417144864798,-1,0.0,churn_risk,youtube,0,0,2
8515,0.7096569538116455,0.27764540910720825,0.012697622179985046,0,0.6697216792231226,churn_risk,youtube,0,0,2
8516,0.030152779072523117,0.30018627643585205,0.6696609258651733,-1,0.0,passive_browsing,youtube,0,1,2
8517,0.0948476567864418,0.8581599593162537,0.04699245095252991,0,1.0,passive_browsing,youtube,2,2,3
8518,0.1589633673429489,0.6011247634887695,0.23991188406944275,2,1.0,passive_browsing,youtube,2,1,4
8519,0.657891035079956,0.30906572937965393,0.03304325044155121,-1,0.0,churn_risk,youtube,1,0,6
8520,0.8841823935508728,0.10895051807165146,0.006867082789540291,0,0.8519227249916382,churn_risk,youtube,0,2,6
8521,0.5681570172309875,0.3854045569896698,0.04643845930695534,0,1.0,passive_browsing,youtube,0,1,6
8522,0.8976311087608337,0.09242469072341919,0.009944193065166473,-1,0.0,churn_risk,youtube,0,0,2
8523,0.7672703862190247,0.2157595157623291,0.016970083117485046,-1,0.0,churn_risk,youtube,4,1,3
8524,0.3205759823322296,0.5401585102081299,0.13926544785499573,-1,0.0,passive_browsing,youtube,2,1,7
8526,0.9144931435585022,0.07782058417797089,0.007686254568397999,0,0.8660875848037912,churn_risk,youtube,1,2,4
8529,0.827796459197998,0.15683923661708832,0.015364287421107292,-1,0.0,churn_risk,youtube,0,0,3
8531,0.003996992018073797,0.010915071703493595,0.9850879311561584,0,0.6058865648620188,purchase_intent,youtube,0,0,3
8532,0.9367720484733582,0.056007858365774155,0.007220204453915358,-1,0.0,churn_risk,youtube,2,0,7
8533,0.8979004621505737,0.09546173363924026,0.00663790525868535,-1,0.0,churn_risk,youtube,0,0,9
8534,0.15512850880622864,0.30930396914482117,0.535567581653595,-1,0.0,passive_browsing,youtube,1,0,1
8535,0.01216308306902647,0.073112353682518,0.914724588394165,0,0.7397830845398081,purchase_intent,youtube,4,3,1
8536,0.424945205450058,0.2886347472667694,0.286420077085495,-1,0.0,passive_browsing,youtube,11,2,1
8538,0.0039015591610223055,0.00985071249306202,0.986247718334198,0,0.9688389854149164,purchase_intent,youtube,1,1,1
8540,0.007526886183768511,0.03701145201921463,0.9554617404937744,-1,0.0,purchase_intent,youtube,1,1,1
8545,0.10211751610040665,0.5363499522209167,0.36153244972229004,-1,0.0,passive_browsing,youtube,3,1,4
8547,0.913945734500885,0.07687761634588242,0.009176637046039104,-1,0.0,churn_risk,youtube,5,0,4
8549,0.9343281984329224,0.05980155989527702,0.005870162975043058,-1,0.0,churn_risk,youtube,2,3,4
8553,0.874233067035675,0.11618199199438095,0.009584956802427769,-1,0.0,churn_risk,youtube,0,2,2
8554,0.013767730444669724,0.11687110364437103,0.8693611025810242,5,0.7718175863125021,purchase_intent,youtube,444,9,2
8555,0.041066233068704605,0.11765222996473312,0.8412814736366272,5,0.4109747994334944,purchase_intent,youtube,40,11,3
8556,0.02520732209086418,0.19349415600299835,0.7812984585762024,5,1.0,purchase_intent,youtube,66,9,2
8557,0.0039940644055604935,0.032647375017404556,0.9633585214614868,0,0.6801768882270404,purchase_intent,youtube,27,1,1
8558,0.0696258544921875,0.7713835835456848,0.15899057686328888,-1,0.0,passive_browsing,youtube,24,1,1
8559,0.04219894856214523,0.9038522243499756,0.05394890159368515,-1,0.0,passive_browsing,youtube,24,2,1
8561,0.009854412637650967,0.8300036787986755,0.1601419299840927,-1,0.0,passive_browsing,youtube,7,1,1
8562,0.010889255441725254,0.8279610872268677,0.16114963591098785,5,0.6954233374099742,passive_browsing,youtube,2,1,1
8563,0.10391980409622192,0.8555083274841309,0.040571846067905426,18,0.5585458601311536,passive_browsing,youtube,2,1,1
8564,0.42766472697257996,0.47291186451911926,0.09942338615655899,5,0.6783172153623376,passive_browsing,youtube,6,1,1
8565,0.09345321357250214,0.7363356947898865,0.170211061835289,-1,0.0,passive_browsing,youtube,5,1,1
8566,0.14639484882354736,0.7220404148101807,0.1315646767616272,5,1.0,passive_browsing,youtube,1,0,3
8571,0.018753336742520332,0.924260139465332,0.0569864921271801,5,0.7335612020799274,passive_browsing,youtube,9,3,1
8574,0.3726275563240051,0.33039286732673645,0.2969796359539032,5,1.0,passive_browsing,youtube,0,0,3
8580,0.3811837136745453,0.3434036374092102,0.2754126787185669,5,0.9215498822762072,churn_risk,youtube,0,0,5
8581,0.039419859647750854,0.44459769129753113,0.515982449054718,0,0.5844713766796847,passive_browsing,youtube,1,1,2
8582,0.4138978123664856,0.49945998191833496,0.08664224296808243,5,0.8223378264830462,passive_browsing,youtube,3,6,5
8583,0.02928936295211315,0.281880259513855,0.6888303756713867,-1,0.0,passive_browsing,youtube,8,1,3
8584,0.9037370085716248,0.08755385875701904,0.008709141984581947,18,0.40756229795484933,churn_risk,youtube,0,0,5
8585,0.01420010719448328,0.32667475938796997,0.6591251492500305,36,1.0,passive_browsing,youtube,0,1,1
8588,0.9409962296485901,0.0513824038207531,0.007621342316269875,5,1.0,churn_risk,youtube,12,6,1
8589,0.005656253546476364,0.018109433352947235,0.9762343764305115,0,0.7797391472610584,purchase_intent,youtube,56,2,1
8591,0.422100305557251,0.47773635387420654,0.10016336292028427,0,0.899416852414673,passive_browsing,youtube,2,0,1
8594,0.007070417050272226,0.37026098370552063,0.6226686239242554,0,1.0,purchase_intent,youtube,3,0,1
8595,0.022367002442479134,0.1608322709798813,0.8168007135391235,2,1.0,purchase_intent,youtube,6,0,3
8600,0.006768820807337761,0.009137756191194057,0.984093427658081,0,0.694253663613852,purchase_intent,youtube,2,1,1
8601,0.006983177736401558,0.042588844895362854,0.9504279494285583,0,0.6280570998947664,purchase_intent,youtube,1,0,1
8610,0.017663000151515007,0.7104791402816772,0.2718578279018402,0,0.7616296314763866,passive_browsing,youtube,2,1,2
8612,0.10290967673063278,0.775037407875061,0.12205293774604797,0,0.9098052058610427,passive_browsing,youtube,0,0,1
8613,0.5087045431137085,0.3769102394580841,0.11438516527414322,0,1.0,passive_browsing,youtube,0,0,7
8614,0.005846110638231039,0.04081819951534271,0.9533357620239258,0,0.7595946941760116,purchase_intent,youtube,0,1,2
8616,0.013393505476415157,0.18804757297039032,0.7985589504241943,0,1.0,purchase_intent,youtube,0,5,1
8618,0.6549393534660339,0.294948935508728,0.05011172220110893,0,1.0,passive_browsing,youtube,3,1,3
8620,0.717435896396637,0.24302026629447937,0.03954381123185158,0,0.4670401167283212,churn_risk,youtube,1,1,2
8621,0.8070476055145264,0.18219724297523499,0.010755159892141819,0,1.0,churn_risk,youtube,1,1,3
8622,0.7675129771232605,0.21884579956531525,0.01364132296293974,2,1.0,churn_risk,youtube,1,2,3
8624,0.0518428198993206,0.7221336960792542,0.22602348029613495,0,1.0,passive_browsing,youtube,0,1,2
8627,0.028481516987085342,0.8146836161613464,0.15683484077453613,0,1.0,passive_browsing,youtube,0,1,2
8628,0.002958894707262516,0.01428722683340311,0.9827538728713989,0,0.4168381161229819,purchase_intent,youtube,2,0,3
8636,0.7457355856895447,0.22020263969898224,0.03406177833676338,0,1.0,churn_risk,youtube,0,0,4
8638,0.016820920631289482,0.6635795831680298,0.31959953904151917,0,0.7282878975448526,passive_browsing,youtube,0,1,3
8639,0.9381327629089355,0.05531102418899536,0.006556173786520958,0,1.0,churn_risk,youtube,0,0,5
8641,0.5762261152267456,0.38772955536842346,0.036044299602508545,-1,0.0,churn_risk,youtube,0,1,3
8642,0.5231197476387024,0.44240131974220276,0.03447885811328888,0,1.0,passive_browsing,youtube,0,0,5
8643,0.003218820784240961,0.2808591425418854,0.7159220576286316,0,0.7296235657912872,purchase_intent,youtube,1,0,4
8644,0.22614838182926178,0.6426082253456116,0.13124333322048187,3,1.0,passive_browsing,youtube,1,3,3
8645,0.33601924777030945,0.6019975543022156,0.06198322772979736,0,1.0,passive_browsing,youtube,2,1,10
8646,0.5081750154495239,0.46166473627090454,0.03016022965312004,3,1.0,churn_risk,youtube,4,2,8
8647,0.8795799612998962,0.11242962628602982,0.007990432903170586,3,1.0,churn_risk,youtube,3,3,2
8648,0.8627815842628479,0.1287885308265686,0.008429945446550846,0,1.0,churn_risk,youtube,0,0,7
8649,0.003962154965847731,0.37722882628440857,0.6188090443611145,0,0.9035451033260402,passive_browsing,youtube,7,2,2
8650,0.009933088906109333,0.26694628596305847,0.7231205701828003,0,1.0,purchase_intent,youtube,387,36,4
8651,0.22619347274303436,0.6040002703666687,0.16980616748332977,0,1.0,passive_browsing,youtube,5,0,2
8653,0.005447878036648035,0.05933397263288498,0.935218095779419,0,1.0,purchase_intent,youtube,1,0,2
8654,0.0037273464258760214,0.01908406801521778,0.9771885871887207,-1,0.0,purchase_intent,youtube,3,0,2
8655,0.7569032907485962,0.22451768815517426,0.018579011783003807,0,1.0,churn_risk,youtube,35,4,3
8657,0.004759148694574833,0.02453509345650673,0.9707057476043701,-1,0.0,purchase_intent,youtube,1,0,1
8658,0.0030416157096624374,0.015328512527048588,0.9816298484802246,0,0.6176239753490403,purchase_intent,youtube,25,1,1
8659,0.1075156182050705,0.8330373764038086,0.05944697931408882,0,1.0,passive_browsing,youtube,0,0,1
8660,0.00541630620136857,0.12277965992689133,0.8718039989471436,0,1.0,purchase_intent,youtube,62,5,3
8661,0.3068922162055969,0.44473502039909363,0.24837276339530945,0,1.0,passive_browsing,youtube,4,0,4
8662,0.9170523285865784,0.07686079293489456,0.006086943671107292,-1,0.0,churn_risk,youtube,3,0,4
8665,0.05352337658405304,0.36111024022102356,0.5853663682937622,0,1.0,passive_browsing,youtube,26,8,2
8666,0.28349629044532776,0.6781178116798401,0.03838597983121872,-1,0.0,passive_browsing,youtube,1,0,1
8668,0.0029334011487662792,0.020888227969408035,0.9761783480644226,0,1.0,purchase_intent,youtube,14,1,3
8669,0.022376570850610733,0.07085178792476654,0.9067716598510742,0,0.7120725731905105,purchase_intent,youtube,20,2,2
8670,0.004816005937755108,0.01249193586409092,0.9826920032501221,0,0.9095544078146994,purchase_intent,youtube,3,1,1
8671,0.7060537338256836,0.2840707004070282,0.009875520132482052,-1,0.0,churn_risk,youtube,0,0,1
8673,0.005869878455996513,0.015247246250510216,0.9788828492164612,-1,0.0,purchase_intent,youtube,3,1,1
8674,0.014454135671257973,0.9526970386505127,0.032848820090293884,19,0.10422854334009604,passive_browsing,youtube,2,0,1
8676,0.014491600915789604,0.7269188165664673,0.25858965516090393,0,1.0,passive_browsing,youtube,0,0,2
8677,0.647704005241394,0.336456298828125,0.015839718282222748,0,0.7432935014449524,passive_browsing,youtube,1,0,4
8678,0.0027810826431959867,0.007537925150245428,0.9896809458732605,0,0.42310102295550023,purchase_intent,youtube,3,1,1
8679,0.6885516047477722,0.2873963713645935,0.0240519680082798,0,0.6781485442220935,passive_browsing,youtube,0,0,3
8681,0.01782456412911415,0.12422070652246475,0.857954740524292,0,0.6898072046803607,purchase_intent,youtube,2,1,3
8682,0.5828234553337097,0.39623767137527466,0.0209389366209507,-1,0.0,passive_browsing,youtube,0,0,1
8683,0.006023922469466925,0.34962359070777893,0.6443524360656738,16,0.8734738413125845,passive_browsing,youtube,0,1,3
8684,0.5705832242965698,0.38575467467308044,0.043662164360284805,0,1.0,passive_browsing,youtube,0,0,2
8686,0.6904407739639282,0.2913829982280731,0.018176289275288582,16,0.9036633573594078,passive_browsing,youtube,0,0,1
8687,0.8682859539985657,0.11881528049707413,0.012898714281618595,-1,0.0,churn_risk,youtube,1,0,1
8688,0.01930209994316101,0.5519201755523682,0.4287777245044708,-1,0.0,passive_browsing,youtube,0,1,1
8689,0.7739548683166504,0.2051398754119873,0.020905282348394394,0,1.0,churn_risk,youtube,18,4,7
8690,0.026732735335826874,0.9200633764266968,0.053203802555799484,1,0.9002809735601326,passive_browsing,youtube,0,1,1
8691,0.5968250036239624,0.35988542437553406,0.04328954592347145,0,1.0,passive_browsing,youtube,5,1,5
8692,0.037931445986032486,0.3384951651096344,0.623573362827301,0,0.7091973773814101,purchase_intent,youtube,0,0,7
8694,0.14140285551548004,0.4221624732017517,0.43643468618392944,0,0.6403192219853007,passive_browsing,youtube,5,2,3
8696,0.2314654439687729,0.7126505374908447,0.05588405579328537,0,0.989721359840758,passive_browsing,youtube,0,1,2
8697,0.0990263968706131,0.84560626745224,0.05536724254488945,0,1.0,passive_browsing,youtube,1,0,2
8698,0.008777466602623463,0.9073522686958313,0.08387021720409393,0,1.0,passive_browsing,youtube,1,2,2
8699,0.25339728593826294,0.627640962600708,0.11896172165870667,0,1.0,passive_browsing,youtube,6,1,4
8700,0.012683558277785778,0.599052369594574,0.3882640600204468,0,0.8068096325030116,passive_browsing,youtube,1,0,2
8701,0.4222653806209564,0.5385363698005676,0.03919825330376625,0,1.0,passive_browsing,youtube,0,0,5
8703,0.3360608220100403,0.5977890491485596,0.06615015864372253,0,1.0,passive_browsing,youtube,6,1,1
8705,0.345395565032959,0.6116767525672913,0.04292772337794304,0,1.0,passive_browsing,youtube,3,1,2
8706,0.7946916222572327,0.18921905755996704,0.016089309006929398,0,1.0,churn_risk,youtube,13,0,4
8707,0.10375837981700897,0.7417721152305603,0.1544695347547531,0,0.9855347819390107,passive_browsing,youtube,2,2,4
8708,0.2204594910144806,0.7019570469856262,0.07758349925279617,0,1.0,passive_browsing,youtube,2,1,6
8709,0.15476883947849274,0.8156654834747314,0.029565760865807533,0,0.9463821550436017,passive_browsing,youtube,1,4,3
8710,0.6883313059806824,0.2926594316959381,0.019009288400411606,0,0.6344332920268096,passive_browsing,youtube,3,1,4
8711,0.7259652018547058,0.2638244926929474,0.01021029707044363,0,1.0,churn_risk,youtube,1,2,3
8712,0.6082425117492676,0.35936155915260315,0.03239583596587181,0,0.6456998789098365,passive_browsing,youtube,0,0,1
8713,0.24004733562469482,0.7151976823806763,0.04475494101643562,0,1.0,passive_browsing,youtube,3,2,4
8714,0.7773956060409546,0.2120271623134613,0.010577197186648846,0,1.0,churn_risk,youtube,0,0,5
8716,0.2871887981891632,0.5274184346199036,0.18539275228977203,0,1.0,passive_browsing,youtube,0,0,3
8717,0.017456788569688797,0.8008838295936584,0.18165931105613708,0,1.0,passive_browsing,youtube,3,3,3
8718,0.7365705370903015,0.2527230679988861,0.010706494562327862,0,1.0,churn_risk,youtube,0,5,3
8719,0.17028822004795074,0.5223199129104614,0.30739185214042664,-1,0.0,passive_browsing,youtube,1,0,1
8720,0.047336697578430176,0.8543564081192017,0.09830688685178757,17,0.30948748034050694,passive_browsing,youtube,3,2,2
8721,0.4199371039867401,0.3243768513202667,0.25568604469299316,-1,0.0,passive_browsing,youtube,3,1,1
8722,0.8826141953468323,0.10734730958938599,0.01003858633339405,0,1.0,churn_risk,youtube,0,2,3
8724,0.21990111470222473,0.522002100944519,0.2580968141555786,0,1.0,passive_browsing,youtube,1,0,10
8726,0.8916416168212891,0.09712153673171997,0.011236845515668392,0,1.0,churn_risk,youtube,0,0,3
8727,0.7473257780075073,0.23825420439243317,0.01441995520144701,0,0.698811279143904,churn_risk,youtube,18,7,2
8728,0.0214224923402071,0.8706361651420593,0.10794141888618469,0,1.0,passive_browsing,youtube,0,0,2
8730,0.13776421546936035,0.8246258497238159,0.037609998136758804,0,0.9501703948090844,passive_browsing,youtube,1,1,1
8732,0.7543536424636841,0.21243810653686523,0.0332082137465477,0,1.0,churn_risk,youtube,0,0,2
8733,0.9238826632499695,0.07071902602910995,0.005398293025791645,2,1.0,churn_risk,youtube,0,2,2
8734,0.7096960544586182,0.22846922278404236,0.06183473393321037,0,1.0,churn_risk,youtube,0,0,2
8736,0.3206861615180969,0.6011741757392883,0.07813973724842072,0,0.6917393432278134,passive_browsing,youtube,0,0,2
8737,0.8174247145652771,0.1728697568178177,0.00970545969903469,0,1.0,churn_risk,youtube,2,2,1
8738,0.5852609872817993,0.38773152232170105,0.027007509022951126,0,1.0,passive_browsing,youtube,16,7,5
8739,0.47764337062835693,0.4611203074455261,0.061236247420310974,0,1.0,passive_browsing,youtube,0,0,1
8740,0.8036896586418152,0.17962171137332916,0.0166886318475008,0,0.7969099842027203,churn_risk,youtube,1,0,7
8741,0.8294240832328796,0.1533694565296173,0.017206458374857903,0,0.9200579146428672,churn_risk,youtube,0,1,1
8744,0.4094312787055969,0.5039653182029724,0.08660337328910828,-1,0.0,passive_browsing,youtube,0,4,3
8745,0.003174263285472989,0.0078004105016589165,0.9890252947807312,0,0.7157364226434878,purchase_intent,youtube,0,2,2
8749,0.003096758620813489,0.006948317866772413,0.989954948425293,0,0.42114882121666175,purchase_intent,youtube,1,1,1
8753,0.024797510355710983,0.2916279733181,0.6835745573043823,0,0.9750372112641428,passive_browsing,youtube,1,1,4
8754,0.2751486599445343,0.4680400490760803,0.256811261177063,3,1.0,passive_browsing,youtube,0,0,4
8755,0.3681985139846802,0.5682269930839539,0.06357457488775253,-1,0.0,passive_browsing,youtube,1,1,1
8756,0.002685476327314973,0.017925506457686424,0.9793890118598938,0,0.8800188219312753,purchase_intent,youtube,0,0,4
8757,0.3075821101665497,0.5705044865608215,0.12191342562437057,-1,0.0,passive_browsing,youtube,64,0,2
8758,0.35544049739837646,0.6055445671081543,0.0390150286257267,0,1.0,passive_browsing,youtube,243,11,2
8759,0.007254536729305983,0.06414032727479935,0.9286050796508789,0,0.9366945980979766,purchase_intent,youtube,77,0,1
8761,0.905348002910614,0.08564316481351852,0.009008788503706455,0,1.0,churn_risk,youtube,279,26,4
8762,0.03456904739141464,0.08757595717906952,0.8778550624847412,0,0.9907415810687416,purchase_intent,youtube,41,1,3
8763,0.006588559597730637,0.03529256209731102,0.9581189155578613,0,1.0,purchase_intent,youtube,18,2,1
8764,0.00925914291292429,0.22561442852020264,0.7651264071464539,0,1.0,purchase_intent,youtube,4,0,2
8765,0.22215554118156433,0.37820160388946533,0.3996428847312927,0,0.7188002679453452,passive_browsing,youtube,60,2,4
8767,0.00724940886721015,0.06183348223567009,0.9309171438217163,0,1.0,purchase_intent,youtube,14,2,5
8768,0.007037896662950516,0.08994320034980774,0.9030188322067261,0,0.9646341774656932,purchase_intent,youtube,3,0,2
8770,0.5714631080627441,0.4007308781147003,0.02780599519610405,0,0.9696607738540748,passive_browsing,youtube,9,1,2
8772,0.030089182779192924,0.7624351978302002,0.20747561752796173,0,0.8828472298930713,passive_browsing,youtube,14,3,4
8775,0.021260041743516922,0.28848159313201904,0.6902583241462708,-1,0.0,passive_browsing,youtube,0,0,1
8778,0.026255249977111816,0.8829813599586487,0.09076346457004547,-1,0.0,passive_browsing,youtube,0,0,1
8782,0.4744024872779846,0.4409436285495758,0.08465393632650375,0,0.9663408589130399,passive_browsing,youtube,6,2,2
8784,0.869998574256897,0.1227082759141922,0.007293113972991705,0,0.911873258684724,churn_risk,youtube,0,1,4
8786,0.027651425451040268,0.8715698719024658,0.10077869147062302,-1,0.0,passive_browsing,youtube,6,3,2
8787,0.017220253124833107,0.9301239252090454,0.05265587195754051,-1,0.0,passive_browsing,youtube,0,0,1
8788,0.8955110311508179,0.09554142504930496,0.00894766952842474,-1,0.0,churn_risk,youtube,1,0,3
8789,0.5186160802841187,0.44698503613471985,0.034398894757032394,-1,0.0,passive_browsing,youtube,1,1,1
8791,0.9122657179832458,0.08003880828619003,0.007695524487644434,0,1.0,churn_risk,youtube,31,6,4
8792,0.3777752220630646,0.5675030946731567,0.054721713066101074,0,0.9943887904192658,passive_browsing,youtube,7,1,1
8793,0.8657610416412354,0.12772230803966522,0.006516685243695974,0,1.0,churn_risk,youtube,2,3,2
8794,0.02932393178343773,0.39334115386009216,0.5773349404335022,0,1.0,passive_browsing,youtube,0,1,2
8795,0.7114272117614746,0.267593652009964,0.020979128777980804,0,1.0,churn_risk,youtube,6,3,8
8796,0.876060962677002,0.11444909870624542,0.009489982388913631,0,1.0,churn_risk,youtube,0,0,2
8797,0.7934234142303467,0.1663045585155487,0.04027204215526581,-1,0.0,churn_risk,youtube,0,0,1
8798,0.2448716163635254,0.7335031032562256,0.021625200286507607,0,1.0,passive_browsing,youtube,3,4,1
8799,0.021440833806991577,0.920073390007019,0.05848580226302147,0,1.0,passive_browsing,youtube,1,1,1
8801,0.01663653738796711,0.9289993643760681,0.05436406657099724,0,0.9187019450439287,passive_browsing,youtube,0,1,1
8802,0.08575049042701721,0.8884982466697693,0.02575119026005268,0,1.0,passive_browsing,youtube,1,1,2
8804,0.9269315600395203,0.06622061878442764,0.006847884971648455,-1,0.0,churn_risk,youtube,0,0,4
8806,0.4731036126613617,0.47393232583999634,0.052964016795158386,0,0.6782752486647002,passive_browsing,youtube,11,4,1
8807,0.890824556350708,0.09807877242565155,0.011096645146608353,40,1.0,churn_risk,youtube,3,1,2
8809,0.748012125492096,0.23948702216148376,0.012500828132033348,0,1.0,churn_risk,youtube,0,1,1
8810,0.7239406108856201,0.23032520711421967,0.04573425278067589,0,0.988721529588597,churn_risk,youtube,9,2,1
8812,0.4266521632671356,0.3345755636692047,0.23877230286598206,0,0.6474197314943815,churn_risk,youtube,0,0,3
8815,0.21749085187911987,0.41436144709587097,0.36814770102500916,0,1.0,passive_browsing,youtube,1,0,8
8816,0.01495840959250927,0.05890979617834091,0.9261317849159241,0,1.0,purchase_intent,youtube,0,0,9
8822,0.8673425912857056,0.12450716644525528,0.008150237612426281,39,1.0,churn_risk,youtube,333,2,2
8823,0.04819978028535843,0.22412006556987762,0.7276801466941833,0,1.0,purchase_intent,youtube,409,7,8
8824,0.9187966585159302,0.07493419200181961,0.006269130390137434,11,1.0,churn_risk,youtube,153,4,1
8825,0.03980051353573799,0.13990864157676697,0.8202908635139465,0,0.6527377574704409,purchase_intent,youtube,126,2,2
8827,0.035382624715566635,0.09265263378620148,0.8719647526741028,0,1.0,purchase_intent,youtube,19,1,1
8828,0.4041607677936554,0.5044942498207092,0.09134499728679657,0,1.0,passive_browsing,youtube,82,0,3
8830,0.008442539721727371,0.07777607440948486,0.9137813448905945,0,0.9947083011266943,purchase_intent,youtube,172,3,7
8832,0.17072336375713348,0.2507704198360443,0.5785062313079834,0,0.6834954490905877,purchase_intent,youtube,44,0,1
8833,0.7745577692985535,0.21230651438236237,0.013135730288922787,0,1.0,churn_risk,youtube,32,1,1
8837,0.0044222744181752205,0.05854206904768944,0.9370356202125549,0,0.7315287925535668,purchase_intent,youtube,8,0,1
8843,0.03063775599002838,0.06501354277133942,0.9043486714363098,0,1.0,purchase_intent,youtube,0,0,1
8844,0.030683625489473343,0.25985974073410034,0.7094566226005554,0,1.0,purchase_intent,youtube,0,0,2
8845,0.016062092036008835,0.06802576780319214,0.9159122109413147,0,1.0,purchase_intent,youtube,45,1,2
8847,0.018226588144898415,0.13844190537929535,0.8433315753936768,0,1.0,purchase_intent,youtube,15,1,2
8848,0.0024006995372474194,0.03004635125398636,0.9675530195236206,0,0.9087693271556142,purchase_intent,youtube,64,2,3
8851,0.012561566196382046,0.1943288892507553,0.7931095361709595,-1,0.0,purchase_intent,youtube,0,0,1
8852,0.027351466938853264,0.15438957512378693,0.8182589411735535,24,1.0,purchase_intent,youtube,5,0,2
8853,0.00366313592530787,0.10872210562229156,0.8876147270202637,0,0.5098639840954489,purchase_intent,youtube,2,0,3
8855,0.008537355810403824,0.030754953622817993,0.9607077240943909,0,1.0,purchase_intent,youtube,5,0,1
8858,0.24116984009742737,0.488320916891098,0.2705092132091522,0,0.9792357742775651,passive_browsing,youtube,13,0,1
8863,0.0029476683121174574,0.00804699957370758,0.9890053868293762,0,0.7936878632473513,purchase_intent,youtube,4,0,2
8864,0.003299793228507042,0.07801853865385056,0.9186816215515137,0,1.0,purchase_intent,youtube,2,0,1
8868,0.09210098534822464,0.2241370528936386,0.6837619543075562,0,1.0,passive_browsing,youtube,0,0,1
8869,0.6379837393760681,0.341900110244751,0.020116088911890984,-1,0.0,passive_browsing,youtube,7,0,1
8874,0.05975254625082016,0.245669886469841,0.6945775747299194,0,1.0,passive_browsing,youtube,2,0,2
8876,0.1739245504140854,0.48509588837623596,0.34097957611083984,-1,0.0,passive_browsing,youtube,4,0,1
8878,0.0702165886759758,0.17017652094364166,0.7596068978309631,0,1.0,purchase_intent,youtube,1,0,1
8879,0.015491928905248642,0.05550892651081085,0.9289991855621338,0,1.0,purchase_intent,youtube,0,0,3
8883,0.012597612105309963,0.04576216638088226,0.9416402578353882,0,0.5240124102984378,purchase_intent,youtube,1,0,1
8885,0.004984861705452204,0.013202549889683723,0.981812596321106,24,0.846806057154893,purchase_intent,youtube,0,0,2
8889,0.007851960137486458,0.026193048804998398,0.9659549593925476,0,0.7443808105987388,purchase_intent,youtube,0,0,1
8890,0.059712279587984085,0.08244703710079193,0.8578407168388367,0,0.6515209800333932,purchase_intent,youtube,0,0,1
8893,0.007634291425347328,0.1277954876422882,0.8645702004432678,0,1.0,purchase_intent,youtube,3,0,2
8894,0.43348610401153564,0.43827560544013977,0.1282382756471634,0,1.0,passive_browsing,youtube,0,0,2
8897,0.23970311880111694,0.3191513121128082,0.4411456286907196,0,0.5651680972722156,passive_browsing,youtube,0,0,1
8898,0.062056947499513626,0.20202012360095978,0.7359229922294617,0,0.7524699761233692,purchase_intent,youtube,0,0,4
8901,0.004264747258275747,0.008413116447627544,0.9873221516609192,0,0.8066034646830617,purchase_intent,youtube,1,0,1
8903,0.008035081438720226,0.02618836984038353,0.9657766222953796,0,0.7051304286741134,purchase_intent,youtube,0,0,1
8908,0.043857891112565994,0.20995090901851654,0.7461912631988525,0,1.0,purchase_intent,youtube,14,1,6
8913,0.6381664276123047,0.2747326195240021,0.08710088580846786,0,1.0,passive_browsing,youtube,3,0,6
8914,0.794714629650116,0.19125770032405853,0.01402765978127718,0,1.0,churn_risk,youtube,5,0,3
8915,0.6823441386222839,0.20323339104652405,0.1144225001335144,0,1.0,passive_browsing,youtube,0,0,3
8916,0.006002603564411402,0.09619111567735672,0.8978062868118286,-1,0.0,purchase_intent,youtube,0,0,1
8917,0.010632230900228024,0.029537608847022057,0.959830105304718,0,1.0,purchase_intent,youtube,1,0,1
8920,0.0074622840620577335,0.07184067368507385,0.920697033405304,0,1.0,purchase_intent,youtube,3,1,4
8922,0.038096241652965546,0.7109971046447754,0.25090670585632324,-1,0.0,passive_browsing,youtube,189,4,1
8923,0.8846608400344849,0.10670323669910431,0.008635942824184895,0,0.8580581710030631,churn_risk,youtube,11,1,3
8924,0.9036496877670288,0.08851872384548187,0.007831566967070103,0,1.0,churn_risk,youtube,56,5,1
8925,0.06631222367286682,0.4929330348968506,0.4407547414302826,0,1.0,passive_browsing,youtube,142,12,6
8927,0.8486288785934448,0.13576653599739075,0.015604625456035137,0,1.0,churn_risk,youtube,17,5,4
8928,0.0029412636067718267,0.012728332541882992,0.9843303561210632,-1,0.0,purchase_intent,youtube,0,1,1
8931,0.02140641398727894,0.7251392602920532,0.2534543573856354,0,1.0,passive_browsing,youtube,22,1,3
8932,0.17326201498508453,0.7802048921585083,0.04653307795524597,0,1.0,passive_browsing,youtube,0,1,5
8934,0.3277255892753601,0.609952449798584,0.0623219758272171,0,0.8164376005784525,passive_browsing,youtube,0,2,3
8936,0.012343733571469784,0.9037615656852722,0.0838947743177414,-1,0.0,passive_browsing,youtube,0,2,1
8938,0.07260195165872574,0.7532666325569153,0.17413130402565002,-1,0.0,passive_browsing,youtube,0,1,4
8939,0.021333444863557816,0.9410198926925659,0.03764666989445686,0,0.8509108611996908,passive_browsing,youtube,0,1,3
8940,0.022994522005319595,0.9091442823410034,0.0678611695766449,-1,0.0,passive_browsing,youtube,0,1,1
8941,0.014802535995841026,0.609075665473938,0.37612175941467285,0,0.8197951101463323,passive_browsing,youtube,0,2,3
8942,0.617882490158081,0.3467451333999634,0.03537242114543915,-1,0.0,passive_browsing,youtube,10,3,1
8943,0.4619823694229126,0.5069436430931091,0.03107394650578499,0,1.0,passive_browsing,youtube,0,1,6
8944,0.056213200092315674,0.8978993892669678,0.045887403190135956,0,1.0,passive_browsing,youtube,0,2,3
8945,0.022930582985281944,0.8935354351997375,0.08353397250175476,0,0.7566020743097616,passive_browsing,youtube,1,1,3
8946,0.047628045082092285,0.7098747491836548,0.24249714612960815,0,1.0,passive_browsing,youtube,0,2,4
8947,0.02662191540002823,0.9384416341781616,0.03493634983897209,0,0.9438594112485705,passive_browsing,youtube,1,3,2
8948,0.20161020755767822,0.4449014961719513,0.3534882962703705,0,0.9866365624038993,passive_browsing,youtube,1,1,4
8950,0.6060733199119568,0.35033831000328064,0.043588362634181976,0,0.9899384663424463,passive_browsing,youtube,0,1,3
8951,0.1110231876373291,0.8111032247543335,0.0778736099600792,-1,0.0,passive_browsing,youtube,0,2,2
8952,0.017457542940974236,0.19339758157730103,0.7891448140144348,0,0.9214410765093368,purchase_intent,youtube,0,1,2
8953,0.026933133602142334,0.9323251843452454,0.040741659700870514,0,0.8748617425407244,passive_browsing,youtube,1,5,1
8954,0.20912496745586395,0.5746097564697266,0.2162652313709259,0,1.0,passive_browsing,youtube,0,1,3
8955,0.07835179567337036,0.5338329076766968,0.3878152370452881,3,1.0,passive_browsing,youtube,40,2,2
8956,0.7733369469642639,0.21178239583969116,0.014880693517625332,3,1.0,churn_risk,youtube,11,1,1
8957,0.010552503168582916,0.9492834210395813,0.040164101868867874,3,0.9416524644182648,passive_browsing,youtube,0,0,1
8958,0.8052542209625244,0.1890943944454193,0.005651354324072599,3,1.0,churn_risk,youtube,7,0,1
8959,0.39895445108413696,0.5849617123603821,0.016083916649222374,3,1.0,passive_browsing,youtube,14,2,2
8963,0.3584267199039459,0.6107488870620728,0.03082444705069065,3,0.9278181048872018,passive_browsing,youtube,3,1,2
8965,0.007495056837797165,0.0332021601498127,0.9593027830123901,3,0.785818992823962,purchase_intent,youtube,2,2,2
8966,0.022697320207953453,0.9319080710411072,0.04539453238248825,3,1.0,passive_browsing,youtube,0,1,1
8968,0.007591292727738619,0.24670247733592987,0.7457062602043152,3,1.0,purchase_intent,youtube,1,0,1
8970,0.7632579803466797,0.22792977094650269,0.008812282234430313,3,1.0,churn_risk,youtube,5,1,1
8973,0.009434731677174568,0.6918094158172607,0.29875579476356506,3,0.7553862757458948,passive_browsing,youtube,1,2,1
8976,0.715175986289978,0.2745891809463501,0.010234866291284561,3,1.0,churn_risk,youtube,0,3,1
8978,0.7993608713150024,0.19310353696346283,0.007535657379776239,3,1.0,churn_risk,youtube,1,1,1
9041,0.607997715473175,0.36726710200309753,0.024735281243920326,3,0.8898532311511931,passive_browsing,youtube,185,10,2
9042,0.9177898168563843,0.0753023698925972,0.006907857023179531,3,1.0,churn_risk,youtube,82,4,2
9044,0.737600564956665,0.2437458038330078,0.018653687089681625,3,1.0,churn_risk,youtube,18,1,1
9046,0.16116514801979065,0.5057652592658997,0.33306965231895447,-1,0.0,passive_browsing,youtube,1,0,1
9048,0.019406123086810112,0.29778024554252625,0.6828135848045349,-1,0.0,passive_browsing,youtube,0,0,1
9049,0.3335200250148773,0.5497308373451233,0.11674918979406357,3,1.0,passive_browsing,youtube,8,0,3
9050,0.019484687596559525,0.13951341807842255,0.8410019278526306,3,0.8436747428524887,purchase_intent,youtube,1,1,1
9051,0.04186740517616272,0.3731544315814972,0.5849781632423401,1,1.0,passive_browsing,youtube,1,0,1
9052,0.8224527835845947,0.166154682636261,0.011392542161047459,0,0.8796139812778206,churn_risk,youtube,0,3,2
9057,0.4099630117416382,0.5499756932258606,0.04006131365895271,3,0.9127230144068014,passive_browsing,youtube,0,0,1
9058,0.8320925831794739,0.15245123207569122,0.015456217341125011,3,1.0,churn_risk,youtube,0,0,1
9059,0.8493016958236694,0.13846909999847412,0.012229284271597862,3,1.0,churn_risk,youtube,6,3,1
9061,0.0037456161808222532,0.0597618892788887,0.9364925026893616,3,0.9913205896609253,purchase_intent,youtube,0,0,1
9064,0.8327409625053406,0.15209080278873444,0.015168209560215473,3,1.0,churn_risk,youtube,0,0,1
9171,0.4758978486061096,0.5030581951141357,0.021043889224529266,3,1.0,passive_browsing,youtube,2,1,2
9172,0.9081709384918213,0.08675243705511093,0.005076694302260876,3,0.9481279969191827,churn_risk,youtube,0,1,2
9173,0.5460785627365112,0.40991896390914917,0.04400249570608139,5,0.4811861974936838,passive_browsing,youtube,0,1,3
9175,0.313121497631073,0.23175102472305298,0.4551275074481964,33,0.6631291230794567,passive_browsing,youtube,237,23,1
9176,0.8152251243591309,0.15720166265964508,0.027573132887482643,3,0.6822426206337584,churn_risk,youtube,2,0,1
9177,0.5791456699371338,0.2797270119190216,0.14112736284732819,3,0.9037712917892959,passive_browsing,youtube,346,0,1
9178,0.008969256654381752,0.11005614697933197,0.880974531173706,43,1.0,purchase_intent,youtube,313,4,4
9180,0.5975714325904846,0.3382502794265747,0.06417828798294067,3,0.9238314288719809,passive_browsing,youtube,119,1,1
9181,0.0052028498612344265,0.01768159493803978,0.9771155118942261,33,1.0,purchase_intent,youtube,164,3,3
9185,0.7590718269348145,0.22744733095169067,0.013480864465236664,3,1.0,churn_risk,youtube,6,0,2
9186,0.6147373914718628,0.34667372703552246,0.03858890384435654,3,1.0,passive_browsing,youtube,34,3,1
9187,0.002998218173161149,0.0067886351607739925,0.9902130961418152,-1,0.0,purchase_intent,youtube,4,0,2
9188,0.4817870855331421,0.4570624828338623,0.0611504502594471,3,1.0,passive_browsing,youtube,111,16,1
9189,0.04765615239739418,0.31856852769851685,0.6337752938270569,3,0.788725195856058,passive_browsing,youtube,24,1,3
9191,0.8782776594161987,0.10990606993436813,0.011816274374723434,3,1.0,churn_risk,youtube,23,3,1
9194,0.0031811357475817204,0.01424721721559763,0.9825716018676758,3,0.5335320280913008,purchase_intent,youtube,12,0,1
9195,0.0019288987386971712,0.02335333451628685,0.9747177362442017,33,1.0,purchase_intent,youtube,48,5,1
9197,0.11958425492048264,0.40830937027931213,0.47210636734962463,3,1.0,passive_browsing,youtube,11,0,1
9199,0.004625080153346062,0.01838565245270729,0.9769893288612366,0,0.9239086131118194,purchase_intent,youtube,4,0,1
9201,0.27944672107696533,0.3107764720916748,0.40977683663368225,3,0.8800423573203665,passive_browsing,youtube,0,0,2
9202,0.42675092816352844,0.5516641139984131,0.021584900096058846,3,1.0,passive_browsing,youtube,9,0,2
9203,0.04252258315682411,0.2911364734172821,0.6663410067558289,3,0.7228789984628033,purchase_intent,youtube,20,3,9
9205,0.8458204865455627,0.14405211806297302,0.010127466171979904,3,1.0,churn_risk,youtube,0,0,1
9207,0.9303982257843018,0.06318318098783493,0.006418623961508274,-1,0.0,churn_risk,youtube,2,0,1
9210,0.03439875692129135,0.43311747908592224,0.5324837565422058,33,1.0,purchase_intent,youtube,7,0,2
9211,0.7456189393997192,0.24145345389842987,0.012927629984915257,3,1.0,churn_risk,youtube,2,0,1
9212,0.07965581864118576,0.6033279895782471,0.31701621413230896,33,1.0,passive_browsing,youtube,2,0,1
9213,0.041905079036951065,0.2055826187133789,0.7525122761726379,-1,0.0,purchase_intent,youtube,5,0,1
9215,0.9056409597396851,0.0867452621459961,0.007613787427544594,3,1.0,churn_risk,youtube,5,1,1
9217,0.11219707876443863,0.5306286811828613,0.35717421770095825,3,1.0,passive_browsing,youtube,0,0,1
9221,0.044681623578071594,0.3147108554840088,0.6406075358390808,3,0.7537940184483717,purchase_intent,youtube,3,0,3
9222,0.0035105173010379076,0.00871560163795948,0.9877738356590271,0,1.0,purchase_intent,youtube,0,0,1
9224,0.06329260766506195,0.09708986431360245,0.8396175503730774,-1,0.0,purchase_intent,youtube,0,0,3
9227,0.006532612256705761,0.07324341684579849,0.9202239513397217,3,1.0,purchase_intent,youtube,111,2,5
9230,0.606346607208252,0.31366825103759766,0.07998515665531158,3,1.0,passive_browsing,youtube,5,2,4
9232,0.8724644780158997,0.10534011572599411,0.022195369005203247,3,0.5181823872906189,churn_risk,youtube,1,0,2
9233,0.09521558880805969,0.694015622138977,0.21076877415180206,3,1.0,passive_browsing,youtube,8,1,1
9234,0.006220064125955105,0.03519159182906151,0.9585884213447571,33,1.0,purchase_intent,youtube,1,0,1
9236,0.24021120369434357,0.6582193970680237,0.10156945139169693,9,1.0,passive_browsing,youtube,4,0,1
9238,0.8613128066062927,0.12322673946619034,0.01546039804816246,33,1.0,churn_risk,youtube,0,0,1
9239,0.8950766324996948,0.09310624748468399,0.011817236430943012,33,1.0,churn_risk,youtube,3,0,1
9241,0.04975859820842743,0.1685073971748352,0.781734049320221,-1,0.0,purchase_intent,youtube,0,0,1
9245,0.8686078190803528,0.12325066328048706,0.008141539990901947,3,0.7947319155077867,churn_risk,youtube,0,0,3
9246,0.7683242559432983,0.21295389533042908,0.018721824511885643,3,1.0,churn_risk,youtube,1,0,1
9247,0.8661065101623535,0.11896806210279465,0.01492544636130333,3,1.0,churn_risk,youtube,4,1,1
9250,0.9436848163604736,0.05075646936893463,0.005558638833463192,3,0.793317757868932,churn_risk,youtube,0,0,2
9251,0.41407591104507446,0.4376040995121002,0.1483200341463089,3,1.0,passive_browsing,youtube,1,2,2
9253,0.001922256895340979,0.010773376561701298,0.9873043894767761,33,0.4825342221443932,purchase_intent,youtube,0,0,1
9254,0.7552139759063721,0.2289750725030899,0.015810923650860786,3,1.0,churn_risk,youtube,11,0,1
9255,0.5550849437713623,0.36308515071868896,0.08182992786169052,3,1.0,churn_risk,youtube,0,0,1
9257,0.8859962224960327,0.10412206500768661,0.009881753474473953,3,1.0,churn_risk,youtube,1,0,2
9258,0.9062345623970032,0.08621839433908463,0.007547047454863787,33,1.0,churn_risk,youtube,1,0,1
9259,0.005289176944643259,0.02006487362086773,0.9746459126472473,33,0.40875900944680665,purchase_intent,youtube,0,0,1
9260,0.4020671844482422,0.507835865020752,0.09009692072868347,3,0.9751247790695343,passive_browsing,youtube,0,0,2
9261,0.022994738072156906,0.6220388412475586,0.35496649146080017,33,1.0,passive_browsing,youtube,0,0,1
9262,0.12327650934457779,0.7062383890151978,0.17048513889312744,3,0.9421753680344742,passive_browsing,youtube,0,0,1
9267,0.0571051724255085,0.5546488761901855,0.38824597001075745,3,0.9364030337438668,passive_browsing,youtube,0,0,1
9268,0.8672599196434021,0.12622705101966858,0.0065130493603646755,33,1.0,churn_risk,youtube,2,0,1
9269,0.8674964308738708,0.12546776235103607,0.0070358808152377605,2,0.9613635927186956,churn_risk,youtube,0,0,1
9270,0.4259984791278839,0.5312742590904236,0.04272720590233803,3,1.0,passive_browsing,youtube,2,2,1
9271,0.5923170447349548,0.22124767303466797,0.18643520772457123,33,0.12303437334188315,passive_browsing,youtube,2,0,3
9272,0.010211199522018433,0.09777112305164337,0.892017662525177,33,1.0,purchase_intent,youtube,3,0,1
9273,0.0056185852736234665,0.01223213504999876,0.9821493029594421,0,1.0,purchase_intent,youtube,0,0,2
9274,0.030030440539121628,0.5783122777938843,0.3916573226451874,0,0.7008481284681897,passive_browsing,youtube,0,0,1
9284,0.18759281933307648,0.20854072272777557,0.603866457939148,3,1.0,passive_browsing,youtube,0,0,2
9286,0.003191326977685094,0.01281194481998682,0.9839968085289001,0,0.6378690207143152,purchase_intent,youtube,0,0,1
9287,0.7970383167266846,0.19538196921348572,0.00757974898442626,3,1.0,churn_risk,youtube,18,10,2
9289,0.17762593924999237,0.5494998693466187,0.27287420630455017,-1,0.0,passive_browsing,youtube,0,0,1
9290,0.6434173583984375,0.2823028862476349,0.07427968829870224,3,1.0,passive_browsing,youtube,14,5,1
9292,0.5168297290802002,0.44049301743507385,0.04267726466059685,3,1.0,passive_browsing,youtube,1,7,1
9294,0.9248676896095276,0.06976664811372757,0.005365689285099506,3,1.0,churn_risk,youtube,8,7,1
9397,0.015475776046514511,0.8439623713493347,0.14056183397769928,1,0.5422260918713409,passive_browsing,youtube,0,1,1
9791,0.021407324820756912,0.4494049549102783,0.5291877388954163,-1,0.0,passive_browsing,youtube,482,0,1
9794,0.005165772512555122,0.41038307547569275,0.5844511985778809,1,1.0,passive_browsing,youtube,514,19,1
9795,0.003632826264947653,0.023915575817227364,0.9724516272544861,1,1.0,purchase_intent,youtube,9,0,1
9796,0.003627956146374345,0.014502008445560932,0.9818700551986694,-1,0.0,purchase_intent,youtube,2,1,2
9798,0.09987731277942657,0.6599847674369812,0.240137979388237,1,0.8915633954844725,passive_browsing,youtube,17,1,4
9799,0.0030706720426678658,0.016971159726381302,0.9799582362174988,1,0.6751326360456655,purchase_intent,youtube,29,2,1
9801,0.003287017345428467,0.014198776334524155,0.9825142025947571,1,1.0,purchase_intent,youtube,1,0,1
9810,0.003953233361244202,0.04283401370048523,0.9532127976417542,0,0.9248320260306749,purchase_intent,youtube,4,3,1
9814,0.0025545922107994556,0.07608681917190552,0.921358585357666,41,1.0,purchase_intent,youtube,4,0,1
9817,0.004982524551451206,0.010009480640292168,0.9850080013275146,0,0.735462900155108,purchase_intent,youtube,0,0,1
9818,0.43914031982421875,0.46485355496406555,0.09600619226694107,12,1.0,passive_browsing,youtube,4,0,1
9819,0.03097846917808056,0.7222802639007568,0.24674123525619507,1,0.8549430840665594,passive_browsing,youtube,7,0,1
9821,0.09628616273403168,0.8590784668922424,0.0446353554725647,1,1.0,passive_browsing,youtube,2,0,3
9822,0.02149965986609459,0.0793815478682518,0.8991188406944275,1,0.6898523007760822,purchase_intent,youtube,0,0,1
9823,0.8306193947792053,0.15347087383270264,0.015909723937511444,-1,0.0,churn_risk,youtube,5,1,1
9827,0.1729525923728943,0.6490496397018433,0.17799773812294006,1,0.6001369884568338,passive_browsing,youtube,18,10,1
9829,0.01730417087674141,0.1285228431224823,0.854172945022583,-1,0.0,purchase_intent,youtube,0,0,1
9837,0.0022182620596140623,0.03054828569293022,0.9672334790229797,1,0.7745853748975754,purchase_intent,youtube,0,0,1
9838,0.03253821283578873,0.6442477107048035,0.32321399450302124,1,0.9109962033121612,passive_browsing,youtube,91,1,1
9852,0.010269432328641415,0.1101885437965393,0.8795421123504639,1,1.0,purchase_intent,youtube,0,0,1
9854,0.024328140541911125,0.8955680727958679,0.08010376244783401,-1,0.0,passive_browsing,youtube,1,0,4
9856,0.0030718836933374405,0.015323873609304428,0.9816042184829712,0,0.676692086547736,purchase_intent,youtube,3,0,1
9858,0.3518458306789398,0.6049938201904297,0.043160390108823776,1,0.6785328542972169,passive_browsing,youtube,3,1,1
9859,0.05550455302000046,0.6083335280418396,0.3361619710922241,-1,0.0,passive_browsing,youtube,4,0,1
9861,0.0229316595941782,0.8269088268280029,0.15015952289104462,-1,0.0,passive_browsing,youtube,0,0,1
9864,0.8610880374908447,0.1255907267332077,0.013321168720722198,-1,0.0,churn_risk,youtube,44,0,2
9866,0.745759904384613,0.23117534816265106,0.02306467667222023,-1,0.0,churn_risk,youtube,38,4,2
9874,0.32828232645988464,0.6264214515686035,0.04529621824622154,1,0.8367468488090403,passive_browsing,youtube,0,0,1
9876,0.2385454773902893,0.6379885673522949,0.12346597015857697,1,1.0,passive_browsing,youtube,3,0,1
9879,0.03845401480793953,0.4188947379589081,0.5426512360572815,-1,0.0,purchase_intent,youtube,0,0,4
9881,0.0231303907930851,0.872475802898407,0.10439382493495941,0,0.610055540511161,passive_browsing,youtube,1,0,1
9883,0.0033447397872805595,0.4168071448802948,0.5798481702804565,0,1.0,passive_browsing,youtube,2,0,4
9976,0.003274687333032489,0.03490905836224556,0.9618161916732788,0,0.8001069513239993,purchase_intent,youtube,0,0,4
9977,0.0072410013526678085,0.5222005248069763,0.4705584645271301,0,0.9899384663424463,passive_browsing,youtube,18,0,2
9978,0.004612420219928026,0.4083884358406067,0.5869991183280945,22,1.0,purchase_intent,youtube,6,2,6
9980,0.0038145536091178656,0.009569505229592323,0.9866158962249756,0,0.9438730212193156,purchase_intent,youtube,0,0,2
9988,0.08770161867141724,0.637826144695282,0.27447229623794556,-1,0.0,passive_browsing,youtube,3,0,5
9989,0.008507836610078812,0.12774762511253357,0.8637444972991943,0,0.6160366287490866,purchase_intent,youtube,4,1,2
9990,0.6154062151908875,0.23698757588863373,0.14760616421699524,0,1.0,passive_browsing,youtube,2,0,1
9991,0.07235200703144073,0.46823373436927795,0.4594142436981201,-1,0.0,passive_browsing,youtube,0,0,2
9992,0.032550740987062454,0.9321780800819397,0.035271137952804565,21,0.5584005899635742,passive_browsing,youtube,1,0,1
9993,0.023546965792775154,0.26369374990463257,0.712759256362915,-1,0.0,purchase_intent,youtube,1,0,2
9995,0.1941496729850769,0.5702183842658997,0.2356320172548294,36,0.9392031130405908,passive_browsing,youtube,0,0,1
9996,0.262240469455719,0.49610579013824463,0.24165380001068115,-1,0.0,passive_browsing,youtube,1,0,2
9998,0.843272864818573,0.14067120850086212,0.016055909916758537,0,0.9534347882903802,churn_risk,youtube,15,4,3
9999,0.00958505179733038,0.4939514398574829,0.49646350741386414,-1,0.0,passive_browsing,youtube,1,0,1
10000,0.6182656288146973,0.36150068044662476,0.02023366279900074,-1,0.0,passive_browsing,youtube,0,0,2
10001,0.26528599858283997,0.623498260974884,0.1112157329916954,0,1.0,passive_browsing,youtube,1,0,1
10002,0.04041944444179535,0.8973126411437988,0.06226787343621254,0,0.6263730590456096,passive_browsing,youtube,1,0,2
10006,0.8965626955032349,0.09688952565193176,0.006547761149704456,-1,0.0,churn_risk,youtube,0,0,1
10007,0.05120545253157616,0.41722437739372253,0.5315701961517334,-1,0.0,purchase_intent,youtube,1,0,4
10008,0.01038686279207468,0.04529973119497299,0.9443134069442749,0,1.0,purchase_intent,youtube,2,2,2
10009,0.4409257769584656,0.4832669794559479,0.07580727338790894,-1,0.0,passive_browsing,youtube,0,0,3
10010,0.014893307350575924,0.10848315060138702,0.8766235709190369,0,0.7429403627652538,purchase_intent,youtube,0,2,6
10012,0.36566361784935,0.5884711146354675,0.045865293592214584,0,0.3677563544419899,passive_browsing,youtube,0,0,1
10013,0.6887133121490479,0.29399195313453674,0.017294734716415405,36,1.0,passive_browsing,youtube,0,0,1
10015,0.021339181810617447,0.7808063626289368,0.1978544443845749,0,0.7091894503715561,passive_browsing,youtube,0,1,6
10018,0.25039395689964294,0.6266385912895203,0.12296740710735321,-1,0.0,passive_browsing,youtube,0,0,5
10019,0.09904701262712479,0.7872858643531799,0.11366705596446991,-1,0.0,passive_browsing,youtube,3,1,1
10020,0.01754601113498211,0.9237708449363708,0.05868317559361458,-1,0.0,passive_browsing,youtube,1,1,2
10021,0.5632658004760742,0.40234699845314026,0.03438710793852806,0,0.9964494056244608,passive_browsing,youtube,1,1,2
10022,0.24907591938972473,0.7071253061294556,0.04379873722791672,4,0.3429756551210278,passive_browsing,youtube,0,0,1
10024,0.055537208914756775,0.21032775938510895,0.7341350317001343,3,0.8400248232585695,purchase_intent,youtube,0,0,3
10025,0.9306908845901489,0.06217259168624878,0.00713653489947319,3,0.909474721508305,churn_risk,youtube,0,0,2
10026,0.05993739143013954,0.8997490406036377,0.04031354933977127,0,0.9313592332226301,passive_browsing,youtube,0,0,1
10029,0.523867130279541,0.4480988383293152,0.028033968061208725,0,1.0,passive_browsing,youtube,3,0,3
10030,0.008863551542162895,0.043185990303754807,0.9479504823684692,24,0.5560347782815119,purchase_intent,youtube,12,1,1
10033,0.00867969635874033,0.10324805974960327,0.8880722522735596,0,0.8802175111594346,purchase_intent,youtube,0,0,1
10035,0.00614022184163332,0.010944360867142677,0.9829154014587402,0,1.0,purchase_intent,youtube,2,1,1
10045,0.04446178674697876,0.8726919293403625,0.08284623175859451,0,0.9595346863593937,passive_browsing,youtube,1,0,1
10046,0.6607398390769958,0.1612699329853058,0.17799012362957,0,0.941162083927901,passive_browsing,youtube,4,0,3
10047,0.03878273069858551,0.29556921124458313,0.6656481027603149,0,1.0,passive_browsing,youtube,0,1,2
10048,0.024753328412771225,0.364007830619812,0.6112387776374817,0,0.7282511130747715,passive_browsing,youtube,1,0,4
10050,0.06368543952703476,0.8631721138954163,0.07314243167638779,0,0.9238032313114268,passive_browsing,youtube,0,1,2
10051,0.05136212706565857,0.42364633083343506,0.524991512298584,0,0.8159669702121992,passive_browsing,youtube,1,1,3
10054,0.5257133841514587,0.4386160969734192,0.035670533776283264,0,0.9238032313114268,passive_browsing,youtube,1,0,7
10056,0.9107490181922913,0.07231809943914413,0.016932863742113113,0,0.7552127480741614,churn_risk,youtube,2,2,1
10057,0.6267455220222473,0.3587137460708618,0.014540649019181728,0,1.0,passive_browsing,youtube,2,1,2
10058,0.2986074388027191,0.5276221632957458,0.17377030849456787,0,0.6904129191540416,passive_browsing,youtube,12,5,3
10059,0.0032929929438978434,0.03485577553510666,0.9618512988090515,0,0.9429024154007384,purchase_intent,youtube,0,0,3
10060,0.025863908231258392,0.14296911656856537,0.8311669230461121,0,0.9646630601853148,purchase_intent,youtube,2,1,2
10066,0.004491331987082958,0.5392631888389587,0.45624545216560364,0,1.0,passive_browsing,youtube,0,0,7
10067,0.0036667645908892155,0.018903182819485664,0.9774301052093506,0,0.6039188415499563,purchase_intent,youtube,1,1,5
10202,0.0031988034024834633,0.057289205491542816,0.9395120143890381,0,0.4228433100015882,purchase_intent,youtube,7,0,1
10203,0.5536904335021973,0.4234527051448822,0.022856857627630234,-1,0.0,passive_browsing,youtube,10,1,4
10204,0.8925058245658875,0.09944513440132141,0.008048980496823788,-1,0.0,churn_risk,youtube,14,0,1
10205,0.18834452331066132,0.6475671529769897,0.16408833861351013,0,0.42492674199030284,passive_browsing,youtube,2,0,3
10206,0.7001627087593079,0.27901050448417664,0.020826853811740875,-1,0.0,churn_risk,youtube,30,12,4
10207,0.007185523398220539,0.08947749435901642,0.9033370018005371,-1,0.0,purchase_intent,youtube,1,0,1
10209,0.45668813586235046,0.5128335952758789,0.030478334054350853,-1,0.0,passive_browsing,youtube,2,0,1
10212,0.5158510208129883,0.44492965936660767,0.03921932354569435,-1,0.0,passive_browsing,youtube,0,0,2
10214,0.006268189754337072,0.19728387892246246,0.7964479327201843,-1,0.0,purchase_intent,youtube,0,0,1
10216,0.38203051686286926,0.5746248364448547,0.043344646692276,0,0.45373515864738523,passive_browsing,youtube,0,2,4
10225,0.006954713258892298,0.794501781463623,0.1985434889793396,0,1.0,passive_browsing,youtube,2,0,1
10232,0.01049010269343853,0.8667935729026794,0.12271632999181747,0,0.9483743934989761,passive_browsing,youtube,0,1,19
10564,0.0028631165623664856,0.01003158651292324,0.9871052503585815,0,0.7645287794001884,purchase_intent,youtube,0,0,3
10565,0.002968221204355359,0.014587152749300003,0.9824445843696594,-1,0.0,purchase_intent,youtube,0,0,1
10566,0.003910557366907597,0.01962267979979515,0.976466715335846,0,1.0,purchase_intent,youtube,0,0,1
10568,0.0050649018958210945,0.04089867323637009,0.9540364742279053,0,0.5672061647465761,purchase_intent,youtube,0,1,2
10569,0.005236910656094551,0.0372631773352623,0.9574999213218689,0,1.0,purchase_intent,youtube,0,1,1
10881,0.4136066734790802,0.557559072971344,0.02883421815931797,3,0.8353615944334954,passive_browsing,youtube,5933,188,4
10882,0.7222676873207092,0.25911012291908264,0.018622199073433876,3,1.0,churn_risk,youtube,10132,238,9
10883,0.039905209094285965,0.1522565633058548,0.8078382015228271,38,1.0,purchase_intent,youtube,4218,72,4
10884,0.4006592035293579,0.3370838761329651,0.26225700974464417,0,0.7372524461293855,passive_browsing,youtube,1480,16,3
10885,0.781456708908081,0.19649095833301544,0.02205229550600052,3,0.8372612005573051,churn_risk,youtube,461,9,5
10889,0.8444791436195374,0.1330694854259491,0.022451389580965042,3,1.0,churn_risk,youtube,44,1,4
10890,0.8107925653457642,0.17431439459323883,0.014893043786287308,-1,0.0,churn_risk,youtube,1100,47,5
10892,0.7571845650672913,0.21812079846858978,0.024694617837667465,3,1.0,churn_risk,youtube,890,25,7
10893,0.31752726435661316,0.39414867758750916,0.2883240878582001,3,1.0,passive_browsing,youtube,265,24,3
10894,0.8015623688697815,0.18930700421333313,0.009130670689046383,-1,0.0,churn_risk,youtube,64,0,1
10895,0.6597550511360168,0.2853480577468872,0.05489688366651535,3,1.0,passive_browsing,youtube,416,15,4
10897,0.08897817879915237,0.1549806296825409,0.7560411691665649,3,0.5371233475486703,purchase_intent,youtube,416,0,1
10898,0.9181334376335144,0.07535062730312347,0.006515925750136375,-1,0.0,churn_risk,youtube,482,16,3
10901,0.6332303881645203,0.3370967507362366,0.02967286854982376,34,1.0,passive_browsing,youtube,228,10,4
10902,0.0455760657787323,0.7272757291793823,0.2271481305360794,-1,0.0,passive_browsing,youtube,342,20,1
10904,0.7738138437271118,0.20907019078731537,0.01711595430970192,3,1.0,churn_risk,youtube,17,1,8
10905,0.145356684923172,0.6040018796920776,0.2506413757801056,-1,0.0,passive_browsing,youtube,189,3,7
10906,0.8156865835189819,0.17321479320526123,0.011098653078079224,3,1.0,churn_risk,youtube,105,0,4
10907,0.03371613845229149,0.5448166131973267,0.42146727442741394,3,1.0,passive_browsing,youtube,18,0,4
10908,0.7640042901039124,0.21700546145439148,0.01899028569459915,-1,0.0,churn_risk,youtube,18,2,7
10909,0.38161805272102356,0.5313529968261719,0.08702890574932098,3,0.996935873079848,passive_browsing,youtube,95,9,7
10910,0.5181286334991455,0.44719773530960083,0.034673675894737244,-1,0.0,passive_browsing,youtube,39,0,2
10911,0.027315694838762283,0.11365031450986862,0.85903400182724,-1,0.0,purchase_intent,youtube,85,0,1
10914,0.5936838388442993,0.3571772873401642,0.04913889244198799,0,0.6631406234779204,churn_risk,youtube,180,7,9
10915,0.7133588790893555,0.2536903917789459,0.032950714230537415,3,0.5548857333267024,churn_risk,youtube,211,23,11
10916,0.48189225792884827,0.47484290599823,0.043264832347631454,-1,0.0,churn_risk,youtube,2,0,5
10918,0.25268852710723877,0.39554598927497864,0.3517654538154602,3,1.0,passive_browsing,youtube,79,4,6
10920,0.5121789574623108,0.3883364498615265,0.09948453307151794,19,0.3113615337519904,churn_risk,youtube,0,0,1
10922,0.7196117639541626,0.24915240705013275,0.03123578615486622,3,0.8742562407444191,churn_risk,youtube,9,0,2
10923,0.06074162945151329,0.1834217756986618,0.755836546421051,-1,0.0,purchase_intent,youtube,123,2,3
10925,0.9131977558135986,0.08138144016265869,0.005420813336968422,-1,0.0,churn_risk,youtube,25,3,2
10926,0.9193382859230042,0.07349228113889694,0.0071693724021315575,-1,0.0,churn_risk,youtube,184,11,1
10927,0.5949128270149231,0.33068689703941345,0.07440031319856644,19,0.9762753387513198,passive_browsing,youtube,24,1,1
10928,0.75644850730896,0.23238825798034668,0.01116320863366127,-1,0.0,churn_risk,youtube,2,0,5
10929,0.006048288661986589,0.04892991855740547,0.9450218081474304,0,0.5644803914462002,purchase_intent,youtube,33,0,4
10930,0.006711798254400492,0.040623389184474945,0.9526647925376892,3,0.4840280340466642,purchase_intent,youtube,11,0,2
10931,0.34925588965415955,0.5964908003807068,0.05425325408577919,3,0.8786522561026354,passive_browsing,youtube,44,5,3
10935,0.13826808333396912,0.3459901213645935,0.5157418251037598,19,0.2739973319900419,purchase_intent,youtube,13,0,3
10939,0.005049380008131266,0.017502350732684135,0.9774482846260071,0,1.0,purchase_intent,youtube,17,0,1
10940,0.8479335308074951,0.14484333992004395,0.007223046850413084,3,1.0,churn_risk,youtube,24,3,4
10942,0.5689109563827515,0.4018372893333435,0.029251787811517715,-1,0.0,passive_browsing,youtube,10,0,1
10944,0.15817268192768097,0.8168142437934875,0.025013064965605736,-1,0.0,passive_browsing,youtube,4,0,2
10945,0.007818643003702164,0.06344612687826157,0.9287352561950684,-1,0.0,purchase_intent,youtube,75,3,2
10947,0.6602655649185181,0.29874083399772644,0.040993671864271164,3,1.0,churn_risk,youtube,61,1,3
10948,0.15430176258087158,0.519681453704834,0.32601675391197205,3,0.9957494108298106,passive_browsing,youtube,4,0,4
10949,0.09086412936449051,0.2526697516441345,0.6564660668373108,3,0.7380330972981333,passive_browsing,youtube,31,5,3
10950,0.12020668387413025,0.30087903141975403,0.5789142847061157,-1,0.0,passive_browsing,youtube,78,2,2
10951,0.6743675470352173,0.2363998293876648,0.0892326757311821,3,1.0,churn_risk,youtube,4,0,4
10952,0.8696922659873962,0.11913921684026718,0.011168485507369041,-1,0.0,churn_risk,youtube,6,0,1
10954,0.9145136475563049,0.07750114798545837,0.007985221222043037,3,1.0,churn_risk,youtube,6,0,6
10956,0.6849803924560547,0.3008318543434143,0.014187716878950596,-1,0.0,passive_browsing,youtube,2,0,4
10957,0.0029719180893152952,0.013328838162124157,0.9836992025375366,-1,0.0,purchase_intent,youtube,10,0,2
10963,0.00616269838064909,0.027631551027297974,0.9662057757377625,-1,0.0,purchase_intent,youtube,16,0,1
10964,0.7988159656524658,0.18573962152004242,0.015444339253008366,0,0.6401525586389317,churn_risk,youtube,1,0,4
10965,0.026346446946263313,0.3522219657897949,0.6214315891265869,0,0.5706506285705438,purchase_intent,youtube,4,0,2
10967,0.07574114948511124,0.35341355204582214,0.5708453059196472,0,0.5481250604278597,passive_browsing,youtube,24,4,1
10968,0.804269015789032,0.1748540699481964,0.020876901224255562,-1,0.0,churn_risk,youtube,1,0,1
10969,0.37481558322906494,0.4552326202392578,0.16995172202587128,6,1.0,passive_browsing,youtube,7,2,4
10971,0.7691203355789185,0.19227470457553864,0.03860493749380112,3,0.7721083016702074,churn_risk,youtube,15,0,5
10972,0.883907675743103,0.10339827835559845,0.012694035656750202,-1,0.0,churn_risk,youtube,23,3,2
10973,0.02000788412988186,0.20826692879199982,0.7717251777648926,3,0.619341710930071,purchase_intent,youtube,60,10,6
10976,0.8799083232879639,0.11077946424484253,0.00931217335164547,19,0.26140865831593607,churn_risk,youtube,1,0,1
10977,0.0038850484415888786,0.008710959926247597,0.9874039888381958,0,0.9535639856186842,purchase_intent,youtube,19,2,2
10978,0.13403068482875824,0.24603623151779175,0.6199331283569336,3,0.7586779204802079,passive_browsing,youtube,5,0,8
10979,0.3507857322692871,0.4634722173213959,0.18574213981628418,3,0.6875801479437325,passive_browsing,youtube,5,0,2
10980,0.4531363546848297,0.3760959506034851,0.1707676500082016,0,0.4405101871989177,passive_browsing,youtube,3,0,2
10982,0.838969886302948,0.15305636823177338,0.007973690517246723,3,1.0,churn_risk,youtube,3,1,3
10983,0.05361359193921089,0.8688852787017822,0.07750104367733002,-1,0.0,passive_browsing,youtube,0,0,1
10984,0.42149442434310913,0.5382469892501831,0.040258556604385376,3,1.0,passive_browsing,youtube,26,5,1
10986,0.11071145534515381,0.8550254702568054,0.03426307067275047,-1,0.0,passive_browsing,youtube,1,0,2
10987,0.004935854580253363,0.04896256700158119,0.9461016058921814,35,1.0,purchase_intent,youtube,0,0,1
10988,0.0992836281657219,0.7940707802772522,0.10664556175470352,-1,0.0,passive_browsing,youtube,3,2,2
10989,0.9044681191444397,0.087434321641922,0.008097530342638493,3,1.0,churn_risk,youtube,6,0,2
10990,0.7189969420433044,0.27132448554039,0.009678492322564125,3,1.0,churn_risk,youtube,0,0,6
10992,0.011404584161937237,0.08860290795564651,0.8999925255775452,1,1.0,purchase_intent,youtube,7,2,2
10993,0.016434665769338608,0.7967297434806824,0.1868356615304947,-1,0.0,passive_browsing,youtube,0,0,1
10995,0.00391034921631217,0.026973072439432144,0.9691165685653687,-1,0.0,purchase_intent,youtube,29,3,1
10996,0.6039174795150757,0.30637848377227783,0.08970396965742111,1,1.0,passive_browsing,youtube,44,4,2
10997,0.5821309089660645,0.4051046371459961,0.012764470651745796,-1,0.0,passive_browsing,youtube,0,1,1
10998,0.7723055481910706,0.2154909372329712,0.012203488498926163,3,1.0,churn_risk,youtube,1,1,3
11000,0.233804851770401,0.7351357340812683,0.031059402972459793,3,0.9416668997186506,passive_browsing,youtube,8,2,7
11001,0.39380595088005066,0.5827668309211731,0.023427240550518036,-1,0.0,passive_browsing,youtube,13,2,1
11003,0.04381657764315605,0.930995762348175,0.025187624618411064,3,0.47422803507072747,passive_browsing,youtube,1,1,1
11004,0.012160534039139748,0.8975728154182434,0.09026657789945602,-1,0.0,passive_browsing,youtube,1,1,1
11005,0.23876285552978516,0.721412181854248,0.03982491046190262,3,1.0,passive_browsing,youtube,11,2,3
11007,0.5183357000350952,0.46938151121139526,0.012282848358154297,-1,0.0,passive_browsing,youtube,0,1,1
11008,0.07322460412979126,0.897123396396637,0.029652060940861702,-1,0.0,passive_browsing,youtube,2,1,1
11009,0.7896041870117188,0.20004305243492126,0.010352755896747112,3,1.0,churn_risk,youtube,0,0,1
11011,0.005092829931527376,0.10665567964315414,0.8882514834403992,-1,0.0,purchase_intent,youtube,0,0,1
11012,0.09389214217662811,0.7290356755256653,0.17707213759422302,3,1.0,passive_browsing,youtube,2,1,4
11013,0.6824395656585693,0.30329200625419617,0.014268447645008564,3,1.0,passive_browsing,youtube,2,6,4
11015,0.5796404480934143,0.40600356459617615,0.014355940744280815,2,0.8830656185260742,passive_browsing,youtube,3,3,2
11016,0.0497652143239975,0.9272535443305969,0.022981205955147743,3,0.904149545937132,passive_browsing,youtube,1,4,2
11017,0.22977985441684723,0.7407858371734619,0.029434291645884514,3,0.9640300227371023,passive_browsing,youtube,36,19,3
11018,0.2949771285057068,0.6815124750137329,0.02351043000817299,-1,0.0,passive_browsing,youtube,0,1,1
11019,0.3477012813091278,0.6253646612167358,0.02693404257297516,3,0.5037530557707418,passive_browsing,youtube,2,2,1
11021,0.347449392080307,0.6286619901657104,0.023888595402240753,3,0.8481071859481991,passive_browsing,youtube,0,1,3
11022,0.8683273196220398,0.12186109274625778,0.00981156062334776,3,1.0,churn_risk,youtube,98,20,4
11025,0.014374053105711937,0.16026905179023743,0.8253569006919861,-1,0.0,purchase_intent,youtube,5,0,1
11027,0.7217928767204285,0.26796868443489075,0.010238546878099442,3,1.0,churn_risk,youtube,7,1,4
11028,0.4894472360610962,0.47875919938087463,0.031793516129255295,-1,0.0,passive_browsing,youtube,5,4,2
11031,0.5944328904151917,0.3791543245315552,0.02641274966299534,3,1.0,passive_browsing,youtube,0,0,2
11033,0.7077854871749878,0.2792343199253082,0.012980169616639614,3,1.0,churn_risk,youtube,0,0,4
11035,0.0037591164000332355,0.046641189604997635,0.9495996832847595,0,1.0,purchase_intent,youtube,0,0,1
11036,0.4151756465435028,0.5527496933937073,0.03207468241453171,3,1.0,passive_browsing,youtube,1,3,2
11037,0.009518492966890335,0.3970341384410858,0.5934473276138306,1,0.08685902550206422,passive_browsing,youtube,0,0,1
11039,0.8180282115936279,0.1734190136194229,0.008552748709917068,3,1.0,churn_risk,youtube,3,0,4
11040,0.16656765341758728,0.8114117383956909,0.02202068455517292,-1,0.0,passive_browsing,youtube,1,2,1
11042,0.7213391661643982,0.2637774646282196,0.014883418567478657,3,1.0,churn_risk,youtube,1,0,1
11043,0.6042393445968628,0.27800557017326355,0.11775504052639008,-1,0.0,passive_browsing,youtube,0,0,1
11044,0.06110771745443344,0.9101943969726562,0.028697870671749115,-1,0.0,passive_browsing,youtube,0,7,1
11046,0.7696380019187927,0.20921529829502106,0.021146584302186966,3,1.0,churn_risk,youtube,0,0,2
11049,0.8995854258537292,0.08778481930494308,0.012629788368940353,0,1.0,churn_risk,youtube,749,7,3
11050,0.03251266852021217,0.6427765488624573,0.32471075654029846,-1,0.0,passive_browsing,youtube,687,8,9
11052,0.5860495567321777,0.356991708278656,0.05695870518684387,0,1.0,passive_browsing,youtube,113,5,2
11054,0.017119990661740303,0.23415155708789825,0.7487285137176514,-1,0.0,purchase_intent,youtube,205,12,1
11055,0.626632034778595,0.34439024329185486,0.028977669775485992,0,1.0,passive_browsing,youtube,149,2,2
11056,0.03795971721410751,0.09709309786558151,0.8649471998214722,-1,0.0,purchase_intent,youtube,144,1,3
11057,0.5279490947723389,0.3526078462600708,0.11944310367107391,0,1.0,passive_browsing,youtube,36,2,4
11058,0.715358316898346,0.260855495929718,0.02378620021045208,19,1.0,churn_risk,youtube,18,0,1
11059,0.2665424644947052,0.35551783442497253,0.3779396414756775,0,0.5539186337301147,purchase_intent,youtube,67,4,3
11060,0.0527372732758522,0.3054333031177521,0.6418294310569763,0,0.9126929926242356,purchase_intent,youtube,69,1,1
11061,0.09364556521177292,0.4840890169143677,0.4222653806209564,0,0.8987787627683951,passive_browsing,youtube,25,0,2
11062,0.021870924159884453,0.19581787288188934,0.782311201095581,-1,0.0,purchase_intent,youtube,8,0,3
11063,0.36506974697113037,0.4742852449417114,0.16064505279064178,0,0.9615329933253007,passive_browsing,youtube,60,1,1
11064,0.2520922124385834,0.3160568177700043,0.43185099959373474,0,0.969134803572468,purchase_intent,youtube,83,3,3
11065,0.033954158425331116,0.5328276753425598,0.4332181513309479,-1,0.0,passive_browsing,youtube,52,2,3
11066,0.19443392753601074,0.4661930501461029,0.33937302231788635,0,0.9853978234238275,passive_browsing,youtube,14,0,2
11069,0.22595922648906708,0.6185091137886047,0.15553165972232819,0,0.591330891850766,passive_browsing,youtube,48,3,5
11070,0.008492120541632175,0.12361975014209747,0.8678880929946899,0,0.9075229044877225,purchase_intent,youtube,30,2,4
11071,0.04690288007259369,0.1968315988779068,0.7562655806541443,0,0.9333512160537779,purchase_intent,youtube,24,1,4
11072,0.2144806981086731,0.4221534729003906,0.36336585879325867,0,1.0,passive_browsing,youtube,1,0,1
11073,0.08895447105169296,0.10456821322441101,0.8064773678779602,-1,0.0,purchase_intent,youtube,16,0,1
11074,0.03531641513109207,0.21817494928836823,0.7465085983276367,0,0.5789842702576146,purchase_intent,youtube,17,0,2
11075,0.7092762589454651,0.24209286272525787,0.04863087460398674,0,0.6051825749061687,churn_risk,youtube,21,1,2
11076,0.8179054260253906,0.16472536325454712,0.01736919768154621,0,0.9810504795064686,churn_risk,youtube,5,0,6
11077,0.6911715865135193,0.27053385972976685,0.03829450532793999,0,1.0,passive_browsing,youtube,2,0,1
11078,0.059810783714056015,0.6048362255096436,0.3353530168533325,0,1.0,passive_browsing,youtube,2,0,3
11079,0.6832292079925537,0.2094457596540451,0.10732508450746536,-1,0.0,passive_browsing,youtube,0,0,2
11080,0.05108674615621567,0.4388010501861572,0.5101121664047241,0,0.8208901668035724,passive_browsing,youtube,2,0,2
11082,0.41451919078826904,0.4058009386062622,0.17967994511127472,-1,0.0,passive_browsing,youtube,5,0,7
11084,0.10047893971204758,0.327088862657547,0.5724322199821472,0,1.0,purchase_intent,youtube,0,0,3
11086,0.009161727502942085,0.02552376687526703,0.965314507484436,0,0.949880676630342,purchase_intent,youtube,5,0,3
11087,0.04190134257078171,0.30050188302993774,0.6575968265533447,0,0.6682789620947523,purchase_intent,youtube,1,0,1
11088,0.018820177763700485,0.10209176689386368,0.8790880441665649,-1,0.0,purchase_intent,youtube,12,1,3
11089,0.010582925751805305,0.023550797253847122,0.9658663272857666,0,1.0,purchase_intent,youtube,3,0,3
11091,0.0039283884689211845,0.014358730055391788,0.9817128777503967,0,0.8021054895075496,purchase_intent,youtube,11,0,2
11093,0.031048519536852837,0.28046759963035583,0.6884839534759521,0,0.8766247584367066,purchase_intent,youtube,5,0,3
11094,0.6940260529518127,0.256047785282135,0.04992616921663284,0,0.9361215194573947,passive_browsing,youtube,6,1,1
11095,0.21126481890678406,0.43102002143859863,0.3577151298522949,0,0.8494847854617671,passive_browsing,youtube,0,0,1
11097,0.7202105522155762,0.24598920345306396,0.033800236880779266,-1,0.0,churn_risk,youtube,28,2,6
11100,0.005961248651146889,0.019708983600139618,0.9743297696113586,0,0.5680116979498222,purchase_intent,youtube,0,0,2
11101,0.011247370392084122,0.17525826394557953,0.8134944438934326,-1,0.0,purchase_intent,youtube,0,0,1
11102,0.005470723379403353,0.038410574197769165,0.9561187028884888,0,1.0,purchase_intent,youtube,3,0,1
11103,0.005833249539136887,0.03505841642618179,0.9591083526611328,-1,0.0,purchase_intent,youtube,0,0,2
11113,0.0240778885781765,0.1397135853767395,0.8362085223197937,-1,0.0,purchase_intent,youtube,0,0,4
11115,0.8433330059051514,0.13263066112995148,0.02403637394309044,0,0.8037317570737099,churn_risk,youtube,0,0,5
11118,0.0028710155747830868,0.008798341266810894,0.9883307218551636,0,1.0,purchase_intent,youtube,0,0,2
11119,0.8012491464614868,0.18199422955513,0.016756633296608925,0,0.9157991570498525,churn_risk,youtube,1,0,7
11120,0.3209887444972992,0.3594696819782257,0.3195416033267975,0,1.0,passive_browsing,youtube,3,1,1
11122,0.01674930565059185,0.09357830882072449,0.8896723985671997,-1,0.0,purchase_intent,youtube,4,1,2
11129,0.004252132028341293,0.019615981727838516,0.9761318564414978,-1,0.0,purchase_intent,youtube,0,0,3
11130,0.01910324953496456,0.11387799680233002,0.8670188188552856,0,0.5003980408980218,purchase_intent,youtube,0,0,1
11132,0.7180827260017395,0.24204114079475403,0.03987612947821617,0,0.8442777869232002,churn_risk,youtube,0,0,2
11133,0.13956131041049957,0.7699503302574158,0.09048841148614883,0,1.0,passive_browsing,youtube,0,0,1
11135,0.04306052252650261,0.6056537628173828,0.3512856960296631,0,0.9168952495063895,passive_browsing,youtube,8,1,3
11138,0.046984534710645676,0.7529059052467346,0.20010951161384583,0,0.7597861457760997,passive_browsing,youtube,7,1,2
11139,0.020186256617307663,0.15233853459358215,0.8274752497673035,0,1.0,purchase_intent,youtube,0,0,3
11140,0.007800935767591,0.10607896000146866,0.886120080947876,0,1.0,purchase_intent,youtube,0,0,2
11147,0.04196399450302124,0.1681443303823471,0.7898917198181152,0,0.7821499387439147,purchase_intent,youtube,0,0,3
11148,0.8655427098274231,0.1235659196972847,0.010891325771808624,0,1.0,churn_risk,youtube,203,6,4
11149,0.14000172913074493,0.4970332980155945,0.3629648983478546,-1,0.0,passive_browsing,youtube,14,0,6
11150,0.05084836483001709,0.1504717320203781,0.7986798286437988,0,0.853156979266437,purchase_intent,youtube,104,2,2
11151,0.30638179183006287,0.3276088833808899,0.36600932478904724,0,1.0,passive_browsing,youtube,15,0,4
11152,0.6884117126464844,0.26323264837265015,0.04835563153028488,-1,0.0,passive_browsing,youtube,26,2,2
11153,0.72800213098526,0.2069663256406784,0.06503154337406158,0,0.885718423818085,churn_risk,youtube,36,1,4
11155,0.07694090902805328,0.6376084685325623,0.28545063734054565,0,0.8105154181187045,passive_browsing,youtube,15,1,4
11156,0.11433456838130951,0.25907739996910095,0.626587986946106,0,1.0,purchase_intent,youtube,17,2,4
11157,0.48700156807899475,0.40405479073524475,0.10894366353750229,0,0.6786581369514175,passive_browsing,youtube,10,1,1
11161,0.005475233308970928,0.07943898439407349,0.9150857925415039,-1,0.0,purchase_intent,youtube,14,2,2
11162,0.04242706671357155,0.14405108988285065,0.8135218620300293,0,1.0,purchase_intent,youtube,24,2,4
11163,0.00849241390824318,0.16724058985710144,0.8242669701576233,-1,0.0,purchase_intent,youtube,2,1,1
11164,0.5738345384597778,0.38560983538627625,0.040555618703365326,-1,0.0,passive_browsing,youtube,1,0,1
11165,0.4239146411418915,0.3661459982395172,0.20993934571743011,0,1.0,passive_browsing,youtube,1,0,5
11168,0.011042457073926926,0.1913321316242218,0.7976254224777222,0,0.687251529987416,purchase_intent,youtube,2,0,4
11169,0.03431360051035881,0.12633515894412994,0.839351236820221,0,0.8274904963776161,purchase_intent,youtube,1,0,7
11172,0.003523286199197173,0.19514955580234528,0.801327109336853,-1,0.0,purchase_intent,youtube,5,2,2
11173,0.33945950865745544,0.49647173285484314,0.16406874358654022,0,1.0,passive_browsing,youtube,7,2,4
11174,0.025115853175520897,0.15223774313926697,0.82264643907547,0,0.7713592854387389,purchase_intent,youtube,3,1,6
11177,0.20325867831707,0.5449801683425903,0.2517611086368561,-1,0.0,passive_browsing,youtube,2,1,1
11180,0.49552786350250244,0.42319202423095703,0.08128001540899277,0,1.0,passive_browsing,youtube,0,0,4
11181,0.0032013922464102507,0.04121251031756401,0.9555861353874207,-1,0.0,purchase_intent,youtube,0,1,4
11182,0.32956916093826294,0.42027920484542847,0.25015169382095337,0,0.9008665284236602,passive_browsing,youtube,0,0,6
11183,0.16814061999320984,0.6450001001358032,0.18685932457447052,0,0.66125730790062,passive_browsing,youtube,0,0,3
11184,0.04236114025115967,0.6043188571929932,0.3533199727535248,-1,0.0,passive_browsing,youtube,2,1,1
11185,0.019813047721982002,0.06904488801956177,0.9111420512199402,-1,0.0,purchase_intent,youtube,1,1,1
11187,0.009049362502992153,0.16670991480350494,0.8242407441139221,0,0.8198466523520944,purchase_intent,youtube,0,0,3
11188,0.058101098984479904,0.34628885984420776,0.5956100821495056,0,0.6091686980897093,purchase_intent,youtube,0,0,2
11190,0.026185620576143265,0.8728499412536621,0.10096446424722672,-1,0.0,passive_browsing,youtube,0,0,1
11191,0.04896038398146629,0.20891880989074707,0.7421208024024963,-1,0.0,purchase_intent,youtube,2,1,4
11192,0.35890674591064453,0.4084930121898651,0.23260025680065155,-1,0.0,passive_browsing,youtube,0,1,1
11193,0.7903534173965454,0.17606008052825928,0.03358658030629158,0,1.0,churn_risk,youtube,0,0,4
11194,0.7643467783927917,0.20353563129901886,0.0321175791323185,0,0.6188263325744017,churn_risk,youtube,0,0,5
11195,0.8005988001823425,0.17446216940879822,0.02493901737034321,0,1.0,churn_risk,youtube,0,0,5
11196,0.9094645380973816,0.07842736691236496,0.01210804469883442,0,1.0,churn_risk,youtube,0,2,2
11200,0.6435775756835938,0.3323536813259125,0.02406877838075161,0,1.0,passive_browsing,youtube,0,0,4
11201,0.8827424645423889,0.10751061141490936,0.009746930561959743,0,1.0,churn_risk,youtube,3,1,3
11203,0.3616316318511963,0.23312070965766907,0.40524762868881226,-1,0.0,purchase_intent,youtube,1,1,2
11205,0.0635978952050209,0.5166264176368713,0.41977572441101074,0,0.6896629330419394,passive_browsing,youtube,185,12,1
11206,0.33804771304130554,0.5654313564300537,0.09652098268270493,0,1.0,passive_browsing,youtube,56,1,5
11207,0.02113110013306141,0.3016471862792969,0.6772216558456421,-1,0.0,passive_browsing,youtube,101,3,1
11209,0.6045787334442139,0.3435502350330353,0.051871031522750854,0,0.6624030186894356,passive_browsing,youtube,29,0,6
11211,0.5079336166381836,0.4439280927181244,0.048138298094272614,-1,0.0,passive_browsing,youtube,41,2,4
11212,0.8427760601043701,0.14763273298740387,0.009591163136065006,0,0.9638783149194,churn_risk,youtube,7,0,2
11213,0.014141171239316463,0.20721115171909332,0.7786476612091064,0,1.0,purchase_intent,youtube,10,0,1
11214,0.21144641935825348,0.5959819555282593,0.19257164001464844,0,0.7012731278129956,passive_browsing,youtube,4,0,3
11215,0.1875372976064682,0.25066277384757996,0.5617998838424683,0,0.7155421082511524,passive_browsing,youtube,27,1,1
11216,0.8737131953239441,0.11230766028165817,0.013979156501591206,0,1.0,churn_risk,youtube,5,0,2
11217,0.018009113147854805,0.5444905757904053,0.43750032782554626,2,1.0,passive_browsing,youtube,10,0,2
11218,0.6073540449142456,0.2119569331407547,0.18068906664848328,0,1.0,passive_browsing,youtube,1,0,1
11219,0.867730438709259,0.11501483619213104,0.017254706472158432,0,0.8481812506392948,churn_risk,youtube,49,3,1
11220,0.12196853011846542,0.38471877574920654,0.4933127760887146,0,0.9843885715131401,passive_browsing,youtube,1,0,2
11221,0.7666685581207275,0.2092193216085434,0.02411213517189026,0,0.9042007770980716,churn_risk,youtube,2,0,4
11227,0.21536216139793396,0.741549015045166,0.0430888757109642,0,0.9907910268133495,passive_browsing,youtube,1,0,4
11228,0.13285814225673676,0.23226623237133026,0.6348756551742554,0,0.7671075250133109,purchase_intent,youtube,24,3,2
11229,0.015599138103425503,0.08776084333658218,0.8966400027275085,2,1.0,purchase_intent,youtube,4,0,1
11230,0.024952014908194542,0.13589851558208466,0.8391494750976562,0,1.0,purchase_intent,youtube,2,0,1
11232,0.6760144829750061,0.2935595214366913,0.030426017940044403,-1,0.0,passive_browsing,youtube,0,0,4
11233,0.20199054479599,0.6818965673446655,0.1161128431558609,0,0.7568722128853259,passive_browsing,youtube,1,0,4
11236,0.22271832823753357,0.3828710615634918,0.394410640001297,0,0.66125730790062,purchase_intent,youtube,7,0,3
11237,0.0033793719485402107,0.00689665088430047,0.9897239208221436,0,1.0,purchase_intent,youtube,0,0,1
11238,0.014998691156506538,0.3665921986103058,0.6184090971946716,0,0.6206016527639429,purchase_intent,youtube,2,0,2
11240,0.6889514923095703,0.2985124886035919,0.012536020949482918,-1,0.0,passive_browsing,youtube,0,0,1
11241,0.8384984135627747,0.14626814424991608,0.01523345522582531,0,0.869461591529219,churn_risk,youtube,1,0,5
11242,0.7085310220718384,0.2639785408973694,0.02749040722846985,0,0.9562233482396374,churn_risk,youtube,0,0,1
11244,0.9030424952507019,0.0877055674791336,0.009251921437680721,-1,0.0,churn_risk,youtube,0,0,1
11245,0.014865944162011147,0.0663982480764389,0.9187358021736145,0,1.0,purchase_intent,youtube,1,0,5
11246,0.00628930889070034,0.03719818592071533,0.9565125107765198,-1,0.0,purchase_intent,youtube,2,0,2
11247,0.26729103922843933,0.6843042373657227,0.04840472340583801,0,1.0,passive_browsing,youtube,0,0,2
11250,0.5777182579040527,0.3290620744228363,0.09321974962949753,0,0.5607419285081147,passive_browsing,youtube,0,0,3
11251,0.8519859910011292,0.12168280780315399,0.026331257075071335,0,0.7392027688667925,churn_risk,youtube,1,0,2
11253,0.1684660017490387,0.5958679914474487,0.23566603660583496,0,0.3558708417249883,passive_browsing,youtube,1,0,1
11254,0.6015576720237732,0.3681970238685608,0.03024526871740818,0,0.6358808003940802,passive_browsing,youtube,0,0,2
11257,0.4613852798938751,0.4496924877166748,0.08892227709293365,0,0.5545792148861992,passive_browsing,youtube,4,0,3
11258,0.03272486478090286,0.35399511456489563,0.6132800579071045,0,0.989896411923516,purchase_intent,youtube,10,4,3
11260,0.5456908345222473,0.40504011511802673,0.04926907271146774,0,1.0,passive_browsing,youtube,23,2,15
11261,0.2231840342283249,0.5892231464385986,0.1875927746295929,0,0.9474191259377696,passive_browsing,youtube,6,1,5
11263,0.7411766648292542,0.22063392400741577,0.0381893627345562,0,1.0,churn_risk,youtube,3,0,2
11266,0.5844263434410095,0.36798346042633057,0.04759026691317558,0,0.7362113122156045,churn_risk,youtube,4,0,8
11270,0.6655197739601135,0.27238088846206665,0.06209932267665863,0,0.9592385749307715,passive_browsing,youtube,1,0,1
11271,0.9171962141990662,0.07662981003522873,0.006174007896333933,0,1.0,churn_risk,youtube,0,0,3
11272,0.48123598098754883,0.3650878667831421,0.15367616713047028,0,0.9164539815020156,passive_browsing,youtube,0,0,3
11273,0.004260262940078974,0.03317270800471306,0.9625670313835144,0,0.48362664820839135,purchase_intent,youtube,7,0,2
11274,0.21901477873325348,0.2812705934047699,0.49971452355384827,0,0.8696130442407577,passive_browsing,youtube,46,1,4
11275,0.012381130829453468,0.14751823246479034,0.8401006460189819,0,0.6432891894586378,purchase_intent,youtube,24,2,4
11278,0.08265378326177597,0.5567736625671387,0.36057254672050476,-1,0.0,passive_browsing,youtube,11,2,2
11279,0.0023238733410835266,0.0467199943959713,0.9509561061859131,0,0.8247376219271365,purchase_intent,youtube,0,0,2
11280,0.005147252231836319,0.04083065316081047,0.9540220499038696,-1,0.0,purchase_intent,youtube,4,1,1
11283,0.004586894530802965,0.018850242719054222,0.9765629172325134,0,1.0,purchase_intent,youtube,2,1,3
11284,0.24227015674114227,0.36829304695129395,0.3894367516040802,-1,0.0,purchase_intent,youtube,4,1,7
11285,0.9283471703529358,0.061146024614572525,0.0105067677795887,0,0.6285821060790815,churn_risk,youtube,31,10,3
11286,0.061286501586437225,0.49444136023521423,0.44427216053009033,-1,0.0,passive_browsing,youtube,6,1,1
11287,0.004323433618992567,0.019436530768871307,0.9762400388717651,-1,0.0,purchase_intent,youtube,0,1,1
11289,0.002694483147934079,0.015631258487701416,0.981674313545227,0,1.0,purchase_intent,youtube,2,1,2
11290,0.4299335777759552,0.39895036816596985,0.17111599445343018,0,0.796801470097916,passive_browsing,youtube,1,1,3
11291,0.11724429577589035,0.5220299363136292,0.3607257306575775,0,0.9501418258535204,passive_browsing,youtube,1,1,2
11292,0.37097206711769104,0.26783257722854614,0.3611953556537628,-1,0.0,passive_browsing,youtube,0,1,3
11293,0.7301796674728394,0.24783633649349213,0.021983973681926727,-1,0.0,churn_risk,youtube,7,2,5
11294,0.144741490483284,0.6547902226448059,0.2004682868719101,-1,0.0,passive_browsing,youtube,4,1,3
11295,0.6620452404022217,0.3178347647190094,0.02011994458734989,-1,0.0,passive_browsing,youtube,0,1,1
11296,0.009720422327518463,0.33800140023231506,0.6522781848907471,-1,0.0,passive_browsing,youtube,2,1,1
11297,0.004248440265655518,0.02830043062567711,0.9674510955810547,0,0.609124683425419,purchase_intent,youtube,0,3,2
11298,0.6181328296661377,0.27059414982795715,0.1112729161977768,0,0.7420841420695379,passive_browsing,youtube,0,6,3
11299,0.2655965983867645,0.6678347587585449,0.06656873971223831,0,0.6896629330419394,passive_browsing,youtube,61,37,2
11300,0.16838377714157104,0.3797818124294281,0.4518343210220337,0,0.8534801495537038,passive_browsing,youtube,351,5,4
11301,0.01621047966182232,0.06765759736299515,0.9161319732666016,-1,0.0,purchase_intent,youtube,8,0,1
11302,0.031057046726346016,0.20171281695365906,0.767230212688446,-1,0.0,purchase_intent,youtube,250,8,6
11303,0.32413458824157715,0.592195451259613,0.08366995304822922,-1,0.0,passive_browsing,youtube,125,1,3
11304,0.7695631980895996,0.20020176470279694,0.030235137790441513,0,0.6546598693577707,churn_risk,youtube,243,4,3
11305,0.1466420441865921,0.5904921293258667,0.2628657817840576,-1,0.0,passive_browsing,youtube,420,23,1
11306,0.004446925595402718,0.010494784452021122,0.9850583076477051,0,0.6391712181409095,purchase_intent,youtube,176,1,1
11307,0.6962695717811584,0.25481918454170227,0.048911213874816895,0,0.8102703146258945,passive_browsing,youtube,95,2,1
11309,0.585178017616272,0.23601293563842773,0.1788090020418167,0,1.0,passive_browsing,youtube,8,0,5
11313,0.09346500784158707,0.18480531871318817,0.7217296957969666,0,0.739796231792835,purchase_intent,youtube,22,0,3
11314,0.5598824620246887,0.285106360912323,0.15501120686531067,0,0.7455852616374281,passive_browsing,youtube,109,5,1
11315,0.21576571464538574,0.3189634680747986,0.46527084708213806,0,0.5841331854324726,passive_browsing,youtube,4,0,5
11317,0.35091230273246765,0.3165699243545532,0.33251771330833435,-1,0.0,passive_browsing,youtube,63,3,3
11318,0.0043468596413731575,0.012001926079392433,0.9836512207984924,0,1.0,purchase_intent,youtube,2,0,1
11319,0.050566818565130234,0.2762010097503662,0.6732321977615356,-1,0.0,purchase_intent,youtube,16,0,4
11320,0.629261314868927,0.3291829228401184,0.04155581071972847,0,0.6748153409797775,passive_browsing,youtube,6,0,2
11322,0.4896221458911896,0.285534143447876,0.22484372556209564,0,0.9477955543318849,passive_browsing,youtube,8,0,3
11325,0.6273378133773804,0.32609713077545166,0.046565089374780655,-1,0.0,passive_browsing,youtube,16,0,5
11326,0.01046823337674141,0.18654918670654297,0.8029825687408447,0,0.8852594409592791,purchase_intent,youtube,3,0,1
11327,0.25808748602867126,0.3975208103656769,0.34439176321029663,0,0.6724072231403958,passive_browsing,youtube,10,0,2
11328,0.00620374595746398,0.015983039513230324,0.9778132438659668,0,0.5066710491323085,purchase_intent,youtube,3,0,1
11330,0.04276631772518158,0.12785445153713226,0.8293792605400085,-1,0.0,purchase_intent,youtube,13,0,2
11332,0.3274446427822113,0.45265433192253113,0.21990102529525757,0,0.5626721937325762,passive_browsing,youtube,43,1,4
11333,0.005075184162706137,0.0205596424639225,0.9743651747703552,0,0.5601622611584908,purchase_intent,youtube,3,0,2
11334,0.010577384382486343,0.029300030320882797,0.9601225256919861,0,1.0,purchase_intent,youtube,5,0,2
11335,0.8225379586219788,0.14179889857769012,0.03566315397620201,0,0.9096859343938677,churn_risk,youtube,4,0,5
11336,0.008794921450316906,0.09584958106279373,0.8953555226325989,0,0.6203244818955831,purchase_intent,youtube,7,0,4
11337,0.10473672300577164,0.3873324394226074,0.5079308748245239,0,0.8429709354285364,purchase_intent,youtube,5,0,1
11338,0.02572883851826191,0.08972544223070145,0.8845457434654236,0,1.0,purchase_intent,youtube,5,0,2
11341,0.4782406985759735,0.4124799072742462,0.1092793270945549,-1,0.0,passive_browsing,youtube,8,0,8
11342,0.5700834393501282,0.24135525524616241,0.18856127560138702,-1,0.0,passive_browsing,youtube,7,0,2
11343,0.1708136349916458,0.24708174169063568,0.5821046233177185,0,0.7059858039026912,purchase_intent,youtube,47,3,5
11344,0.12517677247524261,0.42025163769721985,0.45457154512405396,0,0.7917076108014275,passive_browsing,youtube,1,0,2
11345,0.3973490595817566,0.4345881938934326,0.16806276142597198,0,0.6042054773873868,passive_browsing,youtube,6,0,1
11349,0.016602063551545143,0.04379381239414215,0.9396041035652161,0,1.0,purchase_intent,youtube,10,0,2
11350,0.3854154646396637,0.4210895895957947,0.1934950351715088,-1,0.0,passive_browsing,youtube,7,0,1
11351,0.004455490969121456,0.018221082165837288,0.9773234128952026,0,1.0,purchase_intent,youtube,15,0,1
11352,0.033091943711042404,0.0952131524682045,0.8716949224472046,0,0.9083906928780124,purchase_intent,youtube,10,1,2
11357,0.3178388774394989,0.4923331141471863,0.18982796370983124,-1,0.0,passive_browsing,youtube,1,0,5
11358,0.08107616752386093,0.3202744424343109,0.5986494421958923,-1,0.0,purchase_intent,youtube,5,0,3
11359,0.058067645877599716,0.22323037683963776,0.718701958656311,-1,0.0,purchase_intent,youtube,5,0,5
11361,0.008329659700393677,0.01743871532380581,0.9742316603660583,0,0.9871705245095294,purchase_intent,youtube,5,0,1
11362,0.25392624735832214,0.39690452814102173,0.34916922450065613,-1,0.0,passive_browsing,youtube,5,0,2
11363,0.009899073280394077,0.032020874321460724,0.9580800533294678,0,0.8793562803212416,purchase_intent,youtube,1,0,2
11364,0.03525277227163315,0.16509146988391876,0.7996557354927063,0,0.6702357732725658,purchase_intent,youtube,2,0,1
11365,0.8307862281799316,0.15078064799308777,0.01843317784368992,0,0.5984840348666619,churn_risk,youtube,2,0,4
11366,0.003937831148505211,0.01984374225139618,0.9762184619903564,0,0.9006038471107827,purchase_intent,youtube,5,0,1
11370,0.023309262469410896,0.0769224613904953,0.8997682929039001,-1,0.0,purchase_intent,youtube,3,0,5
11375,0.3112289607524872,0.5108546018600464,0.17791642248630524,-1,0.0,passive_browsing,youtube,19,1,3
11376,0.02626882679760456,0.05116879194974899,0.9225624203681946,-1,0.0,purchase_intent,youtube,4,0,3
11378,0.017498154193162918,0.1581980586051941,0.8243037462234497,-1,0.0,purchase_intent,youtube,3,0,3
11382,0.8087117671966553,0.17299863696098328,0.018289566040039062,0,0.9949810428059572,churn_risk,youtube,27,3,2
11384,0.01832633838057518,0.05824612081050873,0.9234275817871094,0,0.579919925271302,purchase_intent,youtube,2,0,4
11386,0.005442017689347267,0.025875015184283257,0.9686828851699829,-1,0.0,purchase_intent,youtube,0,0,2
11388,0.06865354627370834,0.36562374234199524,0.565722644329071,0,1.0,purchase_intent,youtube,2,0,3
11389,0.022086460143327713,0.06739553064107895,0.9105180501937866,0,0.8980948368477824,purchase_intent,youtube,0,0,4
11391,0.010399658232927322,0.01514727994799614,0.9744530320167542,0,0.6900471896598535,purchase_intent,youtube,0,0,1
11392,0.01597338542342186,0.06415218859910965,0.9198744297027588,0,1.0,purchase_intent,youtube,2,0,3
11397,0.05224989354610443,0.1595909297466278,0.7881591320037842,-1,0.0,purchase_intent,youtube,1,0,1
11400,0.05687003582715988,0.1492677479982376,0.7938622236251831,-1,0.0,purchase_intent,youtube,393,11,1
11401,0.15182366967201233,0.4608599543571472,0.3873163163661957,3,1.0,passive_browsing,youtube,278,7,4
11404,0.9290798306465149,0.06054847687482834,0.010371634736657143,0,1.0,churn_risk,youtube,165,6,2
11405,0.5491423606872559,0.3697142004966736,0.08114344626665115,0,1.0,passive_browsing,youtube,142,7,4
11406,0.31221625208854675,0.5520508885383606,0.13573279976844788,0,0.4990598422196182,passive_browsing,youtube,32,1,6
11407,0.158338263630867,0.32541027665138245,0.5162515044212341,-1,0.0,purchase_intent,youtube,56,0,2
11408,0.025777986273169518,0.1693682074546814,0.8048537969589233,-1,0.0,purchase_intent,youtube,53,1,3
11409,0.564659595489502,0.32435840368270874,0.11098199337720871,0,0.796801470097916,passive_browsing,youtube,52,0,2
11410,0.25083592534065247,0.5547318458557129,0.19443224370479584,0,1.0,passive_browsing,youtube,25,0,3
11411,0.15911032259464264,0.17774149775505066,0.6631481647491455,-1,0.0,passive_browsing,youtube,32,0,1
11412,0.6374298334121704,0.28253307938575745,0.08003705739974976,0,1.0,passive_browsing,youtube,22,0,4
11414,0.19831602275371552,0.3001657724380493,0.5015182495117188,0,0.9907910268133495,passive_browsing,youtube,16,0,3
11415,0.1602649837732315,0.3733657896518707,0.46636924147605896,-1,0.0,passive_browsing,youtube,2,0,2
11416,0.011025186628103256,0.07668498158454895,0.9122897982597351,0,0.8541852027772237,purchase_intent,youtube,56,1,4
11417,0.10774502158164978,0.45846056938171387,0.43379440903663635,-1,0.0,passive_browsing,youtube,7,0,1
11418,0.45073872804641724,0.4862048029899597,0.06305650621652603,-1,0.0,passive_browsing,youtube,11,0,1
11420,0.3425208032131195,0.39410269260406494,0.26337650418281555,0,0.9780844353195745,passive_browsing,youtube,25,0,3
11422,0.005890693515539169,0.022459866479039192,0.9716494083404541,-1,0.0,purchase_intent,youtube,14,0,6
11424,0.03689595311880112,0.13950715959072113,0.8235968947410583,0,0.6795662218888727,purchase_intent,youtube,21,0,1
11426,0.6657293438911438,0.2583676874637604,0.07590293884277344,0,0.7841420769226157,passive_browsing,youtube,53,2,2
11427,0.18132394552230835,0.3475624620914459,0.4711135923862457,0,0.8372871033718852,purchase_intent,youtube,10,0,4
11433,0.013662525452673435,0.0874321311712265,0.898905336856842,0,1.0,purchase_intent,youtube,15,0,1
11434,0.059872280806303024,0.16479377448558807,0.7753339409828186,-1,0.0,purchase_intent,youtube,2,0,2
11435,0.8317533731460571,0.14351797103881836,0.02472860924899578,0,0.9104629921097794,churn_risk,youtube,30,4,2
11436,0.7477717399597168,0.19883035123348236,0.05339784920215607,0,0.8033151231815105,churn_risk,youtube,24,1,2
11437,0.009218750521540642,0.020437125116586685,0.970344066619873,-1,0.0,purchase_intent,youtube,16,1,4
11438,0.3281787633895874,0.5417799949645996,0.1300412118434906,0,0.7729228091896554,passive_browsing,youtube,6,0,3
11443,0.26494815945625305,0.2978455722332001,0.4372062385082245,0,1.0,passive_browsing,youtube,11,0,1
11444,0.15641552209854126,0.43247848749160767,0.4111059308052063,0,1.0,passive_browsing,youtube,1,0,2
11446,0.8087233304977417,0.1757812201976776,0.015495460480451584,0,0.6841400575468198,churn_risk,youtube,8,0,2
11447,0.006377797108143568,0.028602993115782738,0.9650192260742188,0,0.6930903633807081,purchase_intent,youtube,3,0,1
11448,0.7283452153205872,0.22767746448516846,0.043977271765470505,-1,0.0,churn_risk,youtube,15,1,5
11450,0.06296472251415253,0.5936912894248962,0.34334397315979004,0,0.975113506210501,passive_browsing,youtube,5,0,2
11451,0.19983412325382233,0.25478944182395935,0.5453764796257019,-1,0.0,purchase_intent,youtube,3,0,2
11452,0.9031657576560974,0.08579733967781067,0.011036960408091545,0,1.0,churn_risk,youtube,80,7,2
11453,0.00793641060590744,0.029885461553931236,0.9621781706809998,0,1.0,purchase_intent,youtube,4,0,2
11454,0.05962440371513367,0.4449675679206848,0.49540799856185913,-1,0.0,passive_browsing,youtube,5,0,1
11455,0.036368098109960556,0.12583443522453308,0.8377974629402161,-1,0.0,purchase_intent,youtube,1,0,4
11458,0.005277213174849749,0.03032829239964485,0.9643945097923279,0,0.8309859072613982,purchase_intent,youtube,2,0,1
11459,0.006506238132715225,0.022131863981485367,0.9713618159294128,-1,0.0,purchase_intent,youtube,3,0,2
11460,0.006769695319235325,0.03899534046649933,0.9542349576950073,-1,0.0,purchase_intent,youtube,8,0,3
11461,0.012594085186719894,0.08971481770277023,0.8976910710334778,0,0.5766178706438371,purchase_intent,youtube,1,0,3
11463,0.003310483181849122,0.015433654189109802,0.981255829334259,0,0.9688389854149164,purchase_intent,youtube,4,0,1
11464,0.022056423127651215,0.15740355849266052,0.8205400109291077,-1,0.0,purchase_intent,youtube,3,0,3
11466,0.8600128293037415,0.12743493914604187,0.012552225030958652,0,0.8390836793150253,churn_risk,youtube,2,0,2
11467,0.7037832140922546,0.26672402024269104,0.029492730274796486,-1,0.0,churn_risk,youtube,3,0,1
11468,0.004640575032681227,0.012203640304505825,0.9831558465957642,0,0.8535377397773456,purchase_intent,youtube,1,0,2
11471,0.010001733899116516,0.05941828712821007,0.9305799603462219,0,0.7483399727625861,purchase_intent,youtube,2,0,6
11472,0.004787926096469164,0.020383791998028755,0.97482830286026,-1,0.0,purchase_intent,youtube,2,0,4
11474,0.02909862995147705,0.3242497444152832,0.6466516256332397,0,0.9976692587432257,purchase_intent,youtube,5,0,4
11475,0.028153201565146446,0.10410788655281067,0.8677389025688171,-1,0.0,purchase_intent,youtube,2,0,2
11478,0.48218488693237305,0.4616055488586426,0.05620960146188736,-1,0.0,passive_browsing,youtube,4,0,2
11479,0.027293438091874123,0.15693886578083038,0.8157677054405212,-1,0.0,purchase_intent,youtube,2,0,2
11481,0.004931380972266197,0.02078927680850029,0.9742792844772339,0,1.0,purchase_intent,youtube,2,0,1
11482,0.8223103880882263,0.15730352699756622,0.02038612775504589,0,0.9677168104740039,churn_risk,youtube,2,0,3
11485,0.028848595917224884,0.177867129445076,0.7932842373847961,0,0.8533549237208513,purchase_intent,youtube,1,0,2
11487,0.00941191241145134,0.018719760701060295,0.9718683958053589,-1,0.0,purchase_intent,youtube,1,0,3
11488,0.1408538669347763,0.4735792577266693,0.3855668604373932,0,0.9972550819920368,passive_browsing,youtube,1,0,2
11489,0.05642698332667351,0.5107412934303284,0.43283167481422424,-1,0.0,passive_browsing,youtube,1,0,2
11494,0.003941003233194351,0.012431277893483639,0.9836276769638062,0,0.7383813611645096,purchase_intent,youtube,0,0,3
11495,0.18026071786880493,0.31676676869392395,0.5029724836349487,3,1.0,passive_browsing,youtube,0,0,1
11497,0.5454933643341064,0.37547972798347473,0.07902687788009644,0,1.0,passive_browsing,youtube,0,0,2
11498,0.6864946484565735,0.29632335901260376,0.017181985080242157,-1,0.0,passive_browsing,youtube,55,3,2
11499,0.31865543127059937,0.6053270697593689,0.07601741701364517,-1,0.0,passive_browsing,youtube,59,6,3
11500,0.005902730394154787,0.06539909541606903,0.9286981225013733,-1,0.0,purchase_intent,youtube,25,1,1
11501,0.011270377784967422,0.07073654979467392,0.9179930686950684,-1,0.0,purchase_intent,youtube,5,0,2
11502,0.19852422177791595,0.5807469487190247,0.22072884440422058,0,0.5841331854324726,passive_browsing,youtube,5,0,1
11503,0.0030823315028101206,0.010421447455883026,0.9864961504936218,0,1.0,purchase_intent,youtube,11,1,1
11505,0.030161045491695404,0.1516142636537552,0.8182246685028076,-1,0.0,purchase_intent,youtube,3,1,4
11506,0.010906936600804329,0.046586811542510986,0.9425062537193298,0,0.47896939549910383,purchase_intent,youtube,6,1,2
11512,0.04666358605027199,0.14773568511009216,0.8056007623672485,-1,0.0,purchase_intent,youtube,2,1,1
11513,0.39878252148628235,0.4783288538455963,0.12288869172334671,0,1.0,passive_browsing,youtube,0,0,1
11517,0.8708241581916809,0.11389108002185822,0.015284794382750988,0,0.9557773859148004,churn_risk,youtube,0,0,2
11521,0.005406437441706657,0.008432998321950436,0.9861605167388916,0,1.0,purchase_intent,youtube,3,2,1
11524,0.013394391164183617,0.07950200885534286,0.9071036577224731,-1,0.0,purchase_intent,youtube,14,1,1
11530,0.8852354288101196,0.09639803320169449,0.018366614356637,-1,0.0,churn_risk,youtube,11,2,1
11531,0.8668767809867859,0.12411117553710938,0.009012041613459587,0,0.8137712650302795,churn_risk,youtube,8,1,1
11532,0.10045801103115082,0.2137356698513031,0.685806393623352,0,0.5679270450869426,purchase_intent,youtube,0,0,2
11533,0.7959892153739929,0.18716320395469666,0.01684761233627796,0,0.9738449523766272,churn_risk,youtube,0,0,2
11535,0.019653059542179108,0.13930156826972961,0.8410453200340271,0,0.9895857742097399,purchase_intent,youtube,11,1,1
11536,0.7629619836807251,0.1784326583147049,0.05860540643334389,0,1.0,churn_risk,youtube,12,2,6
11537,0.06456291675567627,0.26126110553741455,0.6741759181022644,0,0.6773869694030188,purchase_intent,youtube,5,1,3
11540,0.008199400268495083,0.5106413960456848,0.4811592400074005,0,0.7439374915889335,passive_browsing,youtube,3,1,2
11544,0.8106616735458374,0.1683632731437683,0.020975060760974884,0,1.0,churn_risk,youtube,4,1,1
11545,0.011649814434349537,0.05861492455005646,0.9297352433204651,0,1.0,purchase_intent,youtube,0,1,7
11546,0.7828934192657471,0.18531477451324463,0.03179188817739487,0,1.0,churn_risk,youtube,6,2,2
11547,0.07615899294614792,0.21610021591186523,0.7077407836914062,0,1.0,purchase_intent,youtube,1,1,2
11551,0.11184722185134888,0.7138547301292419,0.17429815232753754,-1,0.0,passive_browsing,youtube,2,1,4
11553,0.025838477537035942,0.8099839091300964,0.16417767107486725,-1,0.0,passive_browsing,youtube,1,1,6
11555,0.21935512125492096,0.49975132942199707,0.28089356422424316,0,0.4738660492239442,passive_browsing,youtube,1,1,7
11557,0.33769261837005615,0.44881805777549744,0.21348929405212402,0,0.892150383058554,passive_browsing,youtube,1,1,5
11558,0.42612993717193604,0.5167722105979919,0.05709792673587799,0,0.6245842657904898,passive_browsing,youtube,3,2,2
11559,0.5232079029083252,0.4015582501888275,0.0752338245511055,0,1.0,passive_browsing,youtube,3,1,4
11562,0.14113764464855194,0.46078476309776306,0.3980775773525238,43,1.0,passive_browsing,youtube,1,1,1
11564,0.40831661224365234,0.5188266634941101,0.07285670191049576,0,1.0,passive_browsing,youtube,1,2,2
11566,0.894315779209137,0.09464152157306671,0.011042597703635693,0,0.7232597897282197,churn_risk,youtube,4,3,3
11568,0.44860100746154785,0.4582533538341522,0.09314568340778351,0,0.783929653060743,passive_browsing,youtube,1,1,1
11570,0.28064072132110596,0.5747367143630981,0.1446225345134735,-1,0.0,passive_browsing,youtube,0,0,4
11572,0.06187589094042778,0.8409942388534546,0.09712985903024673,-1,0.0,passive_browsing,youtube,1,1,1
11574,0.8223954439163208,0.16356821358203888,0.014036423526704311,-1,0.0,churn_risk,youtube,1,2,2
11575,0.08566359430551529,0.25913941860198975,0.6551969647407532,0,0.8847604590139855,purchase_intent,youtube,1,1,6
11576,0.8420713543891907,0.14273156225681305,0.015197036787867546,0,1.0,churn_risk,youtube,1,1,1
11577,0.8052500486373901,0.1665843278169632,0.02816561423242092,0,0.5935167939394733,churn_risk,youtube,2,1,4
11580,0.27101537585258484,0.5688487887382507,0.1601359099149704,-1,0.0,passive_browsing,youtube,1,2,4
11584,0.8393208384513855,0.1311980038881302,0.02948117069900036,0,1.0,churn_risk,youtube,1,2,6
11585,0.12220048904418945,0.5699436068534851,0.30785587430000305,0,0.614804291121244,passive_browsing,youtube,1,1,2
11586,0.12804162502288818,0.6418625116348267,0.23009592294692993,-1,0.0,passive_browsing,youtube,1,1,2
11587,0.9323616623878479,0.057942960411310196,0.009695392102003098,0,1.0,churn_risk,youtube,2,1,4
11589,0.021312417462468147,0.35715216398239136,0.6215354800224304,0,0.6355020499618009,purchase_intent,youtube,8,1,3
11591,0.8301697373390198,0.15214991569519043,0.017680305987596512,0,1.0,churn_risk,youtube,1,1,2
11594,0.020332565531134605,0.7604098916053772,0.2192574441432953,-1,0.0,passive_browsing,youtube,1,0,1
11624,0.017379039898514748,0.21000322699546814,0.7726176977157593,39,1.0,purchase_intent,youtube,421,9,1
11625,0.39757049083709717,0.48957911133766174,0.11285046488046646,-1,0.0,passive_browsing,youtube,1414,19,1
11629,0.03133025020360947,0.6881656646728516,0.2805040776729584,39,0.7708460742443047,passive_browsing,youtube,430,24,2
11630,0.0023370806593447924,0.010640904307365417,0.9870219826698303,-1,0.0,purchase_intent,youtube,17,2,1
11631,0.021711507812142372,0.06732279062271118,0.9109657406806946,-1,0.0,purchase_intent,youtube,16,0,1
11633,0.6732208132743835,0.30770358443260193,0.01907561905682087,39,1.0,passive_browsing,youtube,103,6,2
11636,0.07911793887615204,0.3774107098579407,0.5434713959693909,39,0.7993364924953572,purchase_intent,youtube,7,0,1
11638,0.011545923538506031,0.1206686720252037,0.8677853941917419,-1,0.0,purchase_intent,youtube,1566,42,3
11646,0.004558349493891001,0.022129040211439133,0.9733126759529114,-1,0.0,purchase_intent,youtube,1,0,1
11653,0.006763748358935118,0.018624654039740562,0.9746116399765015,-1,0.0,purchase_intent,youtube,6,0,1
11659,0.017218058928847313,0.9170368909835815,0.0657450333237648,-1,0.0,passive_browsing,youtube,6,1,2
11664,0.010274992324411869,0.4508610963821411,0.5388639569282532,0,0.6177887802156855,passive_browsing,youtube,4,3,4
11671,0.10500553995370865,0.3377890884876251,0.5572053790092468,0,0.7721567774227883,passive_browsing,youtube,1,1,3
11686,0.016106082126498222,0.3940405547618866,0.5898533463478088,-1,0.0,purchase_intent,youtube,1,1,1
11689,0.6724916100502014,0.29338470101356506,0.03412369638681412,39,1.0,churn_risk,youtube,12,5,2
11690,0.34251344203948975,0.4742366373538971,0.18324992060661316,39,1.0,passive_browsing,youtube,1,0,1
11691,0.4225216209888458,0.5284640789031982,0.049014315009117126,-1,0.0,passive_browsing,youtube,3,1,1
11694,0.2908831238746643,0.5326422452926636,0.1764747053384781,39,1.0,passive_browsing,youtube,4,1,1
11702,0.0054052663035690784,0.766269862651825,0.22832491993904114,39,1.0,passive_browsing,youtube,0,0,1
11707,0.5391227006912231,0.41261667013168335,0.048260558396577835,-1,0.0,passive_browsing,youtube,0,0,1
11715,0.03372520953416824,0.9399799108505249,0.026294944807887077,-1,0.0,passive_browsing,youtube,2,1,2
11716,0.005144238006323576,0.02304863929748535,0.9718071222305298,0,1.0,purchase_intent,youtube,0,0,1
11736,0.0037823880556970835,0.033056098967790604,0.9631615281105042,43,0.9171890038326305,purchase_intent,youtube,80,2,1
11738,0.047392502427101135,0.7041212916374207,0.24848614633083344,-1,0.0,passive_browsing,youtube,5,0,1
11752,0.16031266748905182,0.643208920955658,0.19647841155529022,31,1.0,passive_browsing,youtube,1,0,1
11791,0.2643754184246063,0.4349713921546936,0.3006531894207001,-1,0.0,passive_browsing,youtube,4,1,2
11793,0.002421263139694929,0.011928540654480457,0.9856502413749695,35,1.0,purchase_intent,youtube,2,0,1
11803,0.0032160996925085783,0.464467853307724,0.5323159694671631,-1,0.0,passive_browsing,bluesky,0,0,6
11804,0.06426134705543518,0.6587497591972351,0.27698880434036255,0,0.5750379881201115,passive_browsing,bluesky,1,0,6
11805,0.43473440408706665,0.4553780257701874,0.10988759249448776,0,0.42707364391783487,passive_browsing,bluesky,4,1,7
11806,0.26649996638298035,0.6596513986587524,0.073848657310009,0,0.4581758442085485,passive_browsing,bluesky,0,1,4
11807,0.5218759179115295,0.4229625463485718,0.05516152083873749,0,0.619479930881525,churn_risk,bluesky,35,7,5
11808,0.5528340935707092,0.39483484625816345,0.05233113467693329,0,0.40513734973433074,passive_browsing,bluesky,2,1,4
11809,0.6400448083877563,0.3289995491504669,0.030955621972680092,-1,0.0,passive_browsing,bluesky,9,3,4
11810,0.7107652425765991,0.232521191239357,0.056713588535785675,0,1.0,churn_risk,bluesky,2,0,4
11811,0.003582683391869068,0.2864171266555786,0.7100001573562622,-1,0.0,purchase_intent,bluesky,0,0,5
11812,0.5479319095611572,0.4025574028491974,0.04951068013906479,9,1.0,passive_browsing,bluesky,2,0,6
11813,0.003582683391869068,0.2864171266555786,0.7100001573562622,-1,0.0,purchase_intent,bluesky,0,0,5
11814,0.5637440085411072,0.4160979986190796,0.020157944411039352,-1,0.0,passive_browsing,bluesky,6,4,5
11815,0.8256728053092957,0.14249438047409058,0.03183276206254959,0,0.9611294289949303,churn_risk,bluesky,0,0,4
11816,0.016427142545580864,0.19273287057876587,0.7908400297164917,0,0.6011248223590826,purchase_intent,bluesky,1,0,2
11817,0.003154509700834751,0.23341652750968933,0.7634289860725403,-1,0.0,purchase_intent,bluesky,0,0,4
11818,0.001686558942310512,0.11981093883514404,0.8785025477409363,-1,0.0,purchase_intent,bluesky,0,0,2
11819,0.9344765543937683,0.05812818557024002,0.0073952507227659225,-1,0.0,churn_risk,bluesky,1,0,9
11820,0.5512158870697021,0.40985727310180664,0.0389268733561039,31,1.0,passive_browsing,bluesky,0,1,5
11821,0.0048844399861991405,0.3146492838859558,0.6804662942886353,-1,0.0,passive_browsing,bluesky,0,0,5
11822,0.004568352829664946,0.6307785511016846,0.3646530508995056,-1,0.0,passive_browsing,bluesky,0,0,4
11823,0.2995072603225708,0.6669325232505798,0.033560242503881454,0,0.4484246167986306,passive_browsing,bluesky,0,2,3
11824,0.0028900436591356993,0.05472450703382492,0.9423854351043701,26,0.9753698974585956,purchase_intent,bluesky,0,0,9
11825,0.3068673610687256,0.4724474549293518,0.2206851840019226,0,0.6282873527273402,passive_browsing,bluesky,2,0,3
11826,0.007678111083805561,0.4641958475112915,0.5281260013580322,-1,0.0,purchase_intent,bluesky,0,0,7
11827,0.005620201583951712,0.1051478236913681,0.8892319798469543,30,0.7902069257384786,purchase_intent,bluesky,0,0,6
11829,0.014859341084957123,0.05610533803701401,0.9290353059768677,3,0.7299096951384092,purchase_intent,bluesky,2,1,4
11830,0.0016915153246372938,0.12113288044929504,0.8771756291389465,-1,0.0,purchase_intent,bluesky,0,0,2
11831,0.0026411537546664476,0.13874009251594543,0.8586187362670898,-1,0.0,purchase_intent,bluesky,0,0,5
11832,0.007198535371571779,0.052096810191869736,0.9407047033309937,0,0.6791689133156772,purchase_intent,bluesky,3,0,4
11833,0.004014863632619381,0.1073613092303276,0.888623833656311,-1,0.0,purchase_intent,bluesky,2,0,3
11834,0.004679809790104628,0.3526211082935333,0.6426990032196045,-1,0.0,passive_browsing,bluesky,1,0,6
11835,0.07408478856086731,0.6367506384849548,0.28916457295417786,0,0.6282873527273402,passive_browsing,bluesky,1,0,4
11836,0.9108619689941406,0.07441414892673492,0.014723864383995533,0,0.6791689133156772,churn_risk,bluesky,0,1,6
11837,0.005008848384022713,0.41223952174186707,0.5827516317367554,1,0.5776868511931744,passive_browsing,bluesky,3,0,8
11838,0.8049207329750061,0.16022250056266785,0.03485674783587456,0,0.9409986263442992,churn_risk,bluesky,0,0,5
11839,0.006029060110449791,0.6214401721954346,0.3725307583808899,-1,0.0,passive_browsing,bluesky,0,0,12
11840,0.012240302748978138,0.7599536180496216,0.22780609130859375,-1,0.0,passive_browsing,bluesky,0,0,6
11841,0.00331356143578887,0.03062964230775833,0.966056764125824,-1,0.0,purchase_intent,bluesky,1,0,7
11842,0.007345600984990597,0.43933168053627014,0.5533227324485779,-1,0.0,passive_browsing,bluesky,3,0,7
11843,0.003218837548047304,0.08153466880321503,0.9152465462684631,-1,0.0,purchase_intent,bluesky,1,0,10
11844,0.0422108955681324,0.6622997522354126,0.2954893112182617,-1,0.0,passive_browsing,bluesky,1,0,5
11845,0.007342655677348375,0.6811118721961975,0.3115454316139221,30,1.0,passive_browsing,bluesky,0,0,2
11846,0.17498691380023956,0.5807640552520752,0.24424897134304047,-1,0.0,passive_browsing,bluesky,1,0,4
11847,0.01014320831745863,0.7950437068939209,0.19481314718723297,30,1.0,passive_browsing,bluesky,0,0,2
11849,0.06741345673799515,0.4688827097415924,0.46370381116867065,-1,0.0,passive_browsing,bluesky,2,1,5
11850,0.005018195137381554,0.2059924453496933,0.7889893651008606,30,1.0,purchase_intent,bluesky,1,0,2
11851,0.0016677831299602985,0.04608156904578209,0.952250599861145,4,0.5483228607638455,purchase_intent,bluesky,0,0,6
11852,0.0034704499412328005,0.050157323479652405,0.9463722109794617,30,1.0,purchase_intent,bluesky,0,0,3
11853,0.006218851078301668,0.3089010417461395,0.6848801374435425,30,1.0,purchase_intent,bluesky,1,0,1
11854,0.002920585684478283,0.10156545042991638,0.8955139517784119,30,0.7274062083639662,purchase_intent,bluesky,0,0,2
11856,0.0021862296853214502,0.09607306867837906,0.9017407298088074,-1,0.0,purchase_intent,bluesky,0,0,5
11857,0.9252268671989441,0.06707924604415894,0.007693946361541748,0,1.0,churn_risk,bluesky,3,0,6
11859,0.04580764099955559,0.6382491588592529,0.3159432113170624,-1,0.0,passive_browsing,bluesky,2,1,5
11861,0.9468140006065369,0.046101395040750504,0.007084711454808712,0,0.9057362008872027,churn_risk,bluesky,3,1,2
11862,0.0016600203234702349,0.11824991554021835,0.8800899982452393,-1,0.0,purchase_intent,bluesky,0,0,2
11863,0.14144206047058105,0.7933921217918396,0.06516575813293457,-1,0.0,passive_browsing,bluesky,0,1,3
11864,0.003248736960813403,0.6632871031761169,0.3334641456604004,0,0.6434935096833063,passive_browsing,bluesky,0,0,4
11865,0.003560960292816162,0.10839211940765381,0.8880468606948853,0,1.0,purchase_intent,bluesky,0,0,6
11866,0.0052678692154586315,0.42347660660743713,0.5712555050849915,30,1.0,purchase_intent,bluesky,0,0,2
11867,0.07698243856430054,0.5818497538566589,0.3411678969860077,43,1.0,passive_browsing,bluesky,0,1,3
11868,0.007490035146474838,0.4006723165512085,0.5918377041816711,0,0.624867643683264,passive_browsing,bluesky,1,1,4
11869,0.004473196342587471,0.09512048959732056,0.9004062414169312,30,1.0,purchase_intent,bluesky,0,0,3
11870,0.09006320685148239,0.38014012575149536,0.5297966003417969,-1,0.0,passive_browsing,bluesky,2,0,5
11871,0.003348037600517273,0.07783135026693344,0.9188206195831299,-1,0.0,purchase_intent,bluesky,0,0,8
11873,0.0017532772617414594,0.11064830422401428,0.8875983953475952,-1,0.0,purchase_intent,bluesky,1,0,2
11874,0.749437689781189,0.22458305954933167,0.025979269295930862,-1,0.0,churn_risk,bluesky,20,1,4
11875,0.001591570326127112,0.03711112588644028,0.9612972736358643,-1,0.0,purchase_intent,bluesky,0,0,4
11876,0.8318685293197632,0.15003755688667297,0.018093932420015335,-1,0.0,churn_risk,bluesky,1,1,5
11877,0.003804422914981842,0.29363924264907837,0.702556312084198,-1,0.0,purchase_intent,bluesky,0,0,5
11879,0.02891564555466175,0.7850621938705444,0.1860220581293106,0,0.6524510969497651,passive_browsing,bluesky,0,0,7
11881,0.030965451151132584,0.7007846236228943,0.26824986934661865,0,0.6546727374309379,passive_browsing,bluesky,1,1,4
11883,0.6787247657775879,0.3029109239578247,0.01836429350078106,-1,0.0,churn_risk,bluesky,0,1,5
11884,0.9338051676750183,0.058640256524086,0.0075546628795564175,4,0.9072209798728486,churn_risk,bluesky,0,0,5
11885,0.7454882264137268,0.2177087962627411,0.03680291026830673,-1,0.0,churn_risk,bluesky,0,0,5
11887,0.00646408973261714,0.37465226650238037,0.6188836097717285,15,0.8084829933937341,passive_browsing,bluesky,0,0,9
11888,0.1737983077764511,0.6559973955154419,0.170204296708107,-1,0.0,passive_browsing,bluesky,0,0,6
11890,0.867732048034668,0.12000776827335358,0.012260123156011105,-1,0.0,churn_risk,bluesky,2,0,4
11891,0.5938425064086914,0.26573970913887024,0.14041775465011597,0,0.7704911347835409,passive_browsing,bluesky,7,1,4
11892,0.7613980770111084,0.19958224892616272,0.039019692689180374,0,0.5352960337975549,churn_risk,bluesky,1,0,5
11895,0.9530643820762634,0.0418732687830925,0.005062333308160305,0,0.3181998525643139,churn_risk,bluesky,2,0,5
11898,0.2098970115184784,0.6357495784759521,0.15435335040092468,-1,0.0,passive_browsing,bluesky,0,1,6
11899,0.8823550939559937,0.10369005799293518,0.01395491510629654,3,1.0,churn_risk,bluesky,1,1,6
11902,0.30284547805786133,0.6208835244178772,0.07627100497484207,3,1.0,passive_browsing,bluesky,1,0,4
11903,0.09628157317638397,0.2679941654205322,0.6357242465019226,3,0.7829005211152258,passive_browsing,bluesky,3,1,1
11904,0.005015719216316938,0.25344204902648926,0.7415422201156616,16,1.0,purchase_intent,bluesky,7,1,5
11905,0.19066092371940613,0.6779666543006897,0.13137245178222656,3,1.0,passive_browsing,bluesky,7,1,4
11906,0.0036347191780805588,0.17190098762512207,0.8244642615318298,3,0.5085245994001437,purchase_intent,bluesky,1,0,6
11907,0.008748243562877178,0.5424792766571045,0.4487724304199219,16,1.0,passive_browsing,bluesky,1,1,3
11908,0.03374367952346802,0.9070152044296265,0.059241220355033875,3,0.8725404442313598,passive_browsing,bluesky,1,1,1
11909,0.8520194888114929,0.1402946412563324,0.0076858894899487495,-1,0.0,churn_risk,bluesky,0,1,7
11910,0.6715751886367798,0.30757901072502136,0.020845787599682808,3,0.7603435738859574,passive_browsing,bluesky,0,0,3
11911,0.6911343932151794,0.2894243001937866,0.019441334530711174,-1,0.0,passive_browsing,bluesky,91,20,2
11913,0.8325474858283997,0.15839168429374695,0.009060811251401901,0,0.6458153362399627,churn_risk,bluesky,0,0,4
11914,0.025224924087524414,0.5712122917175293,0.4035627841949463,-1,0.0,passive_browsing,bluesky,1,1,3
11915,0.47316664457321167,0.5013720989227295,0.0254612285643816,0,0.33831618793115215,passive_browsing,bluesky,6,3,2
11916,0.790929913520813,0.19882601499557495,0.010244093835353851,3,0.9529965009869549,churn_risk,bluesky,0,0,3
11917,0.00740689504891634,0.7000293135643005,0.29256385564804077,6,1.0,passive_browsing,bluesky,0,0,4
11918,0.8372114300727844,0.14456786215305328,0.018220728263258934,3,0.9069420423196974,churn_risk,bluesky,32,9,6
11919,0.8683386445045471,0.12302350252866745,0.008637819439172745,3,1.0,churn_risk,bluesky,6,1,3
11920,0.21984907984733582,0.7006545662879944,0.0794963538646698,3,0.6258703598454693,passive_browsing,bluesky,1,3,2
11921,0.003604048164561391,0.8193979859352112,0.17699797451496124,6,0.9952978866821292,passive_browsing,bluesky,0,0,4
11922,0.06116186082363129,0.8681842684745789,0.07065382599830627,-1,0.0,passive_browsing,bluesky,3,3,7
11923,0.004478835966438055,0.4403162896633148,0.5552048683166504,3,0.5336857301959107,purchase_intent,bluesky,0,0,4
11924,0.006491608452051878,0.9284852743148804,0.06502315402030945,-1,0.0,passive_browsing,bluesky,0,1,2
11927,0.0066449567675590515,0.8658503890037537,0.1275046467781067,-1,0.0,passive_browsing,bluesky,1,0,2
11928,0.3089103400707245,0.5148770213127136,0.17621269822120667,1,0.5301027624583102,passive_browsing,bluesky,0,0,7
11929,0.8816536068916321,0.10779029875993729,0.010556107386946678,2,0.868222101394932,churn_risk,bluesky,2,1,2
11930,0.6944903135299683,0.27617955207824707,0.029330164194107056,3,1.0,passive_browsing,bluesky,0,0,4
11931,0.014538897201418877,0.6356067061424255,0.34985437989234924,40,1.0,passive_browsing,bluesky,0,0,5
11932,0.016733620315790176,0.7167407870292664,0.26652562618255615,40,1.0,passive_browsing,bluesky,0,0,5
11933,0.016733620315790176,0.7167407870292664,0.26652562618255615,40,1.0,passive_browsing,bluesky,0,0,5
11934,0.016733620315790176,0.7167407870292664,0.26652562618255615,40,1.0,passive_browsing,bluesky,0,0,5
11935,0.01560212578624487,0.674168050289154,0.3102298378944397,40,1.0,passive_browsing,bluesky,0,0,5
11936,0.012851403094828129,0.6845158338546753,0.3026328384876251,40,1.0,passive_browsing,bluesky,0,0,5
11937,0.5836554169654846,0.38725972175598145,0.02908482402563095,-1,0.0,passive_browsing,bluesky,296,85,5
11938,0.6895896792411804,0.29081058502197266,0.019599763676524162,3,0.9187909121020703,passive_browsing,bluesky,4,0,6
11939,0.718291699886322,0.25197070837020874,0.029737548902630806,3,0.8027021998445926,churn_risk,bluesky,11,1,8
11940,0.007336901966482401,0.9130495190620422,0.07961346209049225,-1,0.0,passive_browsing,bluesky,0,0,6
11941,0.01318572461605072,0.13644707202911377,0.8503671884536743,3,1.0,purchase_intent,bluesky,0,0,3
11944,0.8280388116836548,0.15615694224834442,0.015804214403033257,-1,0.0,churn_risk,bluesky,75,63,5
11946,0.46065741777420044,0.5027456879615784,0.036596957594156265,3,0.5479881206385311,passive_browsing,bluesky,2,1,7
11947,0.008248436264693737,0.6316309571266174,0.36012062430381775,40,1.0,passive_browsing,bluesky,0,0,3
11948,0.05300546810030937,0.7230960726737976,0.22389847040176392,40,1.0,passive_browsing,bluesky,0,0,3
11949,0.0012534708948805928,0.01116365659981966,0.9875828623771667,3,0.572677974819864,purchase_intent,bluesky,0,0,5
11950,0.024818478152155876,0.5693461894989014,0.4058353304862976,40,0.8430808253589331,passive_browsing,bluesky,0,0,3
11951,0.024818478152155876,0.5693461894989014,0.4058353304862976,40,0.8672819612440799,passive_browsing,bluesky,0,0,3
11952,0.5095795392990112,0.45137688517570496,0.039043549448251724,3,1.0,passive_browsing,bluesky,1,1,3
11953,0.003308630082756281,0.042106423527002335,0.9545849561691284,3,1.0,purchase_intent,bluesky,6,2,3
11954,0.014744400978088379,0.1106417179107666,0.874613881111145,0,1.0,purchase_intent,bluesky,0,0,4
11955,0.006239209324121475,0.8131013512611389,0.1806594282388687,6,1.0,passive_browsing,bluesky,0,0,5
11956,0.006239209324121475,0.8131013512611389,0.1806594282388687,6,0.9775081948050904,passive_browsing,bluesky,0,0,5
11957,0.006239209324121475,0.8131013512611389,0.1806594282388687,6,1.0,passive_browsing,bluesky,0,0,5
11958,0.006239209324121475,0.8131013512611389,0.1806594282388687,6,1.0,passive_browsing,bluesky,0,0,5
11959,0.006239209324121475,0.8131013512611389,0.1806594282388687,6,1.0,passive_browsing,bluesky,0,0,5
11961,0.5598662495613098,0.4259159564971924,0.014217836782336235,-1,0.0,passive_browsing,bluesky,50,27,2
11962,0.6323422193527222,0.3327988088130951,0.03485891595482826,3,1.0,passive_browsing,bluesky,0,0,5
11963,0.07733877003192902,0.7043561935424805,0.2183050662279129,4,0.33189568333060077,passive_browsing,bluesky,0,0,3
11964,0.5274433493614197,0.44623854756355286,0.026318097487092018,-1,0.0,passive_browsing,bluesky,1,0,1
11965,0.8809205293655396,0.10830463469028473,0.010774817317724228,3,0.8375760619334931,churn_risk,bluesky,0,1,4
11966,0.004680851474404335,0.43414613604545593,0.5611729621887207,3,1.0,purchase_intent,bluesky,2,1,3
11967,0.868165910243988,0.11757183820009232,0.014262236654758453,3,1.0,churn_risk,bluesky,4,2,3
11968,0.7027382254600525,0.28731006383895874,0.009951754473149776,-1,0.0,churn_risk,bluesky,1,1,1
11969,0.5094001889228821,0.35409829020500183,0.1365015208721161,-1,0.0,passive_browsing,bluesky,6,1,2
11970,0.0042425766587257385,0.33861130475997925,0.6571460962295532,-1,0.0,purchase_intent,bluesky,0,1,3
11971,0.5103285312652588,0.3316287100315094,0.15804284811019897,3,0.6114758461454575,churn_risk,bluesky,3,0,7
11972,0.011953580193221569,0.07645126432180405,0.9115951657295227,3,0.5934936923942379,purchase_intent,bluesky,3,1,3
11973,0.006262204609811306,0.9032551050186157,0.09048263728618622,3,0.5432821488783772,passive_browsing,bluesky,0,0,4
11974,0.8695378303527832,0.11334476619958878,0.01711743138730526,-1,0.0,churn_risk,bluesky,16,7,2
11976,0.43908220529556274,0.5136139988899231,0.04730386286973953,3,1.0,passive_browsing,bluesky,0,0,5
11977,0.3979952335357666,0.41404080390930176,0.18796393275260925,-1,0.0,passive_browsing,bluesky,8,1,1
11978,0.2531113922595978,0.7297998070716858,0.017088860273361206,-1,0.0,passive_browsing,bluesky,0,0,5
11979,0.7746186256408691,0.21512088179588318,0.010260473005473614,2,1.0,churn_risk,bluesky,3,1,1
11980,0.7346740365028381,0.2437405288219452,0.021585501730442047,3,0.8269331511419884,churn_risk,bluesky,0,0,2
11981,0.23354105651378632,0.7270318269729614,0.03942705690860748,3,0.9310288749266689,passive_browsing,bluesky,5,3,5
11982,0.004625917878001928,0.17641746997833252,0.8189566135406494,16,0.9898524766109537,purchase_intent,bluesky,7,5,3
11983,0.44172054529190063,0.531371533870697,0.026907913386821747,6,1.0,passive_browsing,bluesky,1,0,3
11984,0.002340043429285288,0.033015403896570206,0.9646445512771606,-1,0.0,purchase_intent,bluesky,0,0,4
11985,0.9035453200340271,0.08388669788837433,0.012567928992211819,-1,0.0,churn_risk,bluesky,0,0,7
11986,0.33034753799438477,0.5933220386505127,0.0763305053114891,3,0.7414715638121214,passive_browsing,bluesky,1,0,5
11987,0.00475015863776207,0.8999336361885071,0.09531622380018234,6,0.9637804111527151,passive_browsing,bluesky,0,0,4
11988,0.00475015863776207,0.8999336361885071,0.09531622380018234,6,1.0,passive_browsing,bluesky,0,0,4
11989,0.00475015863776207,0.8999336361885071,0.09531622380018234,6,1.0,passive_browsing,bluesky,0,0,4
11990,0.6335737109184265,0.3239942193031311,0.04243208095431328,2,1.0,churn_risk,bluesky,1,1,3
11991,0.4539448320865631,0.514203667640686,0.03185153752565384,2,1.0,passive_browsing,bluesky,2,0,3
11992,0.23023703694343567,0.20876026153564453,0.5610026717185974,2,1.0,passive_browsing,bluesky,49,7,4
11993,0.9336398839950562,0.060737244784832,0.0056228069588541985,-1,0.0,churn_risk,bluesky,6,0,4
11994,0.14513090252876282,0.7573000192642212,0.09756903350353241,2,0.9204379313688191,passive_browsing,bluesky,17,6,3
11995,0.3750145733356476,0.48064160346984863,0.14434383809566498,2,1.0,passive_browsing,bluesky,1,0,4
11996,0.5453750491142273,0.41119128465652466,0.04343367740511894,2,1.0,churn_risk,bluesky,4,0,3
11997,0.5256369709968567,0.2852485775947571,0.1891145259141922,-1,0.0,passive_browsing,bluesky,0,1,2
11998,0.6645325422286987,0.3070286214351654,0.028438907116651535,2,1.0,churn_risk,bluesky,1,1,4
11999,0.1553930789232254,0.743005096912384,0.1016017496585846,2,1.0,passive_browsing,bluesky,12,0,4
12000,0.7603437900543213,0.22238649427890778,0.01726963371038437,-1,0.0,churn_risk,bluesky,0,0,6
12001,0.9381716251373291,0.05575665831565857,0.006071715150028467,2,1.0,churn_risk,bluesky,0,1,4
12002,0.9096361398696899,0.08381978422403336,0.006544032134115696,2,1.0,churn_risk,bluesky,28,1,3
12003,0.20307041704654694,0.7226952910423279,0.07423431426286697,2,1.0,passive_browsing,bluesky,3,0,5
12004,0.7765132188796997,0.20578381419181824,0.01770293153822422,2,1.0,churn_risk,bluesky,10,1,5
12006,0.9391909837722778,0.05579068511724472,0.005018334370106459,2,1.0,churn_risk,bluesky,0,0,4
12007,0.9376093745231628,0.05539773404598236,0.006992937531322241,2,1.0,churn_risk,bluesky,1,1,3
12008,0.4990537166595459,0.43079742789268494,0.07014888525009155,-1,0.0,churn_risk,bluesky,2,1,3
12009,0.02291916497051716,0.11900293081998825,0.858077883720398,2,1.0,purchase_intent,bluesky,1,1,3
12010,0.9313262104988098,0.0632304772734642,0.005443363916128874,2,1.0,churn_risk,bluesky,0,0,3
12011,0.9094055891036987,0.08163975924253464,0.008954644203186035,2,1.0,churn_risk,bluesky,0,0,3
12013,0.7325763702392578,0.24998529255390167,0.01743839681148529,2,1.0,churn_risk,bluesky,2,1,4
12015,0.44088074564933777,0.34456542134284973,0.21455387771129608,2,1.0,churn_risk,bluesky,9,0,4
12016,0.6355012059211731,0.34877604246139526,0.01572270877659321,2,1.0,churn_risk,bluesky,0,0,4
12017,0.07732927054166794,0.7425436973571777,0.1801270842552185,2,1.0,passive_browsing,bluesky,0,0,3
12018,0.9336903095245361,0.06022213026881218,0.006087621208280325,2,1.0,churn_risk,bluesky,0,0,3
12019,0.6207684874534607,0.36222389340400696,0.017007559537887573,-1,0.0,churn_risk,bluesky,2,0,4
12020,0.648368239402771,0.32695189118385315,0.02467986010015011,-1,0.0,churn_risk,bluesky,55,1,4
12021,0.9173955321311951,0.07671492546796799,0.005889562424272299,2,1.0,churn_risk,bluesky,0,0,3
12022,0.712978720664978,0.2466694861650467,0.04035177454352379,2,0.8884811929519713,churn_risk,bluesky,8,0,3
12023,0.32417336106300354,0.5023332238197327,0.173493430018425,2,1.0,passive_browsing,bluesky,10,2,5
12024,0.9193299412727356,0.07343252003192902,0.007237502373754978,2,0.8906768347139343,churn_risk,bluesky,4,0,3
12025,0.9447225332260132,0.05054605379700661,0.004731324035674334,-1,0.0,churn_risk,bluesky,2,1,8
12026,0.9242864847183228,0.06928899884223938,0.006424448918551207,2,1.0,churn_risk,bluesky,3,0,3
12027,0.3974241316318512,0.4315297603607178,0.17104613780975342,-1,0.0,passive_browsing,bluesky,0,0,4
12028,0.9240921139717102,0.07100500911474228,0.00490290392190218,2,1.0,churn_risk,bluesky,0,0,2
12029,0.8107789754867554,0.17406393587589264,0.015156978741288185,43,1.0,churn_risk,bluesky,0,1,4
12030,0.8852442502975464,0.1086806058883667,0.006075102835893631,2,1.0,churn_risk,bluesky,0,0,3
12031,0.929861843585968,0.06377775967121124,0.006360427010804415,-1,0.0,churn_risk,bluesky,0,0,4
12032,0.4158201515674591,0.5521043539047241,0.03207556530833244,2,1.0,passive_browsing,bluesky,2,0,3
12033,0.9296963214874268,0.06459571421146393,0.005707974545657635,2,1.0,churn_risk,bluesky,0,0,4
12034,0.7642123699188232,0.21256154775619507,0.02322608232498169,2,0.8603973819110937,churn_risk,bluesky,8,1,4
12035,0.5808793902397156,0.3244284987449646,0.09469211101531982,2,1.0,churn_risk,bluesky,34,12,3
12036,0.8717292547225952,0.12045437842607498,0.00781631376594305,-1,0.0,churn_risk,bluesky,92,36,3
12037,0.527679979801178,0.4354320764541626,0.03688797727227211,2,1.0,churn_risk,bluesky,2,0,3
12039,0.5825273990631104,0.3355540633201599,0.08191850781440735,2,1.0,churn_risk,bluesky,1,0,3
12040,0.8416314721107483,0.15092889964580536,0.007439734879881144,12,0.5279012964709875,churn_risk,bluesky,326,48,4
12042,0.8595040440559387,0.13229264318943024,0.008203352801501751,2,1.0,churn_risk,bluesky,0,1,4
12043,0.9143374562263489,0.07800927758216858,0.007653305772691965,2,1.0,churn_risk,bluesky,2,0,3
12044,0.9185455441474915,0.07452577352523804,0.00692864041775465,2,1.0,churn_risk,bluesky,2,0,3
12045,0.3586448132991791,0.2910936772823334,0.35026153922080994,2,1.0,churn_risk,bluesky,0,0,4
12046,0.731801450252533,0.25892865657806396,0.009269824251532555,-1,0.0,churn_risk,bluesky,1331,294,5
12047,0.8276757001876831,0.15826751291751862,0.01405683159828186,2,1.0,churn_risk,bluesky,5,0,3
12048,0.9273916482925415,0.06750901788473129,0.005099296569824219,2,1.0,churn_risk,bluesky,5,1,3
12049,0.22108884155750275,0.594734251499176,0.18417686223983765,2,1.0,passive_browsing,bluesky,1,0,3
12050,0.17045703530311584,0.7575463652610779,0.07199658453464508,2,1.0,passive_browsing,bluesky,2,0,2
12051,0.6834249496459961,0.2784784436225891,0.03809666633605957,-1,0.0,churn_risk,bluesky,0,0,3
12052,0.023278014734387398,0.9476145505905151,0.029107432812452316,2,1.0,passive_browsing,bluesky,0,0,3
12053,0.7573673129081726,0.22332875430583954,0.019303860142827034,2,1.0,churn_risk,bluesky,16,5,2
12054,0.2308402955532074,0.7285110950469971,0.040648531168699265,-1,0.0,passive_browsing,bluesky,0,0,3
12055,0.8096017241477966,0.17875169217586517,0.011646589264273643,2,1.0,churn_risk,bluesky,4,1,4
12056,0.7942917943000793,0.19300033152103424,0.012707878835499287,2,0.8997325167004427,churn_risk,bluesky,0,1,3
12057,0.07206210494041443,0.6664347052574158,0.2615031898021698,2,1.0,passive_browsing,bluesky,0,0,3
12058,0.7439887523651123,0.23836813867092133,0.01764308474957943,2,1.0,churn_risk,bluesky,5,0,4
12059,0.9169836640357971,0.07789788395166397,0.005118429660797119,-1,0.0,churn_risk,bluesky,2,1,3
12061,0.8692574501037598,0.12276103347539902,0.007981467992067337,2,1.0,churn_risk,bluesky,163,57,4
12062,0.9170831441879272,0.07678012549877167,0.006136695388704538,2,1.0,churn_risk,bluesky,0,1,3
12063,0.8149096369743347,0.16977664828300476,0.015313705429434776,2,1.0,churn_risk,bluesky,3,0,2
12064,0.032880980521440506,0.18958361446857452,0.7775353193283081,-1,0.0,purchase_intent,bluesky,0,0,6
12065,0.8891403675079346,0.10228590667247772,0.008573699742555618,2,1.0,churn_risk,bluesky,0,1,3
12066,0.8148433566093445,0.14796344935894012,0.037193093448877335,-1,0.0,churn_risk,bluesky,0,0,4
12067,0.13648134469985962,0.803804337978363,0.05971435457468033,2,1.0,passive_browsing,bluesky,1,0,1
12068,0.8092949390411377,0.17742370069026947,0.01328143011778593,2,0.8146936501828405,churn_risk,bluesky,0,1,3
12069,0.6600725650787354,0.3205537796020508,0.01937371864914894,2,1.0,churn_risk,bluesky,1,0,3
12070,0.9425713419914246,0.04988490790128708,0.007543698884546757,2,1.0,churn_risk,bluesky,0,0,3
12071,0.28609129786491394,0.6494261622428894,0.06448250263929367,2,1.0,passive_browsing,bluesky,0,0,3
12072,0.8969064354896545,0.09513385593891144,0.007959786802530289,2,1.0,churn_risk,bluesky,1,0,5
12073,0.27251192927360535,0.591978132724762,0.13550995290279388,2,1.0,passive_browsing,bluesky,1,1,5
12074,0.9299290180206299,0.06264550238847733,0.007425488904118538,2,0.9827957866933552,churn_risk,bluesky,3,2,3
12075,0.2389388233423233,0.7395663857460022,0.021494774147868156,2,1.0,passive_browsing,bluesky,0,1,3
12076,0.8908423185348511,0.10219010710716248,0.006967531982809305,-1,0.0,churn_risk,bluesky,3,1,4
12077,0.6885414719581604,0.2887418568134308,0.022716699168086052,-1,0.0,churn_risk,bluesky,1,1,8
12078,0.9355067014694214,0.057398661971092224,0.007094596512615681,2,1.0,churn_risk,bluesky,0,1,3
12079,0.03244037926197052,0.10194382071495056,0.8656157851219177,-1,0.0,purchase_intent,bluesky,1,0,3
12080,0.8688639998435974,0.10916417837142944,0.02197181060910225,-1,0.0,churn_risk,bluesky,0,0,3
12081,0.09542524069547653,0.7352093458175659,0.16936540603637695,2,1.0,passive_browsing,bluesky,2,2,1
12082,0.8859701156616211,0.10734906792640686,0.006680889520794153,2,1.0,churn_risk,bluesky,5,1,3
12083,0.5110257267951965,0.47385430335998535,0.015120015479624271,-1,0.0,churn_risk,bluesky,1,1,3
12084,0.5421052575111389,0.3905082643032074,0.0673864483833313,2,1.0,churn_risk,bluesky,1,0,2
12085,0.8463218808174133,0.14464879035949707,0.00902932696044445,2,1.0,churn_risk,bluesky,0,0,3
12086,0.26317644119262695,0.4716929495334625,0.26513051986694336,2,1.0,passive_browsing,bluesky,0,1,3
12087,0.0145466523244977,0.756702721118927,0.22875069081783295,0,1.0,passive_browsing,bluesky,0,0,6
12088,0.007886628620326519,0.4603560268878937,0.5317573547363281,-1,0.0,passive_browsing,bluesky,0,0,5
12089,0.02503615990281105,0.810447096824646,0.16451673209667206,-1,0.0,passive_browsing,bluesky,3,3,1
12090,0.01321449689567089,0.8287255167961121,0.15806004405021667,10,0.6055290844797186,passive_browsing,bluesky,0,0,1
12091,0.0075348676182329655,0.3610779345035553,0.6313872337341309,10,0.8591834375656271,passive_browsing,bluesky,0,0,1
12092,0.0045348601415753365,0.4441516101360321,0.5513135194778442,1,0.5537470885318336,passive_browsing,bluesky,0,0,3
12093,0.0031693351920694113,0.36799952387809753,0.628831148147583,-1,0.0,passive_browsing,bluesky,0,0,5
12094,0.013933664187788963,0.6504290103912354,0.33563733100891113,0,1.0,passive_browsing,bluesky,0,0,5
12095,0.10478343814611435,0.8082728981971741,0.0869436115026474,-1,0.0,passive_browsing,bluesky,0,0,5
12096,0.0028860874008387327,0.09534570574760437,0.9017682671546936,41,1.0,purchase_intent,bluesky,0,0,3
12098,0.0066916802898049355,0.7285603880882263,0.26474788784980774,-1,0.0,passive_browsing,bluesky,0,0,4
12099,0.004093872383236885,0.07613138854503632,0.9197747707366943,-1,0.0,purchase_intent,bluesky,0,0,3
12100,0.005242101848125458,0.16805773973464966,0.8267001509666443,0,0.5341169249692611,purchase_intent,bluesky,1,0,4
12102,0.00544253783300519,0.5120992064476013,0.4824582636356354,41,1.0,passive_browsing,bluesky,0,0,3
12103,0.006676946301013231,0.7068458199501038,0.2864772081375122,-1,0.0,passive_browsing,bluesky,1,0,4
12104,0.02569745108485222,0.6816355586051941,0.2926670014858246,-1,0.0,passive_browsing,bluesky,1,0,5
12105,0.005575825925916433,0.18005183339118958,0.8143723607063293,0,0.9711546300544991,purchase_intent,bluesky,0,0,3
12106,0.046220555901527405,0.7817234396934509,0.17205597460269928,41,0.922924508819489,passive_browsing,bluesky,0,0,4
12107,0.004226729739457369,0.14143353700637817,0.8543397188186646,41,1.0,purchase_intent,bluesky,0,1,3
12108,0.004994611721485853,0.27231624722480774,0.7226890921592712,-1,0.0,purchase_intent,bluesky,1,0,4
12109,0.020719774067401886,0.8005669116973877,0.1787133514881134,-1,0.0,passive_browsing,bluesky,0,0,4
12110,0.011906559579074383,0.8327745795249939,0.15531890094280243,41,1.0,passive_browsing,bluesky,0,1,3
12111,0.004473079927265644,0.1090010330080986,0.8865259289741516,-1,0.0,purchase_intent,bluesky,1,0,7
12112,0.00580592080950737,0.12637512385845184,0.8678189516067505,41,1.0,purchase_intent,bluesky,0,0,4
12113,0.005302514880895615,0.12371814996004105,0.870979368686676,41,1.0,purchase_intent,bluesky,0,0,4
12114,0.010119864717125893,0.5290105938911438,0.46086952090263367,10,0.19076406871521834,passive_browsing,bluesky,1,0,2
12115,0.0020845166873186827,0.06906736642122269,0.928848147392273,0,0.7862901060550546,purchase_intent,bluesky,3,0,3
12118,0.026640722528100014,0.7135644555091858,0.25979486107826233,-1,0.0,passive_browsing,bluesky,1,2,1
12119,0.03915182873606682,0.8494749665260315,0.1113731637597084,0,0.33168858671547097,passive_browsing,bluesky,1,1,5
12120,0.010787159204483032,0.3811342418193817,0.6080785393714905,0,1.0,passive_browsing,bluesky,0,0,2
12121,0.012107821181416512,0.7427425980567932,0.24514949321746826,0,0.9040588095671005,passive_browsing,bluesky,2,1,3
12123,0.010668590664863586,0.23064780235290527,0.7586835622787476,-1,0.0,purchase_intent,bluesky,40,6,4
12124,0.005811401642858982,0.25071001052856445,0.7434785962104797,-1,0.0,purchase_intent,bluesky,0,0,3
12125,0.6222842335700989,0.3010200262069702,0.0766957476735115,5,0.7350405954988247,passive_browsing,bluesky,2,2,6
12126,0.005578221753239632,0.038387481123209,0.956034243106842,-1,0.0,purchase_intent,bluesky,2,1,4
12127,0.08576016873121262,0.7484059929847717,0.16583384573459625,-1,0.0,passive_browsing,bluesky,1,0,5
12128,0.24750611186027527,0.6768843531608582,0.07560952752828598,9,0.5680636848234898,passive_browsing,bluesky,5,4,5
12129,0.39283162355422974,0.5229583978652954,0.08420997858047485,-1,0.0,passive_browsing,bluesky,3,1,6
12130,0.017076043412089348,0.14310157299041748,0.8398224115371704,-1,0.0,purchase_intent,bluesky,1,0,4
12131,0.003127919975668192,0.10372702777385712,0.8931450843811035,16,0.9017325670965973,purchase_intent,bluesky,0,0,3
12132,0.05732332542538643,0.48721179366111755,0.4554648697376251,30,0.2583625936185393,passive_browsing,bluesky,7,5,3
12133,0.022642729803919792,0.6170904040336609,0.3602668344974518,0,1.0,passive_browsing,bluesky,2,2,4
12134,0.020005235448479652,0.22763146460056305,0.7523633241653442,0,1.0,purchase_intent,bluesky,1,0,3
12135,0.028510265052318573,0.6911659836769104,0.28032374382019043,5,1.0,passive_browsing,bluesky,15,1,5
12136,0.0018433069344609976,0.10458972305059433,0.893566906452179,16,1.0,purchase_intent,bluesky,2,0,3
12137,0.004767191596329212,0.04318729415535927,0.9520455002784729,3,0.5620401078032059,purchase_intent,bluesky,3,1,4
12138,0.023824432864785194,0.3977299630641937,0.5784456133842468,16,0.9524097554076699,purchase_intent,bluesky,0,0,3
12139,0.30772334337234497,0.595474898815155,0.09680172055959702,-1,0.0,passive_browsing,bluesky,3,0,5
12140,0.5158900618553162,0.3597002327442169,0.12440966814756393,3,0.9071643433088724,passive_browsing,bluesky,2,0,4
12141,0.041336413472890854,0.9170280694961548,0.041635505855083466,14,0.9021560583599175,passive_browsing,bluesky,2,1,3
12142,0.7574681639671326,0.19712887704372406,0.04540293663740158,-1,0.0,churn_risk,bluesky,0,0,3
12143,0.5749927759170532,0.3541833460330963,0.07082390040159225,41,0.7912889955210793,passive_browsing,bluesky,3,2,4
12144,0.8637403249740601,0.1252417117357254,0.011017967015504837,9,0.5672570179050418,churn_risk,bluesky,1,0,3
12145,0.5408347249031067,0.4195021390914917,0.039663176983594894,-1,0.0,passive_browsing,bluesky,1,1,5
12146,0.038133639842271805,0.36183294653892517,0.6000334024429321,-1,0.0,purchase_intent,bluesky,0,0,4
12147,0.09564997255802155,0.7625082731246948,0.1418418288230896,3,0.5261698659949868,passive_browsing,bluesky,0,0,4
12148,0.0942377969622612,0.7620914578437805,0.14367079734802246,-1,0.0,passive_browsing,bluesky,2,2,3
12149,0.21436771750450134,0.5620456337928772,0.22358664870262146,17,0.22760532302058606,passive_browsing,bluesky,4,2,4
12150,0.16345995664596558,0.6209319233894348,0.21560809016227722,-1,0.0,passive_browsing,bluesky,0,1,5
12151,0.007985519245266914,0.6633341908454895,0.32868021726608276,-1,0.0,passive_browsing,bluesky,4,1,3
12152,0.9557614922523499,0.037769515067338943,0.006468874402344227,0,1.0,churn_risk,bluesky,2,4,5
12153,0.06188551336526871,0.3047877550125122,0.6333267092704773,-1,0.0,purchase_intent,bluesky,3,1,3
12154,0.25232911109924316,0.6777881383895874,0.06988275796175003,0,1.0,passive_browsing,bluesky,1,1,3
12155,0.10613969713449478,0.4070901870727539,0.4867701828479767,17,0.4780970641460842,purchase_intent,bluesky,3,1,5
12156,0.040838342159986496,0.8425377011299133,0.11662398278713226,0,1.0,passive_browsing,bluesky,1,3,3
12157,0.078751340508461,0.1899976283311844,0.7312510013580322,3,0.6202265752577714,purchase_intent,bluesky,4,0,3
12158,0.14202363789081573,0.5513137578964233,0.3066626191139221,3,0.544642695257335,passive_browsing,bluesky,1,1,5
12159,0.002817707834765315,0.03813045844435692,0.9590518474578857,42,0.9867191494906807,purchase_intent,bluesky,2,1,2
12160,0.5123608112335205,0.3449333608150482,0.14270588755607605,-1,0.0,churn_risk,bluesky,3,1,3
12163,0.003964424133300781,0.24033963680267334,0.7556959390640259,22,0.734585510369261,purchase_intent,bluesky,0,0,6
12165,0.014770541340112686,0.9375235438346863,0.04770595580339432,2,1.0,passive_browsing,bluesky,0,0,5
12166,0.0054795220494270325,0.6762887835502625,0.3182317316532135,-1,0.0,passive_browsing,bluesky,1,1,1
12167,0.002265418414026499,0.06627137213945389,0.9314632415771484,16,0.8344548670591838,purchase_intent,bluesky,10,2,1
12168,0.0024740113876760006,0.039115265011787415,0.9584107398986816,-1,0.0,purchase_intent,bluesky,2,0,1
12169,0.8826113343238831,0.10766982287168503,0.009718822315335274,3,0.862663934314995,churn_risk,bluesky,6,2,4
12170,0.014308000914752483,0.9027735590934753,0.08291840553283691,-1,0.0,passive_browsing,bluesky,2,0,4
12171,0.2535243332386017,0.6661873459815979,0.08028824627399445,1,0.5062380917194985,passive_browsing,bluesky,0,0,5
12172,0.40149596333503723,0.5378183722496033,0.060685571283102036,-1,0.0,passive_browsing,bluesky,0,3,5
12174,0.00419102655723691,0.3831990659236908,0.6126099228858948,-1,0.0,passive_browsing,bluesky,0,0,8
12175,0.06501005589962006,0.8673475980758667,0.06764236092567444,-1,0.0,passive_browsing,bluesky,1,0,5
12176,0.035249263048172,0.8716563582420349,0.09309445321559906,11,0.9709972278235954,passive_browsing,bluesky,0,1,4
12177,0.010700700804591179,0.5219805240631104,0.46731874346733093,0,0.7089080101495642,passive_browsing,bluesky,0,0,7
12178,0.8062965869903564,0.18221764266490936,0.011485857889056206,-1,0.0,churn_risk,bluesky,372,77,9
12179,0.010995816439390182,0.9306738376617432,0.05833032354712486,-1,0.0,passive_browsing,bluesky,0,0,5
12180,0.038384631276130676,0.8660523295402527,0.09556298702955246,-1,0.0,passive_browsing,bluesky,2,0,6
12183,0.010076009668409824,0.6944915652275085,0.2954323887825012,-1,0.0,passive_browsing,bluesky,0,0,6
12184,0.023017629981040955,0.8774926066398621,0.09948970377445221,0,0.90034882976753,passive_browsing,bluesky,0,0,4
12185,0.012997664511203766,0.7583119869232178,0.22869035601615906,0,1.0,passive_browsing,bluesky,0,0,7
12186,0.007991891354322433,0.5991904139518738,0.39281773567199707,0,0.813723593255718,passive_browsing,bluesky,0,0,9
12187,0.25904297828674316,0.6136357188224792,0.127321258187294,-1,0.0,passive_browsing,bluesky,0,0,5
12188,0.3067658841609955,0.6455897092819214,0.04764441400766373,1,0.5939145087191207,passive_browsing,bluesky,67,12,4
12189,0.007434268482029438,0.41145986318588257,0.5811058878898621,0,1.0,passive_browsing,bluesky,0,0,6
12190,0.1498349905014038,0.7616760730743408,0.08848892897367477,0,1.0,passive_browsing,bluesky,0,0,6
12191,0.27306705713272095,0.649666965007782,0.07726606726646423,0,1.0,passive_browsing,bluesky,0,0,8
12192,0.40155234932899475,0.5765655040740967,0.02188221551477909,0,1.0,passive_browsing,bluesky,0,0,3
12193,0.003935109358280897,0.08998702466487885,0.9060778021812439,-1,0.0,purchase_intent,bluesky,0,0,9
12194,0.3340081572532654,0.6196502447128296,0.04634156823158264,14,1.0,passive_browsing,bluesky,0,1,4
12196,0.0028909780085086823,0.18952354788780212,0.8075854182243347,-1,0.0,purchase_intent,bluesky,0,0,9
12197,0.1307215392589569,0.7876041531562805,0.08167429268360138,-1,0.0,passive_browsing,bluesky,1,0,4
12198,0.040024735033512115,0.7793787121772766,0.18059656023979187,0,0.8602122522536121,passive_browsing,bluesky,0,1,8
12199,0.002835063962265849,0.09728941321372986,0.8998755216598511,0,1.0,purchase_intent,bluesky,0,0,4
12201,0.6886109709739685,0.26908648014068604,0.042302533984184265,-1,0.0,passive_browsing,bluesky,11,5,4
12202,0.3126274645328522,0.6475009322166443,0.039871539920568466,0,0.7732995320788731,passive_browsing,bluesky,10,1,5
12203,0.3758489191532135,0.532402753829956,0.09174825996160507,0,0.324775057652611,passive_browsing,bluesky,0,0,9
12204,0.00600464129820466,0.1980276107788086,0.795967698097229,0,0.35611701112605254,purchase_intent,bluesky,0,1,6
12205,0.06293050199747086,0.8258832097053528,0.11118625104427338,14,1.0,passive_browsing,bluesky,0,1,4
12206,0.5924370288848877,0.3095785677433014,0.09798436611890793,0,0.5634621522257044,passive_browsing,bluesky,3,0,5
12207,0.7198899984359741,0.26756930351257324,0.012540707364678383,-1,0.0,churn_risk,bluesky,0,0,4
12208,0.05172936990857124,0.8977311253547668,0.050539471209049225,0,0.6628212384793877,passive_browsing,bluesky,0,0,7
12209,0.45347800850868225,0.5041264295578003,0.042395588010549545,-1,0.0,passive_browsing,bluesky,658,29,6
12210,0.00830996222794056,0.43808889389038086,0.5536011457443237,0,0.8558573483133571,passive_browsing,bluesky,1,0,7
12211,0.006154436618089676,0.6177363991737366,0.37610918283462524,0,0.6828716300440224,passive_browsing,bluesky,3,0,5
12216,0.014785286039113998,0.7284138202667236,0.25680088996887207,-1,0.0,passive_browsing,bluesky,0,0,6
12217,0.0030520970467478037,0.1784437745809555,0.8185040950775146,41,1.0,purchase_intent,bluesky,1,0,8
12218,0.4012419581413269,0.5722108483314514,0.026547178626060486,0,0.3757578875261299,passive_browsing,bluesky,2,0,5
12219,0.01606155000627041,0.8805471062660217,0.10339125245809555,0,1.0,passive_browsing,bluesky,1,1,6
12220,0.7448887825012207,0.23648753762245178,0.018623733893036842,-1,0.0,churn_risk,bluesky,0,0,3
12221,0.30136871337890625,0.6717360019683838,0.026895370334386826,0,0.813723593255718,passive_browsing,bluesky,0,0,3
12222,0.0048678237944841385,0.20445452630519867,0.7906776070594788,0,0.4531984600684036,purchase_intent,bluesky,5,2,8
12224,0.6580495834350586,0.3029230237007141,0.039027392864227295,0,0.6755951135276916,passive_browsing,bluesky,0,0,6
12225,0.06477817893028259,0.7478037476539612,0.18741801381111145,-1,0.0,passive_browsing,bluesky,0,0,6
12226,0.04175899550318718,0.890604555606842,0.0676363930106163,-1,0.0,passive_browsing,bluesky,1,0,6
12227,0.0046523138880729675,0.13624154031276703,0.8591061234474182,0,1.0,purchase_intent,bluesky,0,0,8
12228,0.4159412384033203,0.5334879159927368,0.05057089030742645,-1,0.0,passive_browsing,bluesky,2,1,4
12229,0.4970436096191406,0.47200480103492737,0.030951572582125664,-1,0.0,passive_browsing,bluesky,2,2,4
12230,0.09887128323316574,0.4263025224208832,0.4748261868953705,-1,0.0,purchase_intent,bluesky,7,4,5
12231,0.9109928607940674,0.07909929007291794,0.00990791991353035,-1,0.0,churn_risk,bluesky,0,0,6
12232,0.06369021534919739,0.8747376203536987,0.06157209724187851,0,1.0,passive_browsing,bluesky,1,1,6
12233,0.1447625607252121,0.7996110320091248,0.05562637746334076,-1,0.0,passive_browsing,bluesky,0,1,12
12234,0.0024748817086219788,0.11915221065282822,0.8783729076385498,0,0.892473634937396,purchase_intent,bluesky,0,0,7
12235,0.3092910051345825,0.5931315422058105,0.09757747501134872,-1,0.0,passive_browsing,bluesky,1,0,6
12236,0.013277819380164146,0.24748973548412323,0.7392324209213257,0,0.8023596162409602,purchase_intent,bluesky,2,1,4
12237,0.16728299856185913,0.49531814455986023,0.33739885687828064,-1,0.0,passive_browsing,bluesky,3,1,7
12238,0.049975935369729996,0.8595330119132996,0.09049105644226074,-1,0.0,passive_browsing,bluesky,1,1,5
12239,0.006225948687642813,0.4908379018306732,0.5029361844062805,0,0.46202324681957013,passive_browsing,bluesky,2,0,8
12240,0.006505301687866449,0.16614052653312683,0.8273541927337646,-1,0.0,purchase_intent,bluesky,0,1,6
12242,0.10488143563270569,0.8144500255584717,0.08066845685243607,0,0.6100239758616951,passive_browsing,bluesky,3,1,5
12243,0.0016896403394639492,0.008757145144045353,0.9895532131195068,-1,0.0,purchase_intent,bluesky,23,4,5
12244,0.8997554183006287,0.08865755051374435,0.011587039567530155,-1,0.0,churn_risk,bluesky,1,0,4
12245,0.0028395436238497496,0.1306772530078888,0.8664832711219788,22,1.0,purchase_intent,bluesky,0,0,4
12246,0.7398890256881714,0.24878883361816406,0.01132221706211567,3,0.5616247410957759,churn_risk,bluesky,1,1,6
12247,0.026062732562422752,0.8916124105453491,0.0823248103260994,-1,0.0,passive_browsing,bluesky,0,1,2
12248,0.6165168881416321,0.36637091636657715,0.01711224392056465,-1,0.0,passive_browsing,bluesky,0,1,4
12249,0.14253468811511993,0.7722088098526001,0.08525638282299042,-1,0.0,passive_browsing,bluesky,1,0,4
12250,0.3089812994003296,0.6545429825782776,0.03647565096616745,-1,0.0,passive_browsing,bluesky,0,1,4
12251,0.5512511134147644,0.41224777698516846,0.03650110214948654,3,0.8066037615793245,passive_browsing,bluesky,8,0,1
12252,0.08744625747203827,0.7259082794189453,0.1866454780101776,3,0.9035285331268018,passive_browsing,bluesky,1,0,5
12254,0.25601932406425476,0.36622294783592224,0.377757728099823,-1,0.0,passive_browsing,bluesky,1,0,3
12255,0.003744164016097784,0.11615556478500366,0.8801002502441406,16,0.9937326560998859,purchase_intent,bluesky,0,1,4
12256,0.002154409885406494,0.013364780694246292,0.9844807386398315,-1,0.0,purchase_intent,bluesky,3,0,3
12257,0.02950359508395195,0.40391549468040466,0.5665808320045471,-1,0.0,purchase_intent,bluesky,0,2,7
12258,0.03433569148182869,0.8988884687423706,0.06677579879760742,3,0.915627601417058,passive_browsing,bluesky,4,1,3
12260,0.0027915516402572393,0.010425812564790249,0.9867826700210571,-1,0.0,purchase_intent,bluesky,2,0,1
12261,0.008830311708152294,0.8244661092758179,0.16670356690883636,6,0.088012609913692,passive_browsing,bluesky,3,1,3
12262,0.02780909650027752,0.5329293012619019,0.43926164507865906,-1,0.0,passive_browsing,bluesky,1,0,1
12263,0.02986775152385235,0.09533733129501343,0.8747949004173279,-1,0.0,purchase_intent,bluesky,6,0,4
12264,0.7565865516662598,0.2158910483121872,0.027522431686520576,-1,0.0,churn_risk,bluesky,11,1,7
12266,0.0019469524268060923,0.025128014385700226,0.9729250073432922,0,0.8745239318866275,purchase_intent,bluesky,0,0,6
12268,0.06818334013223648,0.7242148518562317,0.207601860165596,-1,0.0,passive_browsing,bluesky,1,1,4
12269,0.02123628556728363,0.7892420291900635,0.1895216554403305,3,0.7760551131833006,passive_browsing,bluesky,8,3,4
12270,0.0015589260729029775,0.032495319843292236,0.9659457206726074,-1,0.0,purchase_intent,bluesky,1,0,2
12271,0.8237967491149902,0.16674113273620605,0.00946207344532013,3,0.5675882524486974,churn_risk,bluesky,3,0,3
12272,0.004501751624047756,0.12558747828006744,0.8699107766151428,-1,0.0,purchase_intent,bluesky,0,0,4
12273,0.007593450136482716,0.7451545596122742,0.247251957654953,22,0.7525180109436032,passive_browsing,bluesky,1,0,2
12274,0.9338197112083435,0.06055092439055443,0.005629293154925108,-1,0.0,churn_risk,bluesky,2,1,3
12275,0.022413233295083046,0.7807994484901428,0.19678731262683868,36,1.0,passive_browsing,bluesky,0,1,1
12277,0.10531800985336304,0.669269323348999,0.22541265189647675,-1,0.0,passive_browsing,bluesky,0,0,4
12278,0.007914472371339798,0.1397787481546402,0.8523067831993103,-1,0.0,purchase_intent,bluesky,0,0,3
12279,0.2435740977525711,0.6415189504623413,0.1149069294333458,42,1.0,passive_browsing,bluesky,0,1,1
12280,0.11984048783779144,0.7787833213806152,0.10137613862752914,-1,0.0,passive_browsing,bluesky,5,1,1
12281,0.019155466929078102,0.10941793024539948,0.8714266419410706,40,0.7386039045104689,purchase_intent,bluesky,3,0,1
12282,0.0024175425060093403,0.018526585772633553,0.9790558218955994,-1,0.0,purchase_intent,bluesky,0,0,3
12283,0.09731730818748474,0.7234739661216736,0.17920882999897003,16,1.0,passive_browsing,bluesky,0,0,3
12284,0.0013902706559747458,0.06128012761473656,0.9373295903205872,16,1.0,purchase_intent,bluesky,1,1,6
12285,0.031850334256887436,0.15384578704833984,0.8143039345741272,-1,0.0,purchase_intent,bluesky,6,0,4
12286,0.016362639144062996,0.49729564785957336,0.4863417446613312,-1,0.0,passive_browsing,bluesky,0,0,5
12287,0.002187746576964855,0.15594340860843658,0.8418688178062439,12,0.31646534043995445,purchase_intent,bluesky,1,0,4
12288,0.0052274069748818874,0.05542445555329323,0.9393481016159058,-1,0.0,purchase_intent,bluesky,7,0,2
12289,0.0014001353411003947,0.06063459813594818,0.9379652738571167,-1,0.0,purchase_intent,bluesky,10,3,3
12290,0.00300923571921885,0.11630547791719437,0.8806852698326111,22,0.878447299172778,purchase_intent,bluesky,9,5,4
12291,0.08568848669528961,0.43001338839530945,0.48429811000823975,-1,0.0,purchase_intent,bluesky,1,2,6
12292,0.008467040956020355,0.8677964210510254,0.12373656034469604,22,0.8063668401564924,passive_browsing,bluesky,1,1,2
12293,0.11543121188879013,0.8138753771781921,0.07069338858127594,4,1.0,passive_browsing,bluesky,0,0,3
12294,0.010731392540037632,0.8490946888923645,0.14017395675182343,0,0.7411264258189516,passive_browsing,bluesky,28,6,5
12295,0.0038711470551788807,0.148254856467247,0.8478739261627197,0,0.9983471892487342,purchase_intent,bluesky,0,0,5
12296,0.003853090573102236,0.1803269386291504,0.8158199787139893,-1,0.0,purchase_intent,bluesky,2,0,4
12297,0.0018260497599840164,0.038053762167692184,0.9601202607154846,11,1.0,purchase_intent,bluesky,20,8,2
12298,0.006650025025010109,0.7270829081535339,0.26626700162887573,22,0.7749763143144933,passive_browsing,bluesky,1,0,2
12299,0.011426457203924656,0.6408149003982544,0.3477587103843689,-1,0.0,passive_browsing,bluesky,23,10,3
12300,0.0035704041365534067,0.16667506098747253,0.8297544717788696,-1,0.0,purchase_intent,bluesky,1,0,4
12301,0.08187995851039886,0.8508080840110779,0.06731193512678146,9,0.5422396849136961,passive_browsing,bluesky,0,1,4
12302,0.007332953158766031,0.7278112173080444,0.26485589146614075,22,0.8547542638485122,passive_browsing,bluesky,1,0,2
12303,0.0033956251572817564,0.08554583787918091,0.9110585451126099,-1,0.0,purchase_intent,bluesky,17,4,3
12304,0.13603073358535767,0.7673664093017578,0.09660286456346512,-1,0.0,passive_browsing,bluesky,2,0,3
12305,0.012990107759833336,0.1427280753850937,0.8442818522453308,0,0.6744116047323911,purchase_intent,bluesky,0,1,4
12306,0.0034184909891337156,0.01985970139503479,0.9767217636108398,-1,0.0,purchase_intent,bluesky,2,1,4
12307,0.0015943534672260284,0.007111687213182449,0.9912939667701721,16,0.9349008658989422,purchase_intent,bluesky,2,1,6
12308,0.012504121288657188,0.5779239535331726,0.40957191586494446,-1,0.0,passive_browsing,bluesky,0,0,3
12309,0.012997172772884369,0.12402033805847168,0.862982451915741,-1,0.0,purchase_intent,bluesky,0,0,4
12311,0.010475661605596542,0.8057640194892883,0.18376022577285767,-1,0.0,passive_browsing,bluesky,4,1,1
12313,0.0016772971721366048,0.008414257317781448,0.9899084568023682,16,1.0,purchase_intent,bluesky,1,0,5
12315,0.10463259369134903,0.8576205372810364,0.03774692863225937,4,0.3959916500750742,passive_browsing,bluesky,0,0,2
12316,0.004191679414361715,0.011457059532403946,0.9843512773513794,-1,0.0,purchase_intent,bluesky,11,1,3
12317,0.589038610458374,0.3725776970386505,0.038383737206459045,-1,0.0,passive_browsing,bluesky,27,7,1
12318,0.7568842768669128,0.2221354842185974,0.02098025754094124,0,0.7708652625447797,churn_risk,bluesky,1,0,3
12319,0.021392110735177994,0.5587124824523926,0.4198954105377197,16,1.0,passive_browsing,bluesky,1,1,2
12320,0.6644708514213562,0.29180923104286194,0.04371991381049156,3,0.6124843167399058,passive_browsing,bluesky,0,1,3
12321,0.8773093223571777,0.11199343204498291,0.01069724652916193,3,0.9223230508390131,churn_risk,bluesky,1,0,3
12322,0.7333512902259827,0.23659299314022064,0.030055688694119453,-1,0.0,churn_risk,bluesky,5,0,3
12323,0.06414656341075897,0.6448606252670288,0.2909928560256958,3,1.0,passive_browsing,bluesky,0,1,4
12324,0.32985326647758484,0.3081240952014923,0.36202266812324524,3,1.0,passive_browsing,bluesky,403,105,1
12325,0.6781244277954102,0.29030436277389526,0.031571269035339355,3,0.7991143339379404,passive_browsing,bluesky,2,1,3
12326,0.6912937164306641,0.2524077296257019,0.056298498064279556,3,0.7512681464510877,passive_browsing,bluesky,4,1,4
12327,0.8620878458023071,0.12961088120937347,0.008301238529384136,3,1.0,churn_risk,bluesky,1,1,3
12328,0.02487064152956009,0.3905870020389557,0.5845423340797424,-1,0.0,passive_browsing,bluesky,3,2,3
12329,0.7811678051948547,0.18469031155109406,0.03414187207818031,3,0.9434408798372391,churn_risk,bluesky,7,3,3
12331,0.1467878371477127,0.6893116235733032,0.16390053927898407,-1,0.0,passive_browsing,bluesky,0,1,4
12332,0.033015184104442596,0.6987948417663574,0.2681899666786194,3,0.7065284592552267,passive_browsing,bluesky,3,1,3
12333,0.09162440896034241,0.2744266092777252,0.6339490413665771,3,0.5640574689172354,passive_browsing,bluesky,4,2,3
12336,0.6012517809867859,0.37564876675605774,0.02309942990541458,3,0.5680526037492826,passive_browsing,bluesky,0,0,3
12337,0.009873121045529842,0.915601909160614,0.07452500611543655,0,0.6612981765957638,passive_browsing,bluesky,0,0,1
12338,0.8820657730102539,0.09409252554178238,0.023841680958867073,3,0.7374365831717004,churn_risk,bluesky,0,0,5
12339,0.3206588923931122,0.543031632900238,0.13630951941013336,-1,0.0,passive_browsing,bluesky,2,0,2
12340,0.9206607937812805,0.07238134741783142,0.006957874167710543,3,1.0,churn_risk,bluesky,0,0,2
12341,0.06528707593679428,0.8614966869354248,0.0732162669301033,3,0.9575504238252472,passive_browsing,bluesky,2,0,1
12342,0.6727094650268555,0.2912853956222534,0.036005161702632904,3,1.0,passive_browsing,bluesky,1,1,3
12343,0.010264303535223007,0.46440601348876953,0.5253296494483948,3,0.786063813915945,purchase_intent,bluesky,0,0,5
12344,0.04209189489483833,0.34836962819099426,0.6095384359359741,3,0.9067360029630256,passive_browsing,bluesky,0,0,4
12345,0.12000035494565964,0.3855557143688202,0.49444398283958435,3,1.0,passive_browsing,bluesky,0,1,4
12346,0.6142701506614685,0.2564845681190491,0.12924528121948242,3,0.694755938828316,passive_browsing,bluesky,0,0,3
12348,0.006546015851199627,0.276970237493515,0.7164837121963501,3,0.7619283905555122,purchase_intent,bluesky,0,0,5
12349,0.1949099749326706,0.40532156825065613,0.39976850152015686,-1,0.0,passive_browsing,bluesky,7,0,5
12350,0.9495901465415955,0.044312041252851486,0.00609789602458477,-1,0.0,churn_risk,bluesky,3,0,1
12351,0.5130499601364136,0.4508146345615387,0.036135390400886536,-1,0.0,churn_risk,bluesky,1,0,1
12353,0.07196756452322006,0.8467501401901245,0.0812823697924614,-1,0.0,passive_browsing,bluesky,3,1,1
12354,0.9364686608314514,0.05314703285694122,0.010384374298155308,3,0.7702743945793904,churn_risk,bluesky,16,3,4
12355,0.1880386918783188,0.7680361270904541,0.0439252071082592,-1,0.0,passive_browsing,bluesky,2,0,1
12356,0.03525257110595703,0.8130229115486145,0.15172447264194489,-1,0.0,passive_browsing,bluesky,13,1,3
12357,0.008366981521248817,0.7409868836402893,0.2506461441516876,-1,0.0,passive_browsing,bluesky,0,0,3
12358,0.6344303488731384,0.3369697034358978,0.028599943965673447,3,1.0,passive_browsing,bluesky,15,1,3
12359,0.6473060250282288,0.3063821494579315,0.04631185904145241,3,0.7790332931426399,passive_browsing,bluesky,1,0,5
12361,0.5375881195068359,0.4374505579471588,0.024961289018392563,3,1.0,passive_browsing,bluesky,0,0,4
12362,0.9350883960723877,0.058610327541828156,0.006301200948655605,0,0.9610470834015069,churn_risk,bluesky,2,0,1
12363,0.3701583743095398,0.4779745936393738,0.1518670618534088,3,1.0,passive_browsing,bluesky,2,0,3
12364,0.7606448531150818,0.22433261573314667,0.015022563748061657,-1,0.0,churn_risk,bluesky,4,1,1
12365,0.6855959892272949,0.2981359362602234,0.016268104314804077,3,0.9118492254605207,passive_browsing,bluesky,52,9,6
12366,0.7832788825035095,0.18925324082374573,0.027467912063002586,3,0.8983603981953386,churn_risk,bluesky,0,1,3
12367,0.018983226269483566,0.8173975944519043,0.16361914575099945,3,0.6157111322747757,passive_browsing,bluesky,0,1,10
12368,0.6750657558441162,0.30941078066825867,0.015523424372076988,-1,0.0,passive_browsing,bluesky,1,0,4
12369,0.7289499640464783,0.2538130581378937,0.017237000167369843,3,1.0,churn_risk,bluesky,6,2,5
12370,0.9389557242393494,0.05387730896472931,0.007166957948356867,-1,0.0,churn_risk,bluesky,0,1,3
12371,0.7720558643341064,0.17248941957950592,0.055454641580581665,-1,0.0,churn_risk,bluesky,1,0,3
12372,0.950149655342102,0.04340595752000809,0.0064444164745509624,-1,0.0,churn_risk,bluesky,2,0,2
12373,0.8962714672088623,0.09453106671571732,0.009197467006742954,3,0.9917008183885866,churn_risk,bluesky,2,1,2
12374,0.011001594364643097,0.07915637642145157,0.9098420143127441,3,0.8861657651343867,purchase_intent,bluesky,1,0,3
12375,0.024446634575724602,0.2512659728527069,0.7242873907089233,3,1.0,purchase_intent,bluesky,0,1,3
12376,0.015460562892258167,0.7151564955711365,0.26938295364379883,13,0.12007068241973617,passive_browsing,bluesky,0,0,3
12379,0.9071927070617676,0.08592777699232101,0.006879504304379225,-1,0.0,churn_risk,bluesky,16,13,2
12380,0.004508018959313631,0.22695209085941315,0.7685398459434509,43,1.0,purchase_intent,bluesky,2,1,4
12381,0.3472781777381897,0.622956395149231,0.029765423387289047,3,1.0,passive_browsing,bluesky,0,1,3
12383,0.006851946469396353,0.10962262004613876,0.8835254907608032,3,0.7483061322662236,purchase_intent,bluesky,3,1,3
12384,0.16329871118068695,0.7259897589683533,0.1107114627957344,3,1.0,passive_browsing,bluesky,1,2,5
12385,0.005658259149640799,0.11692431569099426,0.8774174451828003,3,0.8655879944191187,purchase_intent,bluesky,1,1,3
12388,0.19215312600135803,0.722321629524231,0.08552528917789459,-1,0.0,passive_browsing,bluesky,1,0,4
12389,0.027003200724720955,0.6691926717758179,0.3038041293621063,3,1.0,passive_browsing,bluesky,0,1,4
12391,0.7975801825523376,0.1899600774049759,0.01245975960046053,3,1.0,churn_risk,bluesky,1,0,3
12392,0.06788290292024612,0.8171983361244202,0.11491866409778595,-1,0.0,passive_browsing,bluesky,9,8,1
12393,0.02461821399629116,0.7001395225524902,0.27524232864379883,-1,0.0,passive_browsing,bluesky,0,1,2
12394,0.008517005480825901,0.3754444420337677,0.6160385608673096,-1,0.0,passive_browsing,bluesky,0,1,2
12395,0.009321486577391624,0.38017117977142334,0.6105073690414429,-1,0.0,passive_browsing,bluesky,0,1,2
12396,0.561571478843689,0.4032900333404541,0.03513852879405022,3,1.0,passive_browsing,bluesky,0,0,6
12397,0.007702741771936417,0.27537745237350464,0.7169197797775269,-1,0.0,purchase_intent,bluesky,0,1,2
12398,0.4620618522167206,0.49695757031440735,0.04098055884242058,3,1.0,passive_browsing,bluesky,2,1,3
12400,0.026772774755954742,0.5904263257980347,0.38280096650123596,-1,0.0,passive_browsing,bluesky,0,1,2
12401,0.6029585003852844,0.36499515175819397,0.03204631432890892,3,0.6806520272672312,passive_browsing,bluesky,2,0,3
12402,0.04460752755403519,0.8810914158821106,0.0743010863661766,3,0.8060641620938945,passive_browsing,bluesky,9,5,3
12404,0.00572245242074132,0.5080212950706482,0.4862562119960785,3,0.6211205598912183,passive_browsing,bluesky,1,0,2
12405,0.01740250177681446,0.26756542921066284,0.7150321006774902,3,1.0,purchase_intent,bluesky,2,0,3
12406,0.5388847589492798,0.40183961391448975,0.05927566811442375,3,0.6851743635073791,churn_risk,bluesky,4,0,4
12407,0.02060551568865776,0.7951094508171082,0.18428505957126617,-1,0.0,passive_browsing,bluesky,150,22,3
12408,0.007269924972206354,0.12055107951164246,0.8721789717674255,3,1.0,purchase_intent,bluesky,5,2,5
12409,0.9158995151519775,0.07752010226249695,0.006580406799912453,3,0.5519457158380736,churn_risk,bluesky,0,1,3
12411,0.007965821772813797,0.8602492809295654,0.1317848414182663,-1,0.0,passive_browsing,bluesky,2,3,1
12412,0.6742585897445679,0.30613064765930176,0.019610799849033356,3,1.0,passive_browsing,bluesky,4,2,5
12413,0.8004853129386902,0.18760249018669128,0.011912195943295956,3,0.9643550892217954,churn_risk,bluesky,0,0,8
12414,0.0031108097173273563,0.08192311972379684,0.9149660468101501,3,0.48961611938634836,purchase_intent,bluesky,4,0,1
12415,0.09522456675767899,0.31601259112358093,0.5887629389762878,3,0.9016738647170166,passive_browsing,bluesky,3,0,3
12416,0.7619453072547913,0.2160869687795639,0.021967746317386627,3,1.0,churn_risk,bluesky,1,0,5
12417,0.003344358876347542,0.045485250651836395,0.9511704444885254,-1,0.0,purchase_intent,bluesky,0,0,3
12418,0.0024651908315718174,0.006789144594222307,0.9907456636428833,-1,0.0,purchase_intent,bluesky,6,1,2
12419,0.0025975501630455256,0.148941770195961,0.8484607338905334,0,0.8298830926849332,purchase_intent,bluesky,0,0,5
12420,0.0016774949617683887,0.0332350917160511,0.965087354183197,-1,0.0,purchase_intent,bluesky,1,0,3
12421,0.0025055210571736097,0.0457451306283474,0.951749324798584,-1,0.0,purchase_intent,bluesky,4,0,12
12422,0.02691628225147724,0.839202344417572,0.1338813602924347,2,1.0,passive_browsing,bluesky,2,1,3
12423,0.0021618360187858343,0.25368398427963257,0.7441542148590088,-1,0.0,purchase_intent,bluesky,23,6,2
12425,0.10696781426668167,0.5409912467002869,0.35204097628593445,0,1.0,passive_browsing,bluesky,1,0,2
12426,0.20797650516033173,0.7171298861503601,0.07489363104104996,17,0.1804639345235836,passive_browsing,bluesky,2,1,4
12427,0.001734372228384018,0.041711654514074326,0.9565539360046387,-1,0.0,purchase_intent,bluesky,0,2,3
12428,0.006249930709600449,0.36687448620796204,0.6268755793571472,-1,0.0,passive_browsing,bluesky,1,0,3
12429,0.7325929403305054,0.2462623119354248,0.021144786849617958,-1,0.0,churn_risk,bluesky,111,7,3
12430,0.03352238982915878,0.7341662049293518,0.23231136798858643,-1,0.0,passive_browsing,bluesky,1,1,1
12431,0.002743483055382967,0.05163484066724777,0.94562166929245,0,0.3565767753086123,purchase_intent,bluesky,0,0,3
12432,0.0013846075162291527,0.10345838218927383,0.8951570391654968,-1,0.0,purchase_intent,bluesky,0,0,1
12433,0.26246437430381775,0.7195305228233337,0.018005099147558212,-1,0.0,passive_browsing,bluesky,106,32,3
12434,0.5320436358451843,0.37063735723495483,0.09731898456811905,-1,0.0,passive_browsing,bluesky,3,2,5
12435,0.06989552825689316,0.8378266096115112,0.09227794408798218,-1,0.0,passive_browsing,bluesky,21,2,4
12436,0.8480427265167236,0.1421932727098465,0.009763969108462334,16,0.8683080695308071,churn_risk,bluesky,1,0,4
12437,0.04294702410697937,0.32286742329597473,0.6341855525970459,4,1.0,purchase_intent,bluesky,0,0,7
12438,0.5880658626556396,0.2123185396194458,0.19961559772491455,0,0.6744080854716662,passive_browsing,bluesky,47,1,2
12439,0.01369153056293726,0.616423487663269,0.3698849380016327,-1,0.0,passive_browsing,bluesky,0,0,1
12440,0.006604043301194906,0.061928145587444305,0.9314677715301514,0,0.9145188182450682,purchase_intent,bluesky,2,2,2
12441,0.0014436993515118957,0.00898158922791481,0.9895747303962708,16,1.0,purchase_intent,bluesky,2,1,2
12442,0.003849202999845147,0.028629595413804054,0.9675211906433105,3,0.5287006575688747,purchase_intent,bluesky,2,1,2
12443,0.049501366913318634,0.5009492039680481,0.4495493769645691,-1,0.0,passive_browsing,bluesky,2,0,2
12444,0.003588421270251274,0.20331940054893494,0.7930922508239746,-1,0.0,purchase_intent,bluesky,2,2,2
12446,0.0022803007159382105,0.006735393311828375,0.990984320640564,-1,0.0,purchase_intent,bluesky,2,0,2
12447,0.004805323202162981,0.3581642210483551,0.6370304226875305,-1,0.0,passive_browsing,bluesky,5,1,4
12448,0.0019458025926724076,0.020185595378279686,0.9778686165809631,16,0.9161712586524101,purchase_intent,bluesky,28,16,3
12449,0.010036125779151917,0.10126587003469467,0.8886979818344116,0,0.4042595833505805,purchase_intent,bluesky,6,0,2
12450,0.02052564173936844,0.8293633460998535,0.15011100471019745,-1,0.0,passive_browsing,bluesky,0,0,1
12452,0.004892097786068916,0.17224076390266418,0.8228671550750732,-1,0.0,purchase_intent,bluesky,0,0,5
12453,0.0020610513165593147,0.17464464902877808,0.8232942819595337,16,1.0,purchase_intent,bluesky,0,0,1
12454,0.6827320456504822,0.25511324405670166,0.06215466931462288,-1,0.0,passive_browsing,bluesky,1,0,3
12455,0.034724876284599304,0.25558531284332275,0.7096897959709167,-1,0.0,purchase_intent,bluesky,0,0,2
12456,0.04211954399943352,0.18192975223064423,0.7759506702423096,-1,0.0,purchase_intent,bluesky,0,0,1
12457,0.00901732500642538,0.05534249544143677,0.9356401562690735,-1,0.0,purchase_intent,bluesky,0,0,6
12458,0.012470877729356289,0.18041129410266876,0.8071178197860718,-1,0.0,purchase_intent,bluesky,0,0,4
12459,0.003323679557070136,0.08114589005708694,0.9155304431915283,-1,0.0,purchase_intent,bluesky,0,0,9
12460,0.050483740866184235,0.4941622018814087,0.45535406470298767,18,0.5531299950853996,passive_browsing,bluesky,1,0,3
12461,0.0015620040940120816,0.01934705674648285,0.9790908694267273,16,0.9898524766109537,purchase_intent,bluesky,2,1,2
12462,0.6117249727249146,0.3583050072193146,0.029970064759254456,-1,0.0,passive_browsing,bluesky,1,1,2
12463,0.0035379957407712936,0.15270788967609406,0.8437541723251343,0,1.0,purchase_intent,bluesky,0,0,4
12464,0.002554279053583741,0.1251946985721588,0.872251033782959,3,0.5620401078032059,purchase_intent,bluesky,0,0,3
12465,0.005242132116109133,0.5906317830085754,0.4041260778903961,16,0.9068175053134137,passive_browsing,bluesky,3,4,1
12466,0.009642640128731728,0.9156870245933533,0.07467035204172134,-1,0.0,passive_browsing,bluesky,1,2,5
12467,0.00786589365452528,0.8638888001441956,0.12824535369873047,-1,0.0,passive_browsing,bluesky,0,0,3
12468,0.040711961686611176,0.5701670050621033,0.3891209661960602,30,0.34553219178963057,passive_browsing,bluesky,9,1,2
12469,0.2227969616651535,0.6079133749008179,0.16928966343402863,-1,0.0,passive_browsing,bluesky,2,1,4
12470,0.0315505750477314,0.775875985622406,0.19257348775863647,10,0.5984747892727199,passive_browsing,bluesky,0,0,3
12471,0.8813369274139404,0.10524412244558334,0.013418964110314846,-1,0.0,churn_risk,bluesky,2,1,5
12472,0.006331203039735556,0.21357135474681854,0.780097484588623,-1,0.0,purchase_intent,bluesky,2,0,3
12473,0.586296021938324,0.3980587422847748,0.015645261853933334,0,0.33356824277483604,passive_browsing,bluesky,6,3,1
12474,0.6105599999427795,0.26534318923950195,0.1240968331694603,0,0.6263321158379415,passive_browsing,bluesky,0,0,7
12475,0.1437925398349762,0.6474193930625916,0.20878808200359344,1,0.3845153826821268,passive_browsing,bluesky,4,1,1
12476,0.007956020534038544,0.061583053320646286,0.9304609298706055,-1,0.0,purchase_intent,bluesky,5,1,2
12477,0.0029666961636394262,0.009267435409128666,0.987765908241272,-1,0.0,purchase_intent,bluesky,2,1,1
12478,0.0023376159369945526,0.11772482097148895,0.8799375891685486,-1,0.0,purchase_intent,bluesky,16,8,3
12479,0.0024195669684559107,0.10895346850156784,0.8886269330978394,-1,0.0,purchase_intent,bluesky,1,1,3
12480,0.49718624353408813,0.3609156906604767,0.1418980211019516,9,1.0,passive_browsing,bluesky,2,0,7
12481,0.8052425384521484,0.17183808982372284,0.0229193028062582,-1,0.0,churn_risk,bluesky,6,1,4
12482,0.043094586580991745,0.775191605091095,0.18171384930610657,-1,0.0,passive_browsing,bluesky,0,3,2
12483,0.0025427090004086494,0.07680680602788925,0.9206504821777344,-1,0.0,purchase_intent,bluesky,3,0,5
12484,0.005972742568701506,0.5707215666770935,0.4233056902885437,-1,0.0,passive_browsing,bluesky,0,0,4
12485,0.005413329228758812,0.19069534540176392,0.8038913607597351,-1,0.0,purchase_intent,bluesky,2,0,2
12486,0.09331066161394119,0.28808534145355225,0.6186040043830872,-1,0.0,passive_browsing,bluesky,0,0,1
12487,0.002240732777863741,0.05983416363596916,0.9379251003265381,16,0.9953047651697612,purchase_intent,bluesky,64,22,2
12489,0.16939805448055267,0.4566609561443329,0.37394094467163086,43,1.0,passive_browsing,bluesky,5,2,1
12490,0.0043464344926178455,0.2244691103696823,0.7711844444274902,0,0.7679872414631017,purchase_intent,bluesky,1,0,4
12491,0.004264742136001587,0.2177220731973648,0.7780131697654724,0,0.756064011759049,purchase_intent,bluesky,1,0,4
12492,0.004273910075426102,0.24203185737133026,0.7536942362785339,30,1.0,purchase_intent,bluesky,0,0,4
12493,0.002383460523560643,0.10760260373353958,0.8900139331817627,3,0.5620401078032059,purchase_intent,bluesky,0,0,2
12494,0.004570364486426115,0.06975112855434418,0.925678551197052,30,1.0,purchase_intent,bluesky,2,1,1
12495,0.0055369664914906025,0.37270474433898926,0.6217582821846008,30,1.0,purchase_intent,bluesky,2,0,3
12496,0.006910480093210936,0.31892192363739014,0.6741675734519958,3,0.5596887274864855,purchase_intent,bluesky,0,0,5
12497,0.7549275755882263,0.19187641143798828,0.05319606140255928,-1,0.0,churn_risk,bluesky,10,1,1
12498,0.002345253014937043,0.03994378820061684,0.9577109217643738,12,0.5273424408863342,purchase_intent,bluesky,1,0,4
12499,0.015663765370845795,0.4273272752761841,0.5570089221000671,-1,0.0,passive_browsing,bluesky,0,0,2
12500,0.006800677161663771,0.07835078984498978,0.9148485064506531,-1,0.0,purchase_intent,bluesky,0,0,4
12501,0.0062326109036803246,0.043138351291418076,0.9506289958953857,9,0.874082365120355,purchase_intent,bluesky,0,1,2
12502,0.774156391620636,0.21389317512512207,0.01195041835308075,16,0.9583513886533828,churn_risk,bluesky,1,0,4
12503,0.008977776393294334,0.8626790046691895,0.1283431500196457,-1,0.0,passive_browsing,bluesky,0,0,1
12504,0.0014950460754334927,0.016111427918076515,0.9823935031890869,30,0.42374886099287207,purchase_intent,bluesky,11,1,1
12505,0.008111098781228065,0.6690428256988525,0.32284608483314514,-1,0.0,passive_browsing,bluesky,0,1,2
12506,0.33760109543800354,0.588747501373291,0.07365140318870544,35,1.0,passive_browsing,bluesky,1,1,1
12507,0.002847701543942094,0.3386845886707306,0.6584676504135132,22,0.8048682797634171,passive_browsing,bluesky,0,2,1
12508,0.09923839569091797,0.5437892079353333,0.356972336769104,9,0.5704333766132818,passive_browsing,bluesky,1,2,7
12510,0.11728183925151825,0.45963141322135925,0.42308667302131653,0,0.6177184459471533,passive_browsing,bluesky,0,1,3
12512,0.8898464441299438,0.09400860965251923,0.016144923865795135,-1,0.0,churn_risk,bluesky,1,1,4
12513,0.004184609744697809,0.3189935088157654,0.6768218874931335,3,0.5261698659949868,purchase_intent,bluesky,0,0,7
12514,0.0028865523636341095,0.10659164190292358,0.8905218243598938,-1,0.0,purchase_intent,bluesky,0,0,5
12515,0.7250245213508606,0.2530989944934845,0.02187647856771946,-1,0.0,churn_risk,bluesky,15,3,1
12516,0.8070231676101685,0.17203031480312347,0.020946534350514412,0,0.4153140993423696,churn_risk,bluesky,0,0,4
12517,0.9150742292404175,0.07665840536355972,0.00826739240437746,0,0.7043668916330337,churn_risk,bluesky,0,0,5
12518,0.9131814241409302,0.07631633430719376,0.010502256453037262,0,0.8660441109686202,churn_risk,bluesky,4,1,4
12519,0.8072822690010071,0.1757735311985016,0.01694417931139469,0,0.6544456841740954,churn_risk,bluesky,1,1,5
12520,0.9096536636352539,0.08374607563018799,0.006600304506719112,0,0.39396536961757944,churn_risk,bluesky,5,2,4
12521,0.6022917628288269,0.3284449875354767,0.06926323473453522,0,0.30580744466769033,churn_risk,bluesky,1,1,8
12522,0.9278530478477478,0.061248503625392914,0.010898521170020103,0,0.96196825707147,churn_risk,bluesky,1,0,2
12523,0.9207038283348083,0.07065374404191971,0.008642392233014107,0,0.47854763082151786,churn_risk,bluesky,1,2,4
12524,0.9359363913536072,0.051409460604190826,0.012654067017138004,0,0.994821723480414,churn_risk,bluesky,2,0,4
12525,0.9053641557693481,0.08702471107244492,0.0076111373491585255,14,0.8775910013846752,churn_risk,bluesky,2,1,4
12526,0.8745116591453552,0.11170919239521027,0.013779086992144585,-1,0.0,churn_risk,bluesky,1,0,5
12527,0.8817139267921448,0.10273087024688721,0.0155552439391613,0,0.8796264006140639,churn_risk,bluesky,0,0,3
12528,0.8494005799293518,0.11894610524177551,0.03165325149893761,0,0.4780750443392274,churn_risk,bluesky,1,0,6
12529,0.9455060362815857,0.04841601848602295,0.006077987141907215,0,0.4852777737461007,churn_risk,bluesky,11,9,7
12530,0.7820366024971008,0.19643500447273254,0.021528424695134163,0,0.8220151335446335,churn_risk,bluesky,1,0,7
12531,0.17643624544143677,0.577841579914093,0.2457221895456314,0,0.8907633634516465,passive_browsing,bluesky,1,1,4
12532,0.9299224019050598,0.06043095886707306,0.009646644815802574,0,0.7954635073671332,churn_risk,bluesky,0,0,5
12533,0.7564302086830139,0.21776843070983887,0.02580130286514759,0,0.869461591529219,churn_risk,bluesky,1,0,6
12534,0.8036544919013977,0.1829199641942978,0.01342556718736887,43,1.0,churn_risk,bluesky,0,1,2
12535,0.9284438490867615,0.06610240042209625,0.005453734192997217,-1,0.0,churn_risk,bluesky,0,0,4
12536,0.8163555860519409,0.1637013703584671,0.01994302123785019,0,0.40058457766891403,churn_risk,bluesky,2,1,2
12537,0.9169559478759766,0.0729154571890831,0.010128609836101532,-1,0.0,churn_risk,bluesky,0,0,4
12538,0.8673593401908875,0.11634097993373871,0.01629960723221302,-1,0.0,churn_risk,bluesky,1,0,3
12539,0.8560932874679565,0.13391241431236267,0.009994255378842354,-1,0.0,churn_risk,bluesky,0,1,4
12540,0.8361901044845581,0.14271093904972076,0.021098989993333817,0,0.42707364391783487,churn_risk,bluesky,0,0,7
12541,0.8917331695556641,0.09486112743616104,0.013405714184045792,0,1.0,churn_risk,bluesky,0,0,2
12542,0.9084601998329163,0.0851888433098793,0.006350953131914139,0,0.4006502124533278,churn_risk,bluesky,0,0,7
12543,0.9027966856956482,0.08248277753591537,0.014720549806952477,0,0.7178599130363225,churn_risk,bluesky,2,0,2
12544,0.8863626718521118,0.10383777320384979,0.009799628518521786,0,0.8492821983844697,churn_risk,bluesky,12,0,7
12545,0.01931367814540863,0.3794518709182739,0.6012344360351562,0,0.6293541323937523,purchase_intent,bluesky,1,0,5
12546,0.8341080546379089,0.15640889108181,0.009483102709054947,-1,0.0,churn_risk,bluesky,10,0,2
12547,0.9304080009460449,0.0619763620197773,0.007615641690790653,0,1.0,churn_risk,bluesky,0,0,4
12548,0.9368892908096313,0.055931128561496735,0.007179478649049997,0,0.6115151280346576,churn_risk,bluesky,1,0,6
12549,0.8607736825942993,0.1208876371383667,0.018338656052947044,0,0.24329348124496145,churn_risk,bluesky,0,0,4
12550,0.6508208513259888,0.2583328187465668,0.09084638208150864,-1,0.0,churn_risk,bluesky,0,0,3
12551,0.9254936575889587,0.06943009048700333,0.005076231434941292,4,0.5783095268670473,churn_risk,bluesky,0,0,5
12552,0.6543574929237366,0.2562730312347412,0.0893695056438446,-1,0.0,churn_risk,bluesky,0,0,5
12553,0.7475579380989075,0.19591215252876282,0.056529950350522995,0,1.0,churn_risk,bluesky,11,0,4
12554,0.9392184615135193,0.05286784470081329,0.007913666777312756,0,0.7816026966083137,churn_risk,bluesky,0,0,4
12555,0.9403911828994751,0.051682133227586746,0.007926695980131626,0,0.9362222626879391,churn_risk,bluesky,1,0,5
12556,0.9369151592254639,0.05601534619927406,0.007069448009133339,6,0.7158695761907031,churn_risk,bluesky,0,0,9
12557,0.8984867930412292,0.08813977986574173,0.013373388908803463,0,0.9475328740990796,churn_risk,bluesky,0,0,2
12558,0.5296193361282349,0.4082263112068176,0.06215432658791542,0,0.7331826661978569,churn_risk,bluesky,1,1,5
12559,0.7440641522407532,0.24189025163650513,0.014045673422515392,0,0.3124954010437238,churn_risk,bluesky,0,0,4
12560,0.8789023756980896,0.10775260627269745,0.013345059007406235,0,0.5197936431790527,churn_risk,bluesky,4,0,5
12562,0.856373131275177,0.12724512815475464,0.016381774097681046,-1,0.0,churn_risk,bluesky,11,2,6
12564,0.9287809133529663,0.0628611221909523,0.008357999846339226,0,0.8042941568673686,churn_risk,bluesky,1,1,3
12565,0.8724285960197449,0.10742433369159698,0.02014707215130329,-1,0.0,churn_risk,bluesky,1,0,4
12566,0.9124090075492859,0.07540154457092285,0.012189439497888088,0,0.9955178829861201,churn_risk,bluesky,2,1,5
12567,0.9549973607063293,0.03920035436749458,0.005802358500659466,-1,0.0,churn_risk,bluesky,1,1,7
12568,0.8481305241584778,0.14336803555488586,0.008501388132572174,28,0.7542434367444679,churn_risk,bluesky,63,22,7
12569,0.906143307685852,0.08640144765377045,0.00745524512603879,0,0.4764533735636441,churn_risk,bluesky,4,0,2
12570,0.9486555457115173,0.042313843965530396,0.009030577726662159,0,0.773740763320797,churn_risk,bluesky,1,0,4
12571,0.9327985644340515,0.0575917586684227,0.009609641507267952,0,1.0,churn_risk,bluesky,0,0,5
12572,0.8494237065315247,0.1388617753982544,0.011714491061866283,0,0.5087786584997461,churn_risk,bluesky,0,0,2
12573,0.8939552903175354,0.09565559029579163,0.010389157570898533,0,0.8271683211797306,churn_risk,bluesky,1,0,2
12574,0.9320752024650574,0.05936365947127342,0.00856101606041193,-1,0.0,churn_risk,bluesky,2,2,3
12575,0.9412094354629517,0.051333148032426834,0.007457439322024584,-1,0.0,churn_risk,bluesky,0,0,4
12576,0.955411970615387,0.03800181299448013,0.0065861111506819725,0,0.6791001462902396,churn_risk,bluesky,43,11,5
12577,0.9098097681999207,0.07909561693668365,0.011094612069427967,0,1.0,churn_risk,bluesky,3,0,4
12578,0.8028997778892517,0.1751861274242401,0.021914051845669746,0,0.9191850467956122,churn_risk,bluesky,1,1,6
12579,0.007596211042255163,0.050254933536052704,0.9421488642692566,-1,0.0,purchase_intent,bluesky,1,0,1
12580,0.3372879922389984,0.2942858338356018,0.3684261739253998,-1,0.0,passive_browsing,bluesky,1,1,4
12581,0.8921677470207214,0.09685686230659485,0.010975377634167671,-1,0.0,churn_risk,bluesky,1,0,4
12582,0.941510796546936,0.0520639605820179,0.006425231229513884,0,1.0,churn_risk,bluesky,2,1,5
12583,0.6598190069198608,0.27709218859672546,0.0630887970328331,0,0.3549712595510735,churn_risk,bluesky,3,3,4
12585,0.9120240211486816,0.07489055395126343,0.01308539416640997,0,0.6125721060587207,churn_risk,bluesky,5,3,6
12586,0.8957685232162476,0.09746915102005005,0.006762353237718344,0,0.646933680787115,churn_risk,bluesky,1,1,6
12587,0.9314297437667847,0.06195555254817009,0.00661472836509347,0,0.4591942132610094,churn_risk,bluesky,4,0,4
12588,0.8277149796485901,0.14028184115886688,0.03200330212712288,-1,0.0,churn_risk,bluesky,13,0,5
12589,0.8137393593788147,0.14651674032211304,0.039743855595588684,-1,0.0,churn_risk,bluesky,3,0,7
12590,0.9403284192085266,0.05231357738375664,0.007357986178249121,0,0.7985844426398874,churn_risk,bluesky,2,1,4
12591,0.031039206311106682,0.5726671814918518,0.39629364013671875,4,0.7033102076852846,passive_browsing,bluesky,0,0,5
12592,0.8674444556236267,0.11337099969387054,0.019184591248631477,0,0.36586100592588794,churn_risk,bluesky,1,0,6
12593,0.8583779335021973,0.0994872972369194,0.042134854942560196,-1,0.0,churn_risk,bluesky,19,3,6
12594,0.9282790422439575,0.06105413660407066,0.010666832327842712,0,0.963500041400874,churn_risk,bluesky,5,0,8
12595,0.9090402722358704,0.08139009773731232,0.009569711983203888,0,0.9632779411417342,churn_risk,bluesky,3,1,2
12596,0.8341994881629944,0.15256798267364502,0.01323260273784399,0,0.797810067212044,churn_risk,bluesky,8,0,6
12597,0.6976046562194824,0.15992499887943268,0.14247038960456848,-1,0.0,churn_risk,bluesky,1,1,5
12598,0.7776989936828613,0.20601899921894073,0.016282038763165474,0,0.8967082529182392,churn_risk,bluesky,3,0,6
12599,0.9461264610290527,0.04747234284877777,0.006401237566024065,-1,0.0,churn_risk,bluesky,2,1,5
12600,0.9168400764465332,0.07427021116018295,0.008889725431799889,0,1.0,churn_risk,bluesky,2,1,2
12601,0.001543823047541082,0.007639450486749411,0.9908167123794556,16,1.0,purchase_intent,bluesky,3,2,4
12602,0.8345555067062378,0.14228150248527527,0.023162970319390297,0,0.9191850467956122,churn_risk,bluesky,0,0,4
12603,0.8772801160812378,0.10871286690235138,0.014006974175572395,9,1.0,churn_risk,bluesky,3,1,5
12606,0.9624403715133667,0.032334208488464355,0.005225515924394131,4,0.57154600075808,churn_risk,bluesky,0,0,6
12607,0.036586664617061615,0.0723176896572113,0.8910956978797913,0,0.861299307444814,purchase_intent,bluesky,7,1,5
12608,0.4659789502620697,0.4528377056121826,0.08118332922458649,0,0.4611849154511123,churn_risk,bluesky,21,0,5
12609,0.5065916180610657,0.20744588971138,0.28596246242523193,16,1.0,churn_risk,bluesky,9,0,4
12610,0.9196231961250305,0.0716097429394722,0.008767075836658478,0,0.9955178829861201,churn_risk,bluesky,2,1,7
12611,0.879534125328064,0.1125904768705368,0.00787535309791565,0,0.4818993576033054,churn_risk,bluesky,0,0,5
12614,0.01952255703508854,0.8439447283744812,0.13653261959552765,0,1.0,passive_browsing,hackernews,0,0,20
12617,0.02071111649274826,0.48337796330451965,0.4959109127521515,-1,0.0,purchase_intent,hackernews,0,0,8
12619,0.5848081707954407,0.39351022243499756,0.021681642159819603,-1,0.0,passive_browsing,hackernews,0,0,13
12620,0.45884639024734497,0.48673656582832336,0.05441698431968689,-1,0.0,passive_browsing,hackernews,0,0,3
12628,0.038292985409498215,0.8595658540725708,0.10214118659496307,-1,0.0,passive_browsing,hackernews,0,0,8
12633,0.03464188426733017,0.6823851466178894,0.28297293186187744,0,0.6053905357799214,passive_browsing,hackernews,132,118,25
12634,0.15869197249412537,0.715612530708313,0.12569557130336761,11,1.0,passive_browsing,hackernews,3,2,12
12638,0.43103209137916565,0.5161545276641846,0.0528133325278759,-1,0.0,passive_browsing,hackernews,0,0,18
12639,0.37239453196525574,0.5846173167228699,0.04298815876245499,0,0.635647506077772,passive_browsing,hackernews,0,0,15
12640,0.4745230972766876,0.4551387429237366,0.0703381597995758,43,0.9624248351311167,passive_browsing,hackernews,0,0,13
12641,0.5765914916992188,0.3665730655193329,0.056835442781448364,-1,0.0,passive_browsing,hackernews,0,0,5
12642,0.650543212890625,0.32743823528289795,0.02201860211789608,23,0.8121119132348718,churn_risk,hackernews,0,0,6
12643,0.009131228551268578,0.36169153451919556,0.6291772127151489,-1,0.0,passive_browsing,hackernews,0,0,4
12644,0.01962258294224739,0.08676440268754959,0.8936129808425903,0,0.7478039115984796,purchase_intent,hackernews,0,0,5
12645,0.42687204480171204,0.5329176187515259,0.040210314095020294,20,0.6735991875635651,passive_browsing,hackernews,0,0,16
12655,0.00458154920488596,0.15621303021907806,0.8392053842544556,-1,0.0,purchase_intent,hackernews,1,0,15
12656,0.018722984939813614,0.4500213861465454,0.5312556028366089,-1,0.0,passive_browsing,hackernews,0,0,3
12657,0.3879774808883667,0.5703305006027222,0.04169202223420143,-1,0.0,passive_browsing,hackernews,0,0,7
12658,0.6525573134422302,0.3278326392173767,0.01961010880768299,11,1.0,churn_risk,hackernews,0,0,11
12659,0.08463232219219208,0.5996143221855164,0.31575337052345276,-1,0.0,passive_browsing,hackernews,0,0,16
12660,0.5646621584892273,0.38524335622787476,0.05009452626109123,-1,0.0,passive_browsing,hackernews,0,0,6
12663,0.6249517202377319,0.3587021231651306,0.01634623482823372,20,0.5264469674792768,passive_browsing,hackernews,0,0,8
12666,0.022243060171604156,0.6027854084968567,0.37497153878211975,1,0.5531623615887372,passive_browsing,hackernews,2,1,14
12667,0.01834181137382984,0.4217345118522644,0.5599236488342285,1,0.7024355135040836,passive_browsing,hackernews,1,0,13
12668,0.019783232361078262,0.4941149353981018,0.48610177636146545,-1,0.0,passive_browsing,hackernews,1,0,10
12670,0.5691028237342834,0.41415396332740784,0.016743220388889313,-1,0.0,passive_browsing,hackernews,0,0,6
12671,0.7671058773994446,0.21218599379062653,0.02070816420018673,0,1.0,churn_risk,hackernews,0,0,9
12672,0.018225979059934616,0.7185946702957153,0.2631794214248657,-1,0.0,passive_browsing,hackernews,0,0,13
12673,0.5746757984161377,0.3340361416339874,0.09128807485103607,20,0.3384900934400135,churn_risk,hackernews,0,0,4
12674,0.49983203411102295,0.4709613621234894,0.029206635430455208,10,0.2796732979962927,passive_browsing,hackernews,0,0,4
12675,0.6446889638900757,0.3330434560775757,0.022267542779445648,10,0.19012099893884687,passive_browsing,hackernews,0,0,3
12676,0.6530524492263794,0.33266282081604004,0.014284766279160976,10,0.25823425623785073,passive_browsing,hackernews,0,0,2
12677,0.010155663825571537,0.4631982147693634,0.5266461372375488,1,0.6037137281104107,purchase_intent,hackernews,0,0,10
12678,0.0030637341551482677,0.08548888564109802,0.9114473462104797,23,0.9281523055371718,purchase_intent,hackernews,0,0,3
12679,0.2860144376754761,0.6379795074462891,0.07600611448287964,14,0.732513936359883,passive_browsing,hackernews,0,0,1
12680,0.08816861361265182,0.8416430950164795,0.07018827646970749,-1,0.0,passive_browsing,hackernews,0,0,2
12681,0.11766954511404037,0.825735330581665,0.056595124304294586,10,0.19724301098404412,passive_browsing,hackernews,0,0,5
12682,0.05638136342167854,0.5744951367378235,0.36912351846694946,-1,0.0,passive_browsing,hackernews,0,0,6
12684,0.05518509820103645,0.509280264377594,0.43553462624549866,0,1.0,passive_browsing,hackernews,0,0,9
12685,0.03473643958568573,0.3629894554615021,0.6022741198539734,-1,0.0,passive_browsing,hackernews,0,0,1
12686,0.31694042682647705,0.6136365532875061,0.06942304968833923,11,1.0,passive_browsing,hackernews,0,0,1
12696,0.03904573619365692,0.8060745000839233,0.15487973392009735,-1,0.0,passive_browsing,hackernews,2,0,15
12697,0.0050231399945914745,0.17594830691814423,0.8190286159515381,1,0.3007323373780653,purchase_intent,hackernews,1,0,15
12699,0.2610304057598114,0.6018283367156982,0.13714130222797394,0,1.0,passive_browsing,hackernews,0,0,2
12700,0.011136881075799465,0.18470646440982819,0.8041567206382751,25,0.2036542374707581,purchase_intent,hackernews,0,0,3
12703,0.004566896706819534,0.29445430636405945,0.7009788155555725,23,0.7790444022871004,purchase_intent,hackernews,2,0,9
12704,0.06354960054159164,0.5265835523605347,0.4098668098449707,11,0.926649704337626,passive_browsing,hackernews,0,0,7
12705,0.022015562281012535,0.5385643243789673,0.4394201338291168,0,1.0,passive_browsing,hackernews,0,0,1
12706,0.28584522008895874,0.6039019823074341,0.11025280505418777,-1,0.0,passive_browsing,hackernews,0,0,6
12715,0.5635621547698975,0.4095924496650696,0.026845397427678108,0,0.9927182163967384,passive_browsing,hackernews,0,0,7
12716,0.04934518411755562,0.3738196790218353,0.5768351554870605,-1,0.0,purchase_intent,hackernews,0,0,6
12722,0.16732175648212433,0.6909136772155762,0.14176462590694427,-1,0.0,passive_browsing,hackernews,0,0,5
12723,0.009228830225765705,0.3772457242012024,0.6135254502296448,23,1.0,purchase_intent,hackernews,0,0,8
12724,0.04078153520822525,0.731661319732666,0.2275572568178177,-1,0.0,passive_browsing,hackernews,0,0,4
12725,0.04608451575040817,0.7851814031600952,0.16873407363891602,1,0.39438674776688276,passive_browsing,hackernews,0,0,9
12731,0.013359276577830315,0.537294328212738,0.4493464231491089,23,1.0,passive_browsing,hackernews,0,0,6
12733,0.7821124196052551,0.2040632665157318,0.01382433157414198,11,0.9045206477580175,churn_risk,hackernews,0,0,7
12735,0.44040706753730774,0.5125568509101868,0.04703609272837639,14,0.9725691046654902,passive_browsing,hackernews,0,0,1
12736,0.6867387890815735,0.29933062195777893,0.013930625282227993,-1,0.0,passive_browsing,hackernews,0,0,2
12741,0.004904466215521097,0.13251592218875885,0.8625795841217041,23,1.0,purchase_intent,hackernews,4,1,5
12743,0.008856743574142456,0.3001157343387604,0.6910274624824524,1,0.5781027310086893,purchase_intent,hackernews,2,0,9
12744,0.016859890893101692,0.808441698551178,0.1746983379125595,1,0.6021630898643994,passive_browsing,hackernews,1,0,5
12745,0.008194396272301674,0.6867054104804993,0.3051001727581024,-1,0.0,passive_browsing,hackernews,1,0,7
12746,0.033149197697639465,0.6604767441749573,0.3063740134239197,-1,0.0,passive_browsing,hackernews,1,0,2
12748,0.023361455649137497,0.800429105758667,0.17620953917503357,1,0.2649625038792874,passive_browsing,hackernews,13,16,5
12751,0.16609826683998108,0.5777679085731506,0.2561337649822235,0,0.7572640902332194,passive_browsing,hackernews,2,4,3
12755,0.012155327014625072,0.4705696105957031,0.5172750949859619,1,0.5170450267290676,passive_browsing,hackernews,1,0,9
12785,0.008811764419078827,0.26203352212905884,0.729154646396637,-1,0.0,purchase_intent,hackernews,0,0,2
12786,0.251190185546875,0.6874895095825195,0.061320338398218155,-1,0.0,passive_browsing,hackernews,0,0,6
12787,0.33205172419548035,0.6077426075935364,0.06020566448569298,-1,0.0,passive_browsing,hackernews,0,0,6
12788,0.09840773046016693,0.7438498735427856,0.15774236619472504,23,0.8875981299947752,passive_browsing,hackernews,0,0,6
12789,0.012059438973665237,0.4782889485359192,0.5096516609191895,10,0.2636078942688338,passive_browsing,hackernews,0,0,4
12790,0.028291884809732437,0.21021796762943268,0.7614901065826416,11,0.8777953147974796,purchase_intent,hackernews,0,0,3
12791,0.0076800002716481686,0.3860876262187958,0.6062323451042175,1,0.8403640622979395,purchase_intent,hackernews,0,0,33
12792,0.025044018402695656,0.5625216960906982,0.41243425011634827,10,0.38788325911097743,passive_browsing,hackernews,0,0,3
12793,0.3737418055534363,0.59486985206604,0.031388361006975174,10,0.3425193779785041,passive_browsing,hackernews,0,0,1
12794,0.025100380182266235,0.18461742997169495,0.7902822494506836,23,0.902149111262712,purchase_intent,hackernews,0,0,6
12795,0.1588001400232315,0.7551917433738708,0.08600813895463943,1,0.5505564304000515,passive_browsing,hackernews,0,0,7
12796,0.22782106697559357,0.681061327457428,0.09111760556697845,-1,0.0,passive_browsing,hackernews,0,0,6
12797,0.06768709421157837,0.42909395694732666,0.5032188892364502,14,0.9298653245157916,passive_browsing,hackernews,0,0,3
12798,0.04400632902979851,0.6274523735046387,0.3285413086414337,23,1.0,passive_browsing,hackernews,0,0,8
12800,0.058738820254802704,0.876145601272583,0.06511551141738892,23,1.0,passive_browsing,hackernews,0,0,2
12801,0.08227743208408356,0.7098668813705444,0.20785567164421082,-1,0.0,passive_browsing,hackernews,0,0,17
12803,0.003117659827694297,0.100127212703228,0.8967551589012146,-1,0.0,purchase_intent,hackernews,0,0,9
12807,0.36112332344055176,0.5597195029258728,0.07915721088647842,-1,0.0,passive_browsing,hackernews,0,0,5
12808,0.4806491732597351,0.4950341284275055,0.024316616356372833,0,0.6317263673799692,passive_browsing,hackernews,0,0,4
12809,0.016414178535342216,0.5250924825668335,0.45849332213401794,-1,0.0,passive_browsing,hackernews,0,0,6
12810,0.0214851051568985,0.7467338442802429,0.2317809909582138,-1,0.0,passive_browsing,hackernews,0,0,7
12811,0.026482626795768738,0.6427193880081177,0.3307980000972748,-1,0.0,passive_browsing,hackernews,0,0,5
12813,0.15080289542675018,0.6664131879806519,0.18278393149375916,0,1.0,passive_browsing,hackernews,0,0,3
12814,0.364517480134964,0.5157626271247864,0.11971985548734665,20,0.7129877544300945,passive_browsing,hackernews,0,0,6
12815,0.523319661617279,0.4523659348487854,0.0243143942207098,-1,0.0,passive_browsing,hackernews,0,0,4
12816,0.03913753107190132,0.8147849440574646,0.14607751369476318,0,1.0,passive_browsing,hackernews,0,0,5
12817,0.024869440123438835,0.6953744292259216,0.2797561287879944,0,0.4995933984089351,passive_browsing,hackernews,0,0,4
12818,0.3546324670314789,0.4785524904727936,0.16681499779224396,11,1.0,passive_browsing,hackernews,0,0,2
12819,0.545500636100769,0.4267592430114746,0.027740180492401123,-1,0.0,passive_browsing,hackernews,0,0,7
12820,0.12173682451248169,0.6820120215415955,0.19625118374824524,-1,0.0,passive_browsing,hackernews,0,0,4
12821,0.15090268850326538,0.7666779160499573,0.08241938799619675,0,1.0,passive_browsing,hackernews,0,0,1
12822,0.44523265957832336,0.5235740542411804,0.031193263828754425,11,1.0,passive_browsing,hackernews,0,0,10
12823,0.0846160426735878,0.6086359024047852,0.3067481219768524,23,0.49441000111880906,passive_browsing,hackernews,0,0,11
12824,0.14674347639083862,0.7246878147125244,0.12856870889663696,-1,0.0,passive_browsing,hackernews,0,0,5
12825,0.6326178908348083,0.33436471223831177,0.033017419278621674,0,0.8548412470159851,passive_browsing,hackernews,0,0,3
12826,0.36143234372138977,0.5887420177459717,0.04982563108205795,-1,0.0,passive_browsing,hackernews,0,0,1
12827,0.6566610336303711,0.3178693652153015,0.02546968311071396,0,0.8408320844586591,churn_risk,hackernews,0,0,11
12828,0.7964698076248169,0.19380979239940643,0.009720487520098686,11,1.0,churn_risk,hackernews,0,0,7
12829,0.40173953771591187,0.5636173486709595,0.03464309498667717,11,0.924348677249263,passive_browsing,hackernews,0,0,3
12830,0.059457629919052124,0.28827038407325745,0.6522719264030457,0,1.0,passive_browsing,hackernews,0,0,1
12831,0.2569330930709839,0.546571671962738,0.1964951753616333,-1,0.0,passive_browsing,hackernews,0,0,3
12832,0.7365640997886658,0.24400977790355682,0.01942601054906845,0,1.0,churn_risk,hackernews,0,0,2
12833,0.0033837163355201483,0.09777113795280457,0.8988451361656189,-1,0.0,purchase_intent,hackernews,0,0,6
12834,0.008087145164608955,0.29413044452667236,0.6977824568748474,23,0.793785634557509,purchase_intent,hackernews,0,0,4
12835,0.15823790431022644,0.7377051711082458,0.1040569394826889,-1,0.0,passive_browsing,hackernews,0,0,1
12836,0.512339174747467,0.4497099220752716,0.03795088455080986,-1,0.0,passive_browsing,hackernews,0,0,1
12837,0.2919769287109375,0.6548888087272644,0.05313430353999138,23,1.0,passive_browsing,hackernews,0,0,5
12838,0.6273150444030762,0.35028886795043945,0.022396111860871315,-1,0.0,churn_risk,hackernews,0,0,4
12839,0.8025637269020081,0.18238113820552826,0.015055138617753983,-1,0.0,churn_risk,hackernews,0,0,2
12840,0.5692121386528015,0.3968493640422821,0.033938486129045486,-1,0.0,passive_browsing,hackernews,0,0,3
12841,0.4564407467842102,0.47545740008354187,0.06810193508863449,6,0.11378099869077399,passive_browsing,hackernews,0,0,4
12842,0.03693994879722595,0.33477139472961426,0.6282886862754822,-1,0.0,passive_browsing,hackernews,0,0,4
12843,0.016253486275672913,0.29691964387893677,0.6868268847465515,20,0.5204047067461971,passive_browsing,hackernews,0,0,3
12844,0.006801322102546692,0.6168161034584045,0.3763824999332428,1,1.0,passive_browsing,hackernews,0,0,8
12845,0.09639514982700348,0.8161379098892212,0.08746690303087234,0,1.0,passive_browsing,hackernews,0,0,4
12846,0.07629016786813736,0.8243446946144104,0.09936515241861343,1,0.5544558939908363,passive_browsing,hackernews,0,0,4
12847,0.026884840801358223,0.23323924839496613,0.7398759126663208,0,1.0,purchase_intent,hackernews,0,0,3
12848,0.6021372675895691,0.36729735136032104,0.03056536242365837,0,1.0,passive_browsing,hackernews,0,0,1
12849,0.30535510182380676,0.5980190634727478,0.09662580490112305,0,0.9495141021578887,passive_browsing,hackernews,0,0,2
12850,0.41086244583129883,0.5401403903961182,0.04899720475077629,-1,0.0,passive_browsing,hackernews,0,0,5
12851,0.07039594650268555,0.7712769508361816,0.15832704305648804,-1,0.0,passive_browsing,hackernews,0,0,5
12852,0.48209720849990845,0.41200822591781616,0.10589459538459778,-1,0.0,passive_browsing,hackernews,0,0,4
12853,0.009097687900066376,0.7598080039024353,0.2310943305492401,1,0.7489663558118058,passive_browsing,hackernews,0,0,4
12855,0.04049400985240936,0.2740241289138794,0.6854819059371948,-1,0.0,passive_browsing,hackernews,0,0,1
12856,0.13237044215202332,0.5791155695915222,0.28851398825645447,0,1.0,passive_browsing,hackernews,0,0,1
12858,0.048396285623311996,0.23076742887496948,0.7208362817764282,-1,0.0,purchase_intent,hackernews,0,0,3
12859,0.044063206762075424,0.5791891813278198,0.3767475187778473,-1,0.0,passive_browsing,hackernews,0,0,8
12860,0.09453798085451126,0.695124626159668,0.21033741533756256,14,1.0,passive_browsing,hackernews,0,0,12
12861,0.17555764317512512,0.7722744941711426,0.052167829126119614,-1,0.0,passive_browsing,hackernews,0,0,4
12863,0.009655974805355072,0.32667285203933716,0.6636711359024048,0,0.574806825498732,passive_browsing,hackernews,3,3,4
12866,0.3480519652366638,0.531984806060791,0.11996322870254517,-1,0.0,passive_browsing,hackernews,16,2,14
12868,0.05525824800133705,0.7469083070755005,0.19783347845077515,0,0.9039236107418145,passive_browsing,hackernews,8,13,9
12869,0.0044178590178489685,0.3867505192756653,0.6088316440582275,1,0.6721117338154429,purchase_intent,hackernews,6,9,20
12871,0.00542439566925168,0.3949785828590393,0.5995970368385315,1,0.6487125384828216,purchase_intent,hackernews,4,4,17
12874,0.006996728479862213,0.6393146514892578,0.3536885976791382,-1,0.0,passive_browsing,hackernews,1,3,8
12876,0.008613293059170246,0.2304053157567978,0.7609813809394836,-1,0.0,purchase_intent,hackernews,1,0,16
12877,0.004277861677110195,0.187673419713974,0.808048665523529,1,0.7348086243772912,purchase_intent,hackernews,1,0,16
12898,0.14259286224842072,0.7337976098060608,0.1236095279455185,11,1.0,passive_browsing,hackernews,0,0,5
12899,0.013314788229763508,0.22436010837554932,0.7623251080513,-1,0.0,purchase_intent,hackernews,0,0,22
12900,0.007740636356174946,0.6587617993354797,0.3334976136684418,-1,0.0,passive_browsing,hackernews,0,0,9
12902,0.006220473442226648,0.04353129491209984,0.9502482414245605,1,0.637096040890748,purchase_intent,hackernews,0,0,4
12904,0.35115689039230347,0.5500154495239258,0.09882762283086777,0,0.8112146906165093,passive_browsing,hackernews,0,0,13
12905,0.03906478360295296,0.8090969324111938,0.1518383026123047,-1,0.0,passive_browsing,hackernews,0,0,6
12906,0.6101077198982239,0.33797475695610046,0.05191749706864357,0,0.9656853421567091,churn_risk,hackernews,0,0,18
12907,0.8147706389427185,0.16159352660179138,0.023635899648070335,0,0.515846538507948,churn_risk,hackernews,0,0,6
12908,0.6218490600585938,0.3099788725376129,0.06817211210727692,0,0.8939623265773421,churn_risk,hackernews,0,0,11
12909,0.7378848195075989,0.20113065838813782,0.060984596610069275,0,0.3847616547811188,churn_risk,hackernews,0,0,7
12910,0.636970579624176,0.3359798789024353,0.027049478143453598,-1,0.0,passive_browsing,hackernews,0,0,12
12911,0.09982744604349136,0.6219121813774109,0.27826040983200073,0,0.8410417182904303,passive_browsing,hackernews,0,0,12
12912,0.17810355126857758,0.6670072674751282,0.15488919615745544,-1,0.0,passive_browsing,hackernews,0,0,5
12913,0.00922577828168869,0.4885006248950958,0.5022735595703125,1,0.8348535173703466,passive_browsing,hackernews,0,0,10
12914,0.1872163861989975,0.7466944456100464,0.06608917564153671,0,1.0,passive_browsing,hackernews,0,0,11
12915,0.4818169176578522,0.47096723318099976,0.047215785831213,0,0.5140193635550189,passive_browsing,hackernews,0,0,5
12916,0.2641652226448059,0.6736078262329102,0.062226999551057816,0,0.45327880546065125,passive_browsing,hackernews,0,0,7
12917,0.009867529384791851,0.4102102220058441,0.5799222588539124,1,1.0,passive_browsing,hackernews,0,0,10
12918,0.01036949921399355,0.37740540504455566,0.6122251152992249,1,1.0,passive_browsing,hackernews,0,0,10
12919,0.03929204121232033,0.1259222775697708,0.8347856998443604,0,1.0,purchase_intent,hackernews,0,0,14
12920,0.016226675361394882,0.4651098847389221,0.5186634659767151,0,1.0,purchase_intent,hackernews,0,0,10
12921,0.008103042840957642,0.3660909831523895,0.6258060336112976,1,1.0,purchase_intent,hackernews,0,0,11
12922,0.7518463134765625,0.23129098117351532,0.016862718388438225,-1,0.0,churn_risk,hackernews,0,0,6
12923,0.0024120851885527372,0.039111994206905365,0.9584758877754211,1,0.6753387382040138,purchase_intent,hackernews,0,0,15
12924,0.008103042840957642,0.3660909831523895,0.6258060336112976,1,0.7525461665885337,purchase_intent,hackernews,0,0,11
12926,0.03039480932056904,0.8185362219810486,0.15106898546218872,7,0.159422410259532,passive_browsing,hackernews,0,0,7
12927,0.008247477933764458,0.3690948188304901,0.6226577162742615,1,0.9983681484175702,purchase_intent,hackernews,0,0,11
12928,0.0028661659453064203,0.02858235314488411,0.968551516532898,1,0.5892365607739914,purchase_intent,hackernews,0,0,10
12929,0.008184248581528664,0.38233888149261475,0.6094768643379211,1,1.0,purchase_intent,hackernews,0,0,11
12931,0.008260187692940235,0.36330097913742065,0.6284388303756714,1,1.0,purchase_intent,hackernews,0,0,11
12932,0.6148748993873596,0.26091688871383667,0.12420819699764252,0,1.0,churn_risk,hackernews,0,0,11
12933,0.008083236403763294,0.3402780294418335,0.6516387462615967,1,0.8704886124233803,passive_browsing,hackernews,0,0,9
12934,0.2573854625225067,0.6743195652961731,0.06829502433538437,-1,0.0,passive_browsing,hackernews,0,0,9
12935,0.9015464782714844,0.0846884548664093,0.013765032403171062,0,1.0,churn_risk,hackernews,0,0,14
12936,0.003928726073354483,0.15973152220249176,0.8363397121429443,-1,0.0,purchase_intent,hackernews,0,0,8
12937,0.014129472896456718,0.1200583353638649,0.8658121228218079,-1,0.0,purchase_intent,hackernews,0,0,6
12938,0.009508677758276463,0.385537713766098,0.6049535870552063,1,1.0,purchase_intent,hackernews,0,0,10
12939,0.006905596703290939,0.36838412284851074,0.6247102618217468,1,0.8776496453526023,purchase_intent,hackernews,0,0,15
12940,0.7718916535377502,0.18382249772548676,0.044285889714956284,0,0.45094597877795334,churn_risk,hackernews,0,0,10
12941,0.8850710391998291,0.10325945168733597,0.011669463478028774,39,0.89711440839945,churn_risk,hackernews,0,0,5
12942,0.007945544086396694,0.3964056074619293,0.5956488251686096,1,0.5320534283253701,purchase_intent,hackernews,0,0,15
12943,0.007854740135371685,0.38548699021339417,0.6066582798957825,1,1.0,purchase_intent,hackernews,0,0,14
12944,0.008013186976313591,0.3818664848804474,0.6101203560829163,1,0.9632766423399738,purchase_intent,hackernews,0,0,15
12945,0.00413386570289731,0.11064640432596207,0.8852197527885437,1,1.0,purchase_intent,hackernews,0,0,17
12946,0.7715328335762024,0.21452105045318604,0.013946120627224445,0,0.6546727374309379,churn_risk,hackernews,0,0,4
12947,0.007845035754144192,0.3894275426864624,0.602727472782135,1,0.9246850550570238,purchase_intent,hackernews,0,0,15
12948,0.006600756663829088,0.35605016350746155,0.6373490691184998,1,1.0,purchase_intent,hackernews,0,0,15
12949,0.06297746300697327,0.2213447093963623,0.7156778573989868,0,0.9227507816742013,purchase_intent,hackernews,0,0,12
12951,0.009038685820996761,0.411607563495636,0.5793537497520447,1,0.8946850548620608,purchase_intent,hackernews,0,0,10
12952,0.9238344430923462,0.06848254799842834,0.007683004718273878,0,0.6060426215313987,churn_risk,hackernews,0,0,4
12953,0.6740678548812866,0.28582844138145447,0.040103718638420105,0,0.6053905357799214,churn_risk,hackernews,0,0,15
12954,0.15400724112987518,0.6254500150680542,0.2205427885055542,0,0.5924620998635225,passive_browsing,hackernews,0,0,6
12955,0.9038603901863098,0.08430860936641693,0.011831033043563366,0,0.7816890135556752,churn_risk,hackernews,0,0,12
12956,0.039272911846637726,0.7815654873847961,0.17916159331798553,-1,0.0,passive_browsing,hackernews,0,0,12
12957,0.033153995871543884,0.12163834273815155,0.8452076315879822,0,1.0,purchase_intent,hackernews,0,0,9
12960,0.14930781722068787,0.7039575576782227,0.14673466980457306,-1,0.0,passive_browsing,hackernews,0,0,7
12961,0.0074724238365888596,0.5678895711898804,0.424638032913208,1,1.0,passive_browsing,hackernews,0,0,11
12962,0.006111721508204937,0.0646093413233757,0.9292789101600647,-1,0.0,purchase_intent,hackernews,0,0,8
12963,0.008145670406520367,0.6729276180267334,0.3189266622066498,-1,0.0,passive_browsing,hackernews,0,0,5
12965,0.048425547778606415,0.3627527952194214,0.5888215899467468,0,0.6791689133156772,passive_browsing,hackernews,0,0,4
12966,0.882660448551178,0.10590197890996933,0.011437593027949333,0,0.5389499613529376,churn_risk,hackernews,0,0,6
12967,0.1008615791797638,0.4237784445285797,0.47536003589630127,0,0.5827710927439641,purchase_intent,hackernews,0,0,10
12968,0.9388448596000671,0.055702708661556244,0.005452473182231188,0,0.48402805776620317,churn_risk,hackernews,0,0,5
12969,0.9216868877410889,0.06945667415857315,0.008856500498950481,0,0.7722589459458646,churn_risk,hackernews,0,0,9
12970,0.00371850305236876,0.22128766775131226,0.7749937772750854,-1,0.0,purchase_intent,hackernews,0,0,6
12971,0.008491536602377892,0.2878122627735138,0.7036962509155273,-1,0.0,purchase_intent,hackernews,0,0,8
12981,0.6672520041465759,0.30905881524086,0.02368922159075737,11,1.0,churn_risk,hackernews,2,5,11
12984,0.41997411847114563,0.5408609509468079,0.03916487470269203,-1,0.0,passive_browsing,hackernews,0,0,8
12985,0.472653865814209,0.4315490126609802,0.09579703211784363,1,0.6751626083407355,passive_browsing,hackernews,0,0,6
12986,0.017745401710271835,0.09775509685277939,0.8844994902610779,-1,0.0,purchase_intent,hackernews,0,0,6
12987,0.08930116891860962,0.2524787187576294,0.6582200527191162,-1,0.0,passive_browsing,hackernews,0,0,4
12988,0.9328452348709106,0.05987374112010002,0.00728112505748868,0,0.9337925611588799,churn_risk,hackernews,0,0,8
12989,0.2820013165473938,0.568572998046875,0.1494256854057312,0,1.0,passive_browsing,hackernews,0,0,8
12990,0.00358112552203238,0.0840287059545517,0.9123901128768921,1,0.9981201362902637,purchase_intent,hackernews,0,0,5
12992,0.5994848608970642,0.3621230721473694,0.038392070680856705,-1,0.0,churn_risk,hackernews,0,0,6
12993,0.4960159659385681,0.42986369132995605,0.07412033528089523,-1,0.0,passive_browsing,hackernews,0,0,7
13002,0.6133520603179932,0.3538729250431061,0.03277505189180374,0,0.4862916116243556,passive_browsing,hackernews,0,0,8
13004,0.038562364876270294,0.25690045952796936,0.7045372128486633,0,0.6053905357799214,purchase_intent,hackernews,0,0,17
13005,0.08183586597442627,0.35101592540740967,0.5671482086181641,0,0.7162620809071005,purchase_intent,hackernews,0,0,8
13006,0.5824264883995056,0.3833138346672058,0.034259695559740067,0,0.6820680515634696,churn_risk,hackernews,0,0,26
13007,0.2471962571144104,0.6661407351493835,0.08666307479143143,0,0.48301193602089854,passive_browsing,hackernews,0,0,17
13008,0.6684111952781677,0.30561941862106323,0.025969404727220535,-1,0.0,churn_risk,hackernews,0,0,10
13009,0.7093488574028015,0.25955888628959656,0.031092248857021332,-1,0.0,churn_risk,hackernews,0,0,11
13013,0.013445619493722916,0.6640110015869141,0.3225434124469757,-1,0.0,passive_browsing,hackernews,0,0,11
13014,0.6662631630897522,0.316546231508255,0.017190536484122276,0,0.3064094068836275,passive_browsing,hackernews,0,0,6
13015,0.012204700149595737,0.5825048685073853,0.4052903950214386,-1,0.0,passive_browsing,hackernews,0,0,6
13016,0.010178783908486366,0.3146749436855316,0.6751463413238525,-1,0.0,purchase_intent,hackernews,0,0,6
13018,0.01115101296454668,0.31511425971984863,0.6737346649169922,-1,0.0,purchase_intent,hackernews,0,0,6
13019,0.21063132584095,0.3074300289154053,0.4819387197494507,-1,0.0,passive_browsing,hackernews,0,0,4
13020,0.011745922267436981,0.35823002457618713,0.6300240755081177,-1,0.0,purchase_intent,hackernews,0,0,6
13021,0.007853924296796322,0.3331628739833832,0.6589831709861755,-1,0.0,purchase_intent,hackernews,0,0,9
13022,0.008526789024472237,0.35745733976364136,0.6340159177780151,-1,0.0,purchase_intent,hackernews,0,0,8
13023,0.1343536078929901,0.6714895963668823,0.19415678083896637,-1,0.0,passive_browsing,hackernews,0,0,14
13024,0.012271571904420853,0.3921990990638733,0.5955293774604797,-1,0.0,passive_browsing,hackernews,0,0,6
13027,0.004954604897648096,0.13213694095611572,0.8629084825515747,-1,0.0,purchase_intent,hackernews,16,5,7
13028,0.004274135921150446,0.11710262298583984,0.8786232471466064,-1,0.0,purchase_intent,hackernews,10,2,8
13031,0.008894465863704681,0.04084980487823486,0.9502557516098022,0,0.6791689133156772,purchase_intent,hackernews,0,0,7
13032,0.11586625128984451,0.24123254418373108,0.6429011821746826,0,0.6290513166051812,passive_browsing,hackernews,0,0,3
13033,0.01733752153813839,0.7918952107429504,0.19076722860336304,-1,0.0,passive_browsing,hackernews,0,0,8
13034,0.008307055570185184,0.10150712728500366,0.8901857733726501,-1,0.0,purchase_intent,hackernews,0,0,7
13035,0.836567759513855,0.15336136519908905,0.010070940479636192,0,0.31950953331627885,churn_risk,hackernews,0,0,7
13036,0.4354371428489685,0.4389714300632477,0.1255914270877838,0,0.3993901717200028,passive_browsing,hackernews,0,0,3
13037,0.009705890901386738,0.11506656557321548,0.8752275705337524,0,0.6791689133156772,purchase_intent,hackernews,0,0,14
13039,0.17312917113304138,0.5792937874794006,0.24757704138755798,0,1.0,passive_browsing,hackernews,0,0,8
13040,0.003679949324578047,0.3534107804298401,0.6429092288017273,-1,0.0,passive_browsing,hackernews,0,0,4
13043,0.6430398225784302,0.31685298681259155,0.04010720178484917,-1,0.0,passive_browsing,hackernews,0,0,15
13044,0.13403798639774323,0.7259714007377625,0.1399906426668167,-1,0.0,passive_browsing,hackernews,0,0,7
13045,0.002949637360870838,0.11809488385915756,0.8789554834365845,-1,0.0,purchase_intent,hackernews,0,0,7
13046,0.15568648278713226,0.4423571527004242,0.40195631980895996,-1,0.0,passive_browsing,hackernews,0,0,6
13049,0.8046631217002869,0.179679736495018,0.015657193958759308,0,0.34017128571200966,churn_risk,hackernews,0,0,9
13050,0.008417639881372452,0.3835233151912689,0.6080590486526489,-1,0.0,purchase_intent,hackernews,65,39,17
13052,0.007517974823713303,0.5833204984664917,0.4091615378856659,-1,0.0,passive_browsing,hackernews,1,0,3
13053,0.005122394300997257,0.30956271290779114,0.6853148937225342,0,0.7464252647452293,purchase_intent,hackernews,1,0,14
13054,0.39658740162849426,0.5761145949363708,0.027297917753458023,-1,0.0,passive_browsing,hackernews,1,0,8
13057,0.021145369857549667,0.8075005412101746,0.17135408520698547,-1,0.0,passive_browsing,hackernews,186,145,10
13059,0.01391526497900486,0.7311204075813293,0.25496435165405273,-1,0.0,passive_browsing,hackernews,103,62,25
13060,0.002675984986126423,0.0894172191619873,0.9079067707061768,-1,0.0,purchase_intent,hackernews,89,66,10
13061,0.010983685031533241,0.6057558059692383,0.3832605481147766,12,0.6125274648668423,passive_browsing,hackernews,87,36,19
13062,0.03591368347406387,0.7381153106689453,0.2259710282087326,1,1.0,passive_browsing,hackernews,2,0,3
13064,0.014769052155315876,0.6063467860221863,0.37888413667678833,1,0.8964686113240493,passive_browsing,hackernews,1,0,4
13065,0.005247632507234812,0.2527706027030945,0.7419817447662354,1,0.8996271755250582,purchase_intent,hackernews,1,0,15
13069,0.06489723920822144,0.6069409847259521,0.32816171646118164,1,0.6562438475769508,passive_browsing,hackernews,0,0,5
13070,0.010845301672816277,0.6229477524757385,0.36620691418647766,1,0.33219608161425557,passive_browsing,hackernews,0,0,3
13074,0.8707525730133057,0.10466396063566208,0.02458343841135502,-1,0.0,churn_risk,hackernews,0,0,3
13075,0.5083836913108826,0.453804612159729,0.03781165927648544,1,0.6851663450809159,passive_browsing,hackernews,0,0,4
13078,0.0107137905433774,0.6006746888160706,0.3886116147041321,1,0.9086904988305652,passive_browsing,hackernews,0,0,10
13079,0.010647745802998543,0.5782266855239868,0.4111255705356598,1,1.0,passive_browsing,hackernews,0,0,10
13080,0.3991563320159912,0.5720095038414001,0.02883412502706051,1,0.5212690619007702,passive_browsing,hackernews,0,0,4
13081,0.01059984415769577,0.5922268033027649,0.3971734046936035,1,0.9320326356582972,passive_browsing,hackernews,0,0,10
13082,0.010987892746925354,0.5740737318992615,0.414938360452652,1,0.8618236935281098,passive_browsing,hackernews,0,0,10
13083,0.012637436389923096,0.7961363792419434,0.19122624397277832,1,1.0,passive_browsing,hackernews,0,0,9
13087,0.008713038638234138,0.7152531147003174,0.27603384852409363,1,0.24462280628822305,passive_browsing,hackernews,0,0,5
13092,0.01029006578028202,0.48652806878089905,0.5031819343566895,-1,0.0,purchase_intent,hackernews,0,0,16
13093,0.234762504696846,0.6258053183555603,0.13943222165107727,1,0.5641806621578779,passive_browsing,hackernews,0,0,4
13100,0.14742259681224823,0.6976785659790039,0.15489883720874786,-1,0.0,passive_browsing,hackernews,0,0,3
13101,0.006502377334982157,0.10199100524187088,0.891506552696228,1,1.0,purchase_intent,hackernews,0,0,8
13103,0.008221570402383804,0.7410504817962646,0.25072792172431946,1,0.6290923672894573,passive_browsing,hackernews,12,3,5
13104,0.013314837589859962,0.8070825934410095,0.17960260808467865,1,0.6751370704448677,passive_browsing,hackernews,1,0,5
13105,0.019770463928580284,0.7682482600212097,0.21198131144046783,-1,0.0,passive_browsing,hackernews,351,213,9
13106,0.02371274121105671,0.8021286129951477,0.1741587221622467,-1,0.0,passive_browsing,hackernews,130,49,11
13107,0.009310748428106308,0.6387093663215637,0.35197991132736206,1,1.0,passive_browsing,hackernews,121,32,14
13110,0.01674533076584339,0.4828554093837738,0.5003992319107056,-1,0.0,purchase_intent,hackernews,74,34,17
13113,0.010475263930857182,0.5176132321357727,0.4719115197658539,1,0.6543067306465687,passive_browsing,hackernews,13,0,12
13114,0.07959001511335373,0.8669560551643372,0.05345384031534195,-1,0.0,passive_browsing,hackernews,8,5,6
13116,0.014006340876221657,0.6145704984664917,0.3714231848716736,1,0.9908126870667684,passive_browsing,hackernews,4,8,6
13117,0.022561682388186455,0.5210448503494263,0.4563934803009033,11,1.0,passive_browsing,hackernews,3,2,13
13119,0.007974145002663136,0.28678619861602783,0.7052395939826965,1,0.5989295680970758,purchase_intent,hackernews,2,2,8
13121,0.0037980719935148954,0.18292349576950073,0.8132784962654114,1,0.6255050132334105,purchase_intent,hackernews,2,0,3
13122,0.018273284658789635,0.8264526724815369,0.15527406334877014,-1,0.0,passive_browsing,hackernews,1,4,8
13123,0.05437890812754631,0.5576725006103516,0.38794854283332825,-1,0.0,passive_browsing,hackernews,1,0,6
13124,0.15654756128787994,0.5339306592941284,0.30952170491218567,1,1.0,passive_browsing,hackernews,1,0,13
13125,0.006331834476441145,0.56638103723526,0.42728710174560547,1,0.7231329938103774,passive_browsing,hackernews,1,0,6
13126,0.03428826481103897,0.6992998719215393,0.2664119005203247,1,0.8996271755250582,passive_browsing,hackernews,1,0,4
13164,0.013385492376983166,0.8027508854866028,0.18386361002922058,1,0.23288793322472992,passive_browsing,hackernews,0,0,7
13165,0.008075564168393612,0.31578898429870605,0.6761354804039001,-1,0.0,purchase_intent,hackernews,0,0,10
13166,0.10464377701282501,0.5907741189002991,0.30458205938339233,-1,0.0,passive_browsing,hackernews,0,0,6
13167,0.4406874477863312,0.5028883218765259,0.05642428249120712,-1,0.0,passive_browsing,hackernews,0,0,12
13168,0.01710437797009945,0.7066872119903564,0.27620843052864075,-1,0.0,passive_browsing,hackernews,0,0,11
13169,0.030529454350471497,0.857933521270752,0.11153700202703476,-1,0.0,passive_browsing,hackernews,0,0,9
13170,0.05595116317272186,0.19390852749347687,0.750140368938446,0,1.0,purchase_intent,hackernews,0,0,5
13171,0.6277663707733154,0.3516535758972168,0.020579975098371506,11,1.0,passive_browsing,hackernews,0,0,5
13173,0.0640348270535469,0.7767007946968079,0.15926438570022583,-1,0.0,passive_browsing,hackernews,0,0,9
13174,0.20045670866966248,0.7370393872261047,0.06250391155481339,0,0.8325241089206346,passive_browsing,hackernews,0,0,7
13175,0.5044053792953491,0.4776449501514435,0.017949622124433517,-1,0.0,churn_risk,hackernews,0,0,5
13176,0.3003651797771454,0.6730639338493347,0.026570849120616913,1,0.6614620772944848,passive_browsing,hackernews,0,0,7
13177,0.013987090438604355,0.6118659377098083,0.3741469979286194,1,0.8134235195496539,passive_browsing,hackernews,0,0,3
13178,0.377641886472702,0.5225642919540405,0.09979383647441864,11,1.0,passive_browsing,hackernews,0,0,9
13179,0.007653234992176294,0.31670281291007996,0.6756439805030823,1,0.904635999905677,purchase_intent,hackernews,0,0,6
13180,0.08920913189649582,0.607453465461731,0.3033373951911926,-1,0.0,passive_browsing,hackernews,0,0,3
13181,0.0059211947955191135,0.24505755305290222,0.7490212321281433,-1,0.0,purchase_intent,hackernews,0,0,4
13182,0.34988558292388916,0.6031666398048401,0.04694773629307747,-1,0.0,passive_browsing,hackernews,0,0,4
13183,0.06598477810621262,0.856578528881073,0.07743668556213379,-1,0.0,passive_browsing,hackernews,0,0,10
13184,0.033897604793310165,0.6604153513908386,0.3056870698928833,1,0.9174248244183457,passive_browsing,hackernews,0,0,8
13185,0.07651190459728241,0.5037845969200134,0.41970348358154297,-1,0.0,passive_browsing,hackernews,0,0,12
13186,0.04226715862751007,0.42725467681884766,0.5304782390594482,-1,0.0,purchase_intent,hackernews,0,0,4
13187,0.7605700492858887,0.22359172999858856,0.015838131308555603,-1,0.0,churn_risk,hackernews,0,0,6
13188,0.08580797165632248,0.8449698686599731,0.06922220438718796,-1,0.0,passive_browsing,hackernews,0,0,9
13189,0.31880900263786316,0.5543643236160278,0.12682662904262543,1,0.5086776016695816,passive_browsing,hackernews,0,0,6
13190,0.7980409860610962,0.18247874081134796,0.019480301067233086,-1,0.0,churn_risk,hackernews,0,0,6
13191,0.004345117602497339,0.053921204060316086,0.941733717918396,-1,0.0,purchase_intent,hackernews,0,0,6
13192,0.0067591071128845215,0.41256090998649597,0.5806800127029419,1,1.0,purchase_intent,hackernews,0,0,6
13193,0.007121545262634754,0.8470290303230286,0.14584942162036896,1,0.14188888718098153,passive_browsing,hackernews,0,0,4
13194,0.03041769377887249,0.6111416220664978,0.3584407567977905,-1,0.0,passive_browsing,hackernews,0,0,13
13195,0.9220159649848938,0.07258573919534683,0.005398361012339592,-1,0.0,churn_risk,hackernews,0,0,4
13196,0.04603585600852966,0.8056700229644775,0.14829407632350922,-1,0.0,passive_browsing,hackernews,0,0,4
13197,0.007547230459749699,0.42532575130462646,0.5671270489692688,1,1.0,purchase_intent,hackernews,0,0,6
13199,0.008831738494336605,0.06456687301397324,0.9266014099121094,1,0.8174820204504816,purchase_intent,hackernews,0,0,4
13200,0.0034250381868332624,0.08585900813341141,0.9107159376144409,1,1.0,purchase_intent,hackernews,0,0,7
13201,0.008030674420297146,0.5185668468475342,0.4734025299549103,1,0.8910932545354003,passive_browsing,hackernews,0,0,3
13203,0.09909450262784958,0.8473993539810181,0.05350615829229355,1,0.7205915612032147,passive_browsing,hackernews,0,0,5
13204,0.010220562107861042,0.49231457710266113,0.4974648356437683,1,0.9040267057263325,purchase_intent,hackernews,0,0,9
13205,0.0073545146733522415,0.41432300209999084,0.5783224105834961,1,1.0,purchase_intent,hackernews,0,0,6
13208,0.0382973812520504,0.8794057965278625,0.08229675143957138,1,0.6247550691613378,passive_browsing,hackernews,0,0,9
13209,0.8941613435745239,0.09769903868436813,0.008139626123011112,1,0.8326955073401949,churn_risk,hackernews,0,0,5
13210,0.6051140427589417,0.3479326665401459,0.046953342854976654,-1,0.0,passive_browsing,hackernews,0,0,5
13211,0.22127676010131836,0.5663368105888367,0.21238645911216736,1,0.8996271755250582,passive_browsing,hackernews,0,0,7
13212,0.03893958777189255,0.7171669006347656,0.24389353394508362,1,0.5641806621578779,passive_browsing,hackernews,0,0,3
13213,0.01172798965126276,0.6268427968025208,0.3614291548728943,1,0.721048464882172,passive_browsing,hackernews,0,0,5
13214,0.5581091642379761,0.42464151978492737,0.0172493364661932,11,0.8945432594002843,passive_browsing,hackernews,0,0,5
13215,0.458773136138916,0.5214061141014099,0.019820772111415863,-1,0.0,passive_browsing,hackernews,0,0,4
13216,0.0888039693236351,0.5952475070953369,0.3159485459327698,1,0.5492358618791233,passive_browsing,hackernews,0,0,8
13217,0.058361515402793884,0.8085804581642151,0.13305804133415222,1,1.0,passive_browsing,hackernews,0,0,9
13218,0.02050589583814144,0.6005343198776245,0.3789597749710083,1,0.8528274452667399,passive_browsing,hackernews,0,0,4
13219,0.2854215204715729,0.5998836755752563,0.11469479650259018,1,0.6617905613648717,passive_browsing,hackernews,0,0,3
13220,0.013162435032427311,0.6903097629547119,0.29652777314186096,1,0.9677346003979418,passive_browsing,hackernews,0,0,5
13221,0.01155612338334322,0.6250688433647156,0.3633750081062317,1,0.8762667682045773,passive_browsing,hackernews,0,0,5
13222,0.7172456383705139,0.262054979801178,0.02069944515824318,-1,0.0,churn_risk,hackernews,0,0,3
13223,0.005127045325934887,0.044917285442352295,0.9499556422233582,1,0.7123970521129454,purchase_intent,hackernews,0,0,8
13225,0.1933949887752533,0.6416106224060059,0.16499432921409607,-1,0.0,passive_browsing,hackernews,0,0,6
13226,0.009157193824648857,0.14488361775875092,0.8459592461585999,-1,0.0,purchase_intent,hackernews,0,0,4
13227,0.24751238524913788,0.7103089690208435,0.04217871278524399,-1,0.0,passive_browsing,hackernews,0,0,4
13228,0.009164993651211262,0.7595185041427612,0.2313164919614792,1,0.5528237581068305,passive_browsing,hackernews,0,0,8
13229,0.8292569518089294,0.15603052079677582,0.014712484553456306,-1,0.0,churn_risk,hackernews,0,0,9
13230,0.004154573194682598,0.15466417372226715,0.8411812782287598,1,0.6870125896899147,purchase_intent,hackernews,0,0,5
13231,0.007628739345818758,0.3677580952644348,0.6246132254600525,1,0.0855418709546212,purchase_intent,hackernews,0,0,3
13232,0.01722356677055359,0.845196545124054,0.1375797688961029,1,1.0,passive_browsing,hackernews,0,0,5
13233,0.8900923132896423,0.09858981519937515,0.011317942291498184,1,0.6851663450809159,churn_risk,hackernews,0,0,8
13234,0.032022539526224136,0.5697352290153503,0.39824220538139343,1,0.8996271755250582,passive_browsing,hackernews,0,0,6
13235,0.04511938989162445,0.2611004710197449,0.6937801241874695,1,0.7270358395705266,purchase_intent,hackernews,0,0,3
13236,0.6181349158287048,0.23704946041107178,0.144815593957901,1,1.0,churn_risk,hackernews,0,0,5
13237,0.022271128371357918,0.6093258857727051,0.36840301752090454,1,0.8169332531785862,passive_browsing,hackernews,0,0,3
13238,0.0403033047914505,0.6510502696037292,0.30864647030830383,0,1.0,passive_browsing,hackernews,0,0,16
13241,0.05945342779159546,0.8418871164321899,0.09865940362215042,1,1.0,passive_browsing,hackernews,0,0,4
13242,0.006054386962205172,0.06860668212175369,0.9253389239311218,1,1.0,purchase_intent,hackernews,0,0,3
13243,0.8468431234359741,0.13908284902572632,0.014074057340621948,-1,0.0,churn_risk,hackernews,0,0,3
13244,0.8670366406440735,0.12065531313419342,0.012308076024055481,1,0.8996271755250582,churn_risk,hackernews,0,0,4
13246,0.4125613868236542,0.4923376739025116,0.09510090202093124,1,0.8764777626027194,passive_browsing,hackernews,0,0,6
13247,0.5295142531394958,0.4453356862068176,0.025150028988718987,-1,0.0,passive_browsing,hackernews,0,0,6
13248,0.5330963730812073,0.43853116035461426,0.028372464701533318,-1,0.0,passive_browsing,hackernews,0,0,8
13250,0.06333760172128677,0.4925769567489624,0.4440854489803314,1,0.5382970791915104,passive_browsing,hackernews,0,0,7
13251,0.01591024361550808,0.5151269435882568,0.46896281838417053,1,1.0,passive_browsing,hackernews,0,0,6
13252,0.09518279880285263,0.22729530930519104,0.6775218844413757,-1,0.0,purchase_intent,hackernews,0,0,8
13253,0.12947486340999603,0.8013800382614136,0.06914516538381577,1,0.7592392942461784,passive_browsing,hackernews,0,0,4
13254,0.2510620355606079,0.6866750121116638,0.06226294860243797,-1,0.0,passive_browsing,hackernews,0,0,9
13255,0.00545036606490612,0.6564250588417053,0.3381246328353882,-1,0.0,passive_browsing,hackernews,0,0,6
13256,0.03454696014523506,0.9012025594711304,0.06425053626298904,1,0.8850225995757817,passive_browsing,hackernews,0,0,6
13257,0.01988814026117325,0.8237495422363281,0.15636232495307922,1,0.9312549322175974,passive_browsing,hackernews,0,0,3
13258,0.523413360118866,0.4014108180999756,0.07517582923173904,-1,0.0,churn_risk,hackernews,0,0,5
13259,0.005375888664275408,0.4768535792827606,0.5177705883979797,1,0.6997143517126149,purchase_intent,hackernews,0,0,7
13260,0.019556419923901558,0.85379558801651,0.12664808332920074,1,1.0,passive_browsing,hackernews,0,0,8
13261,0.0743224173784256,0.8432070016860962,0.0824706181883812,0,0.7080083843201468,passive_browsing,hackernews,0,0,16
13262,0.009846101514995098,0.7224504351615906,0.2677035331726074,1,0.6591062686749536,passive_browsing,hackernews,39,23,10
13264,0.05538376793265343,0.8634462952613831,0.08116994798183441,1,0.9201321469300102,passive_browsing,hackernews,4,8,2
13268,0.007149293553084135,0.5408288836479187,0.45202183723449707,1,0.3074759489330035,passive_browsing,hackernews,3,0,3
13270,0.09541337937116623,0.7479195594787598,0.15666712820529938,1,0.8673695583849748,passive_browsing,hackernews,2,3,5
13271,0.43110355734825134,0.5253675580024719,0.043528858572244644,1,0.6167336777456145,passive_browsing,hackernews,2,2,4
13273,0.5678589940071106,0.4183759391307831,0.013765108771622181,1,0.6566664620014875,passive_browsing,hackernews,2,1,2
13277,0.011246968992054462,0.5303651094436646,0.4583878815174103,1,0.983879504082589,passive_browsing,hackernews,2,0,2
13284,0.06543781608343124,0.9004318714141846,0.03413032740354538,1,1.0,passive_browsing,hackernews,1,1,2
13285,0.0217484962195158,0.6665599942207336,0.311691552400589,-1,0.0,passive_browsing,hackernews,1,1,4
13286,0.027945300564169884,0.6673258543014526,0.30472880601882935,1,1.0,passive_browsing,hackernews,1,1,2
13287,0.07042016088962555,0.8515397906303406,0.07804007828235626,1,1.0,passive_browsing,hackernews,1,1,2
13289,0.01592263951897621,0.8104299306869507,0.1736474186182022,1,0.9434992212609543,passive_browsing,hackernews,1,0,2
13290,0.04244786128401756,0.691231906414032,0.26632025837898254,1,0.9820739975520248,passive_browsing,hackernews,1,0,2
13292,0.020384391769766808,0.9288623332977295,0.050753217190504074,1,1.0,passive_browsing,hackernews,1,0,2
13293,0.008281168527901173,0.8534212708473206,0.13829751312732697,1,0.6841821589973353,passive_browsing,hackernews,1,0,2
13294,0.0978003442287445,0.8598574995994568,0.042342185974121094,1,1.0,passive_browsing,hackernews,1,0,3
13296,0.008702264167368412,0.6555483937263489,0.3357492983341217,1,1.0,passive_browsing,hackernews,1,0,3
13304,0.020611468702554703,0.6453111171722412,0.3340774178504944,1,0.8441361198071908,passive_browsing,hackernews,145,84,6
13305,0.0035098211374133825,0.17737311124801636,0.8191170692443848,1,0.3697876606262598,purchase_intent,hackernews,8,4,6
13306,0.01322302594780922,0.21647155284881592,0.7703054547309875,1,1.0,purchase_intent,hackernews,7,6,14
13308,0.010295779444277287,0.6986113786697388,0.2910929024219513,1,0.6729854126243472,passive_browsing,hackernews,4,1,11
13311,0.5254225134849548,0.4454021751880646,0.029175367206335068,1,0.5582767779242679,passive_browsing,hackernews,2,2,9
13312,0.008006209507584572,0.33844777941703796,0.6535459756851196,32,1.0,passive_browsing,hackernews,2,0,6
13316,0.017409704625606537,0.8203316926956177,0.16225863993167877,1,0.463706930753506,passive_browsing,hackernews,1,0,9
13350,0.018066013231873512,0.5681230425834656,0.41381096839904785,1,0.48528264567060425,passive_browsing,hackernews,0,0,2
13351,0.23927591741085052,0.718777596950531,0.04194648191332817,1,0.936746476274132,passive_browsing,hackernews,0,0,3
13352,0.06792498379945755,0.8578054308891296,0.07426949590444565,-1,0.0,passive_browsing,hackernews,0,0,5
13353,0.06743766367435455,0.8771493434906006,0.05541306734085083,1,0.9871995005054006,passive_browsing,hackernews,0,0,3
13354,0.006640117149800062,0.6739894151687622,0.31937044858932495,1,0.6092338636398057,passive_browsing,hackernews,0,0,3
13357,0.11842339485883713,0.6976385712623596,0.18393802642822266,1,0.544782387206952,passive_browsing,hackernews,0,0,4
13358,0.021696150302886963,0.8858407139778137,0.09246309846639633,1,1.0,passive_browsing,hackernews,0,0,2
13359,0.007887165062129498,0.21478316187858582,0.7773296236991882,-1,0.0,purchase_intent,hackernews,0,0,4
13361,0.010349699296057224,0.2802544832229614,0.7093957662582397,1,0.8472349237881553,purchase_intent,hackernews,0,0,2
13362,0.009357382543385029,0.0639900341629982,0.9266526103019714,1,0.5871346159655758,purchase_intent,hackernews,0,0,4
13363,0.8693180680274963,0.1250019073486328,0.005679988767951727,1,0.3527166225618219,churn_risk,hackernews,0,0,2
13364,0.014278669841587543,0.7808293104171753,0.20489196479320526,1,1.0,passive_browsing,hackernews,0,0,5
13367,0.22553236782550812,0.7006848454475403,0.07378286123275757,1,0.7314640029428827,passive_browsing,hackernews,0,0,6
13368,0.013149078004062176,0.11222974956035614,0.8746211528778076,1,0.5401272347997562,purchase_intent,hackernews,0,0,3
13369,0.1740371435880661,0.7931853532791138,0.03277749940752983,1,1.0,passive_browsing,hackernews,0,0,3
13370,0.06946732848882675,0.8632195591926575,0.06731310486793518,1,0.5389028827882419,passive_browsing,hackernews,0,0,3
13373,0.29116249084472656,0.6783469915390015,0.030490467324852943,-1,0.0,passive_browsing,hackernews,0,0,4
13376,0.2911600172519684,0.6535558104515076,0.055284179747104645,1,0.7061691567847574,passive_browsing,hackernews,0,0,5
13377,0.3778333067893982,0.5249587893486023,0.09720791131258011,-1,0.0,passive_browsing,hackernews,0,0,5
13379,0.005701716523617506,0.2501986622810364,0.7440995573997498,-1,0.0,purchase_intent,hackernews,0,0,10
13380,0.10220059007406235,0.6442638635635376,0.25353559851646423,1,0.35883562310489137,passive_browsing,hackernews,0,0,7
13382,0.002328595845028758,0.0376754030585289,0.9599959850311279,1,0.28148262339103886,purchase_intent,hackernews,0,0,5
13385,0.007086300291121006,0.13717126846313477,0.8557424545288086,1,0.2857226090178326,purchase_intent,hackernews,0,0,3
13386,0.016393737867474556,0.7713363170623779,0.2122698724269867,1,0.9434992212609543,passive_browsing,hackernews,0,0,2
13387,0.004499339964240789,0.22457340359687805,0.7709273099899292,1,0.2950053506033446,purchase_intent,hackernews,0,0,7
13388,0.8494743704795837,0.1387483924627304,0.011777232401072979,-1,0.0,churn_risk,hackernews,0,0,5
13389,0.014117765240371227,0.5669863820075989,0.4188959002494812,-1,0.0,passive_browsing,hackernews,0,0,7
13390,0.30793297290802,0.5724472999572754,0.11961974948644638,0,0.9703983291792564,passive_browsing,hackernews,0,0,3
13392,0.004200040828436613,0.015597064048051834,0.9802029132843018,-1,0.0,purchase_intent,hackernews,0,0,2
13393,0.08696477860212326,0.8700530529022217,0.04298211634159088,1,1.0,passive_browsing,hackernews,0,0,3
13394,0.679225504398346,0.2868482768535614,0.03392629697918892,-1,0.0,passive_browsing,hackernews,0,0,4
13395,0.08746395260095596,0.8000752329826355,0.11246075481176376,1,0.663403136771689,passive_browsing,hackernews,0,0,3
13396,0.024089302867650986,0.6077322363853455,0.36817848682403564,1,0.3074759489330035,passive_browsing,hackernews,0,0,2
13397,0.032841529697179794,0.11900264769792557,0.8481557965278625,1,0.3074759489330035,purchase_intent,hackernews,0,0,2
13398,0.3961731195449829,0.5833327770233154,0.020494068041443825,11,1.0,passive_browsing,hackernews,0,0,3
13399,0.009367463178932667,0.5648748278617859,0.4257577955722809,1,0.989571359467357,passive_browsing,hackernews,0,0,9
13400,0.1401616483926773,0.7303909063339233,0.12944744527339935,1,0.7686677528975852,passive_browsing,hackernews,0,0,3
13401,0.16141462326049805,0.7808164358139038,0.057768844068050385,1,0.3543116024347995,passive_browsing,hackernews,0,0,2
13402,0.012875707820057869,0.31975775957107544,0.6673665642738342,1,0.8815176862688743,passive_browsing,hackernews,0,0,3
13403,0.7706365585327148,0.21367301046848297,0.015690399333834648,-1,0.0,churn_risk,hackernews,0,0,4
13405,0.010340195149183273,0.780705451965332,0.20895446836948395,-1,0.0,passive_browsing,hackernews,0,0,5
13406,0.38057655096054077,0.5755747556686401,0.043848782777786255,1,0.6863344456031709,passive_browsing,hackernews,0,0,4
13408,0.030338050797581673,0.2722238302230835,0.6974380612373352,1,0.5343417112119847,purchase_intent,hackernews,0,0,12
13410,0.6193028092384338,0.3414422273635864,0.03925492241978645,1,0.7810531611017937,passive_browsing,hackernews,0,0,5
13411,0.5870475769042969,0.38694456219673157,0.0260078776627779,1,0.8779617465242981,passive_browsing,hackernews,0,0,3
13412,0.3976919651031494,0.5522868633270264,0.05002114176750183,-1,0.0,passive_browsing,hackernews,0,0,5
13413,0.00929224956780672,0.06463304907083511,0.926074743270874,1,0.3491876737053741,purchase_intent,hackernews,0,0,6
13414,0.04687369987368584,0.9052737951278687,0.04785254970192909,1,0.803748514971396,passive_browsing,hackernews,0,0,2
13415,0.005678486078977585,0.6202447414398193,0.3740766942501068,1,0.6222082800395927,passive_browsing,hackernews,0,0,5
13416,0.08153333514928818,0.7627284526824951,0.1557382196187973,-1,0.0,passive_browsing,hackernews,0,0,2
13417,0.23928451538085938,0.7101860046386719,0.05052940547466278,1,0.7902627473769456,passive_browsing,hackernews,0,0,2
13418,0.011326026171445847,0.16478696465492249,0.8238869905471802,-1,0.0,purchase_intent,hackernews,0,0,2
13419,0.0042632343247532845,0.08523531258106232,0.9105014204978943,1,0.2980724734662917,purchase_intent,hackernews,0,0,3
13420,0.01424826867878437,0.35618507862091064,0.6295666694641113,1,0.9184091373013736,passive_browsing,hackernews,0,0,3
13421,0.04184449836611748,0.5113806128501892,0.44677484035491943,1,0.6003720602727383,passive_browsing,hackernews,0,0,4
13422,0.00612544035539031,0.32964834570884705,0.6642261743545532,-1,0.0,passive_browsing,hackernews,0,0,7
13466,0.5343058109283447,0.42560243606567383,0.04009174928069115,-1,0.0,passive_browsing,hackernews,0,0,7
13467,0.314024955034256,0.6448289155960083,0.04114620015025139,-1,0.0,passive_browsing,hackernews,0,0,8
13468,0.009125999175012112,0.4275340437889099,0.5633400082588196,-1,0.0,passive_browsing,hackernews,0,0,6
13505,0.3060752749443054,0.564050555229187,0.12987415492534637,-1,0.0,passive_browsing,hackernews,0,0,7
13507,0.17555779218673706,0.7108899354934692,0.11355232447385788,-1,0.0,passive_browsing,hackernews,0,0,7
13515,0.22397193312644958,0.7049028277397156,0.07112522423267365,1,0.6228928146034677,passive_browsing,hackernews,0,0,11
13524,0.07328643649816513,0.8501092195510864,0.07660439610481262,-1,0.0,passive_browsing,hackernews,0,0,5
13525,0.01303156465291977,0.33350619673728943,0.6534622311592102,11,0.9142570561802421,passive_browsing,hackernews,0,0,4
13536,0.004679335746914148,0.15915560722351074,0.8361650705337524,1,0.5154487919835399,purchase_intent,hackernews,2,0,14
13538,0.005871120374649763,0.09678279608488083,0.897346019744873,-1,0.0,purchase_intent,hackernews,1,3,5
13543,0.007710649166256189,0.5840576887130737,0.408231645822525,43,1.0,passive_browsing,hackernews,1,0,24
13592,0.581304132938385,0.3840293288230896,0.03466656059026718,0,1.0,passive_browsing,hackernews,0,0,5
13593,0.011711632832884789,0.7098893523216248,0.27839896082878113,1,0.39198145277377217,passive_browsing,hackernews,0,0,5
13595,0.13575172424316406,0.7274993062019348,0.1367490142583847,14,1.0,passive_browsing,hackernews,0,0,6
13596,0.022825753316283226,0.781480610370636,0.1956937164068222,1,0.19895742564609306,passive_browsing,hackernews,0,0,4
13597,0.2625172734260559,0.6007628440856934,0.13671988248825073,-1,0.0,passive_browsing,hackernews,0,0,8
13599,0.49023452401161194,0.4706328511238098,0.03913262486457825,1,0.8047877729919016,passive_browsing,hackernews,0,0,13
13600,0.08216319233179092,0.8242312073707581,0.09360562264919281,1,0.8208224761572533,passive_browsing,hackernews,0,0,13
13601,0.34013527631759644,0.587895929813385,0.07196877896785736,-1,0.0,passive_browsing,hackernews,0,0,9
13602,0.03791907802224159,0.5731909275054932,0.38889002799987793,0,0.8810202728365579,passive_browsing,hackernews,0,0,5
13604,0.03505885601043701,0.7250829339027405,0.23985815048217773,0,0.9579850240771506,passive_browsing,hackernews,0,0,3
13605,0.12645825743675232,0.8038584589958191,0.0696832537651062,-1,0.0,passive_browsing,hackernews,0,0,5
13606,0.33487623929977417,0.47521600127220154,0.1899077445268631,-1,0.0,passive_browsing,hackernews,0,0,9
13607,0.2684604823589325,0.7006669640541077,0.03087254986166954,-1,0.0,passive_browsing,hackernews,0,0,16
13608,0.8388720154762268,0.14959301054477692,0.011534946039319038,23,1.0,churn_risk,hackernews,0,0,4
13609,0.3576919138431549,0.55326908826828,0.08903903514146805,14,0.8561039266974371,passive_browsing,hackernews,0,0,12
13610,0.5406123399734497,0.42691347002983093,0.03247414529323578,-1,0.0,churn_risk,hackernews,0,0,14
13611,0.42143678665161133,0.519237220287323,0.05932589992880821,0,0.9847844047879362,passive_browsing,hackernews,0,0,10
13612,0.5493625402450562,0.4172416627407074,0.03339576721191406,-1,0.0,passive_browsing,hackernews,0,0,8
13614,0.527484118938446,0.43107083439826965,0.04144509136676788,-1,0.0,passive_browsing,hackernews,0,0,11
13615,0.2121264785528183,0.6731861233711243,0.11468740552663803,23,1.0,passive_browsing,hackernews,0,0,13
13617,0.06722013652324677,0.8545787930488586,0.078201062977314,-1,0.0,passive_browsing,hackernews,0,0,8
13619,0.27963724732398987,0.6250454187393188,0.0953172892332077,0,0.8080804251705499,passive_browsing,hackernews,0,0,5
13620,0.033308565616607666,0.8112204074859619,0.15547095239162445,0,0.5893217382588303,passive_browsing,hackernews,0,0,7
13621,0.15644776821136475,0.6574316620826721,0.18612053990364075,0,1.0,passive_browsing,hackernews,0,0,8
13622,0.06766469776630402,0.7852990031242371,0.1470363438129425,20,1.0,passive_browsing,hackernews,0,0,11
13623,0.03284509852528572,0.5476229190826416,0.41953206062316895,0,1.0,passive_browsing,hackernews,0,0,10
13624,0.058683570474386215,0.818398118019104,0.12291824817657471,1,0.4229420764655981,passive_browsing,hackernews,0,0,6
13625,0.22213594615459442,0.7382595539093018,0.03960447758436203,-1,0.0,passive_browsing,hackernews,0,0,4
13626,0.3125915229320526,0.6117478609085083,0.07566063851118088,-1,0.0,passive_browsing,hackernews,0,0,14
13627,0.3556312322616577,0.5996840000152588,0.04468473047018051,-1,0.0,passive_browsing,hackernews,0,0,10
13628,0.28110894560813904,0.6677089929580688,0.051182083785533905,-1,0.0,passive_browsing,hackernews,0,0,11
13629,0.5912210941314697,0.38367822766304016,0.025100715458393097,0,0.7380778285607131,churn_risk,hackernews,0,0,7
13630,0.036661211401224136,0.810410737991333,0.15292808413505554,-1,0.0,passive_browsing,hackernews,0,0,5
13631,0.3929597735404968,0.5676447153091431,0.03939543664455414,-1,0.0,passive_browsing,hackernews,0,0,4
13632,0.0599946491420269,0.585793673992157,0.35421159863471985,1,0.565675259032758,passive_browsing,hackernews,0,0,5
13633,0.5699072480201721,0.39373424649238586,0.036358483135700226,14,0.8069509829933456,passive_browsing,hackernews,0,0,5
13634,0.1963418573141098,0.7345302700996399,0.06912790983915329,-1,0.0,passive_browsing,hackernews,0,0,8
13635,0.03945697844028473,0.655537486076355,0.3050055205821991,-1,0.0,passive_browsing,hackernews,0,0,8
13636,0.2344960719347,0.710974931716919,0.05452895164489746,5,0.45029205661914457,passive_browsing,hackernews,0,0,11
13637,0.3967512547969818,0.5701706409454346,0.03307804465293884,0,0.7642703431499717,passive_browsing,hackernews,0,0,13
13638,0.09240841865539551,0.6207261085510254,0.2868655025959015,14,1.0,passive_browsing,hackernews,0,0,4
13639,0.08350002765655518,0.8222339749336243,0.09426601231098175,0,1.0,passive_browsing,hackernews,0,0,10
13640,0.015430230647325516,0.34764376282691956,0.6369260549545288,0,1.0,purchase_intent,hackernews,0,0,9
13641,0.025412864983081818,0.8340237736701965,0.14056342840194702,1,0.324371379584965,passive_browsing,hackernews,0,0,4
13642,0.3396919369697571,0.6102176308631897,0.05009045451879501,14,0.9515439183036714,passive_browsing,hackernews,0,0,3
13645,0.820960283279419,0.14615964889526367,0.03288010135293007,-1,0.0,churn_risk,hackernews,0,0,5
13646,0.051836416125297546,0.7097665667533875,0.2383970320224762,0,1.0,passive_browsing,hackernews,0,0,14
13647,0.025188198313117027,0.8344388008117676,0.14037303626537323,1,0.4801984565822822,passive_browsing,hackernews,0,0,4
13648,0.30366337299346924,0.662453293800354,0.03388337790966034,-1,0.0,passive_browsing,hackernews,0,0,13
13650,0.7481690049171448,0.21819552779197693,0.03363548219203949,14,0.9652517501507752,churn_risk,hackernews,0,0,5
13651,0.02779819257557392,0.8176928758621216,0.15450894832611084,1,0.28301593091069205,passive_browsing,hackernews,0,0,4
13653,0.24027734994888306,0.6855465769767761,0.07417601346969604,-1,0.0,passive_browsing,hackernews,0,0,9
13654,0.4496867060661316,0.5129885077476501,0.03732481971383095,0,1.0,passive_browsing,hackernews,0,0,6
13656,0.02567538432776928,0.771896243095398,0.20242834091186523,-1,0.0,passive_browsing,hackernews,0,0,11
13657,0.10373580455780029,0.8083258867263794,0.08793831616640091,0,1.0,passive_browsing,hackernews,0,0,10
13659,0.40799856185913086,0.5164318084716797,0.07556959241628647,-1,0.0,passive_browsing,hackernews,0,0,8
13660,0.6001954078674316,0.3647155165672302,0.03508904203772545,-1,0.0,passive_browsing,hackernews,0,0,10
13661,0.0432731918990612,0.7462480068206787,0.21047881245613098,-1,0.0,passive_browsing,hackernews,3,3,7
13662,0.009348963387310505,0.4718118906021118,0.5188390612602234,-1,0.0,purchase_intent,hackernews,0,0,7
13664,0.0030551906675100327,0.16022989153862,0.8367148637771606,-1,0.0,purchase_intent,hackernews,3,0,6
13665,0.6771972179412842,0.30303826928138733,0.019764423370361328,1,1.0,churn_risk,hackernews,0,0,7
13666,0.007703203242272139,0.27113693952560425,0.7211598753929138,-1,0.0,purchase_intent,hackernews,0,0,7
13667,0.45562776923179626,0.5033705830574036,0.041001662611961365,-1,0.0,passive_browsing,hackernews,0,0,6
13668,0.00588513957336545,0.22932377457618713,0.7647910714149475,-1,0.0,purchase_intent,hackernews,0,0,6
13669,0.7051579356193542,0.273448646068573,0.021393420174717903,-1,0.0,churn_risk,hackernews,0,0,15
13670,0.7140538692474365,0.2710389792919159,0.014907153323292732,32,1.0,churn_risk,hackernews,0,0,4
13678,0.02843661978840828,0.7623565793037415,0.20920683443546295,-1,0.0,passive_browsing,hackernews,1,0,23
13679,0.3354538381099701,0.625674843788147,0.03887133300304413,1,0.6194091896980894,passive_browsing,hackernews,0,0,7
13680,0.23312485218048096,0.682951033115387,0.08392399549484253,20,1.0,passive_browsing,hackernews,0,0,4
13683,0.3650711178779602,0.5084353089332581,0.12649357318878174,3,1.0,passive_browsing,hackernews,0,0,8
13688,0.08505497127771378,0.7169883251190186,0.19795668125152588,3,1.0,passive_browsing,hackernews,0,0,4
13695,0.2317347675561905,0.7012921571731567,0.06697308272123337,20,0.9746440348114984,passive_browsing,hackernews,0,0,6
13696,0.3555777072906494,0.5547002553939819,0.08972202986478806,14,0.599558507355142,passive_browsing,hackernews,0,0,16
13697,0.06830889731645584,0.3187260329723358,0.6129651069641113,-1,0.0,purchase_intent,hackernews,0,0,17
13701,0.22055697441101074,0.6254544854164124,0.15398858487606049,-1,0.0,passive_browsing,hackernews,0,0,8
13702,0.0065054516308009624,0.8395854234695435,0.1539091020822525,1,0.8371259793864868,passive_browsing,hackernews,0,0,10
13703,0.005924971308559179,0.8499000072479248,0.14417505264282227,1,1.0,passive_browsing,hackernews,0,0,10
13704,0.006142247933894396,0.8873050808906555,0.10655263811349869,1,0.4380591241107542,passive_browsing,hackernews,0,0,11
13705,0.017619913443922997,0.9342221021652222,0.0481579564511776,1,1.0,passive_browsing,hackernews,0,0,9
13706,0.007428660523146391,0.8116434812545776,0.1809277981519699,1,1.0,passive_browsing,hackernews,0,0,9
13707,0.0072007798589766026,0.8078223466873169,0.18497683107852936,1,1.0,passive_browsing,hackernews,0,0,9
13708,0.006874494254589081,0.7945296764373779,0.19859571754932404,1,1.0,passive_browsing,hackernews,0,0,9
13709,0.007046949118375778,0.8007194995880127,0.19223357737064362,1,1.0,passive_browsing,hackernews,0,0,9
13710,0.017489323392510414,0.932721734046936,0.04978891462087631,1,0.8623447067061702,passive_browsing,hackernews,0,0,9
13711,0.5636847615242004,0.41449686884880066,0.021818434819579124,11,1.0,passive_browsing,hackernews,0,0,8
13712,0.006768845487385988,0.788854718208313,0.20437639951705933,1,1.0,passive_browsing,hackernews,0,0,9
13713,0.007075114641338587,0.8029605150222778,0.1899644285440445,1,1.0,passive_browsing,hackernews,0,0,9
13715,0.006972361821681261,0.8006426692008972,0.19238489866256714,1,1.0,passive_browsing,hackernews,0,0,9
13718,0.35892584919929504,0.5279369354248047,0.11313724517822266,-1,0.0,passive_browsing,hackernews,0,0,6
13719,0.025636041536927223,0.46993544697761536,0.504428505897522,-1,0.0,purchase_intent,hackernews,0,0,15
13722,0.009568236768245697,0.5582751035690308,0.4321567118167877,1,1.0,passive_browsing,hackernews,4,14,8
13724,0.007111907005310059,0.37116730213165283,0.6217208504676819,-1,0.0,purchase_intent,hackernews,4,0,6
13725,0.08264218270778656,0.7394216060638428,0.17793622612953186,-1,0.0,passive_browsing,hackernews,3,0,11
13726,0.05395996943116188,0.7707676291465759,0.1752724051475525,-1,0.0,passive_browsing,hackernews,2,3,10
13729,0.020890863612294197,0.8494291305541992,0.12968003749847412,-1,0.0,passive_browsing,hackernews,2,0,3
13731,0.04487217590212822,0.8296733498573303,0.12545450031757355,-1,0.0,passive_browsing,hackernews,1,1,6
13734,0.014472520910203457,0.8134418725967407,0.17208556830883026,1,0.9706075143289767,passive_browsing,hackernews,1,0,15
13735,0.030197832733392715,0.8867223262786865,0.08307983726263046,-1,0.0,passive_browsing,hackernews,1,0,7
13736,0.0790402889251709,0.867170512676239,0.05378919467329979,-1,0.0,passive_browsing,hackernews,1,0,8
13737,0.03442126139998436,0.44015800952911377,0.5254207253456116,-1,0.0,passive_browsing,hackernews,1,0,6
13738,0.012994110584259033,0.6683415174484253,0.31866440176963806,-1,0.0,passive_browsing,hackernews,1,0,8
13739,0.010413354262709618,0.620185911655426,0.3694007098674774,1,0.9619905867706064,passive_browsing,hackernews,225,103,12
13741,0.009717416018247604,0.49045127630233765,0.4998313784599304,1,0.5401684833712052,passive_browsing,hackernews,92,64,15
13742,0.08616587519645691,0.8305245637893677,0.08330947160720825,0,0.7837942783971905,passive_browsing,hackernews,85,49,12
13743,0.010781304910779,0.5335874557495117,0.455631285905838,1,1.0,passive_browsing,hackernews,25,18,8
13745,0.005589153617620468,0.15242162346839905,0.8419892191886902,32,1.0,purchase_intent,hackernews,12,4,4
13746,0.46075648069381714,0.5008379817008972,0.03840557858347893,11,0.8887653703237904,passive_browsing,hackernews,10,41,6
13748,0.6072896122932434,0.3570461869239807,0.03566413000226021,-1,0.0,passive_browsing,hackernews,5,10,6
13749,0.010849854908883572,0.5096914768218994,0.4794587194919586,1,1.0,passive_browsing,hackernews,4,1,11
13750,0.01667996495962143,0.7640243172645569,0.21929572522640228,-1,0.0,passive_browsing,hackernews,3,3,5
13753,0.011943460442125797,0.8273869156837463,0.16066960990428925,1,0.725152691122577,passive_browsing,hackernews,1,0,12
13754,0.0382993146777153,0.7987623810768127,0.16293826699256897,-1,0.0,passive_browsing,hackernews,1,0,12
13755,0.006003246642649174,0.3649045526981354,0.629092276096344,-1,0.0,purchase_intent,hackernews,1,0,13
13756,0.8098059296607971,0.17631763219833374,0.013876386918127537,0,0.7479819133587124,churn_risk,hackernews,1,0,25
13758,0.0035740791354328394,0.09235332906246185,0.904072642326355,-1,0.0,purchase_intent,hackernews,1,0,12
13772,0.02059135027229786,0.8934875726699829,0.08592114597558975,-1,0.0,passive_browsing,hackernews,0,0,6
13773,0.009876021184027195,0.7099707126617432,0.2801533043384552,1,0.1674765214899934,passive_browsing,hackernews,0,0,7
13774,0.38368478417396545,0.5802739262580872,0.03604133054614067,11,1.0,passive_browsing,hackernews,0,0,4
13775,0.0044805072247982025,0.3402279317378998,0.6552915573120117,1,0.6488830960561986,passive_browsing,hackernews,0,0,10
13776,0.5815386772155762,0.400336891412735,0.018124431371688843,-1,0.0,churn_risk,hackernews,0,0,5
13777,0.7244591116905212,0.2524597942829132,0.023081112653017044,11,0.9645333099748613,churn_risk,hackernews,0,0,10
13778,0.0843837782740593,0.8325636386871338,0.08305265754461288,0,0.6731264399778997,passive_browsing,hackernews,0,0,8
13779,0.7916611433029175,0.1978716403245926,0.01046713162213564,-1,0.0,churn_risk,hackernews,0,0,4
13780,0.3289544880390167,0.49012917280197144,0.18091636896133423,1,0.6600949796862241,passive_browsing,hackernews,0,0,9
13781,0.017078019678592682,0.6292078495025635,0.35371410846710205,1,1.0,passive_browsing,hackernews,0,0,6
13782,0.01871158368885517,0.8129220604896545,0.16836634278297424,-1,0.0,passive_browsing,hackernews,0,0,13
13784,0.3514975309371948,0.5703791379928589,0.07812333106994629,-1,0.0,passive_browsing,hackernews,0,0,6
13785,0.4432048797607422,0.533186674118042,0.0236083772033453,20,0.9806213052466012,passive_browsing,hackernews,0,0,5
13786,0.030321842059493065,0.3124299943447113,0.6572481393814087,-1,0.0,passive_browsing,hackernews,0,0,3
13787,0.013189537450671196,0.31316888332366943,0.673641562461853,3,0.8084967130700743,purchase_intent,hackernews,0,0,8
13788,0.006118301767855883,0.16668151319026947,0.827200174331665,1,1.0,purchase_intent,hackernews,0,0,18
13789,0.14612172544002533,0.7427855134010315,0.11109278351068497,3,0.9071643433088724,passive_browsing,hackernews,0,0,6
13790,0.017483806237578392,0.882615327835083,0.09990081191062927,20,1.0,passive_browsing,hackernews,0,0,6
13791,0.004995114170014858,0.34564390778541565,0.6493609547615051,1,1.0,passive_browsing,hackernews,0,0,5
13792,0.20145203173160553,0.6565349698066711,0.14201295375823975,-1,0.0,passive_browsing,hackernews,0,0,10
13793,0.006528024561703205,0.17999406158924103,0.8134779334068298,1,1.0,purchase_intent,hackernews,0,0,18
13794,0.6585113406181335,0.3253768980503082,0.016111772507429123,3,0.9659362839657087,churn_risk,hackernews,0,0,10
13795,0.03647753968834877,0.4312746822834015,0.5322478413581848,11,0.9842507613874024,passive_browsing,hackernews,0,0,4
13796,0.16620241105556488,0.7455790042877197,0.08821860700845718,1,0.8439330037602067,passive_browsing,hackernews,0,0,7
13797,0.016579879447817802,0.2685650885105133,0.7148549556732178,0,1.0,purchase_intent,hackernews,0,0,19
13798,0.0070259724743664265,0.5098838210105896,0.4830901324748993,1,0.633555014462963,passive_browsing,hackernews,0,0,11
13799,0.004472142085433006,0.2844734489917755,0.7110544443130493,-1,0.0,purchase_intent,hackernews,0,0,7
13800,0.8171902298927307,0.16881638765335083,0.0139934616163373,-1,0.0,churn_risk,hackernews,0,0,8
13801,0.44475942850112915,0.5149820446968079,0.04025851562619209,20,1.0,passive_browsing,hackernews,0,0,4
13802,0.003170585725456476,0.06494191288948059,0.9318875074386597,1,1.0,purchase_intent,hackernews,0,0,17
13803,0.07450537383556366,0.8208752870559692,0.10461940616369247,20,1.0,passive_browsing,hackernews,0,0,6
13804,0.5749270915985107,0.40773066878318787,0.01734224706888199,11,1.0,passive_browsing,hackernews,0,0,4
13805,0.005142508540302515,0.287098228931427,0.7077592015266418,-1,0.0,purchase_intent,hackernews,0,0,4
13806,0.5480951070785522,0.42283758521080017,0.02906731329858303,20,1.0,churn_risk,hackernews,0,0,4
13807,0.0423816554248333,0.6128831505775452,0.34473514556884766,-1,0.0,passive_browsing,hackernews,0,0,8
13808,0.02657005563378334,0.8176827430725098,0.15574724972248077,20,1.0,passive_browsing,hackernews,0,0,5
13809,0.017143217846751213,0.884661853313446,0.09819485247135162,20,1.0,passive_browsing,hackernews,0,0,3
13810,0.05846886709332466,0.7954666614532471,0.14606453478336334,20,1.0,passive_browsing,hackernews,0,0,5
13812,0.2752712666988373,0.6364257335662842,0.08830299228429794,3,0.9014933804027624,passive_browsing,hackernews,0,0,8
13813,0.4083309471607208,0.5278621315956116,0.06380690634250641,-1,0.0,passive_browsing,hackernews,0,0,15
13814,0.06898138672113419,0.8111797571182251,0.1198388934135437,0,1.0,passive_browsing,hackernews,0,0,18
13815,0.14521078765392303,0.8195010423660278,0.035288188606500626,-1,0.0,passive_browsing,hackernews,0,0,23
13816,0.14127200841903687,0.3622717559337616,0.49645617604255676,-1,0.0,passive_browsing,hackernews,0,0,9
13817,0.7314038276672363,0.2541294991970062,0.014466646127402782,3,1.0,churn_risk,hackernews,0,0,5
13818,0.4007035791873932,0.5776221752166748,0.021674225106835365,3,0.862663934314995,passive_browsing,hackernews,0,0,8
13819,0.36613476276397705,0.5720439553260803,0.06182125210762024,-1,0.0,passive_browsing,hackernews,0,0,5
13820,0.2608661353588104,0.6683147549629211,0.07081910967826843,-1,0.0,passive_browsing,hackernews,0,0,4
13822,0.5168836712837219,0.4343579113483429,0.04875843971967697,-1,0.0,churn_risk,hackernews,0,0,9
13823,0.8568056225776672,0.1302552968263626,0.012939056381583214,20,0.42651628935491603,churn_risk,hackernews,0,0,5
13824,0.6738315224647522,0.2979888916015625,0.02817961387336254,20,0.4327226194025109,passive_browsing,hackernews,0,0,7
13825,0.8261475563049316,0.16228580474853516,0.011566592380404472,-1,0.0,churn_risk,hackernews,0,0,16
13826,0.3574047386646271,0.5528766512870789,0.08971863240003586,-1,0.0,passive_browsing,hackernews,0,0,12
13828,0.1558617502450943,0.8052436709403992,0.038894668221473694,-1,0.0,passive_browsing,hackernews,0,0,10
13829,0.6516152620315552,0.3287551701068878,0.019629567861557007,20,0.7842913543808371,churn_risk,hackernews,0,0,10
13830,0.004244504030793905,0.2713277339935303,0.7244278192520142,1,0.8997333976317303,purchase_intent,hackernews,0,0,9
13831,0.05729202181100845,0.5069155097007751,0.4357925057411194,-1,0.0,passive_browsing,hackernews,0,0,8
13832,0.007526039611548185,0.32455727458000183,0.6679167151451111,-1,0.0,passive_browsing,hackernews,0,0,7
13833,0.6739975810050964,0.3133816123008728,0.012620797380805016,11,1.0,passive_browsing,hackernews,0,0,7
13834,0.45426779985427856,0.4461424946784973,0.0995897650718689,20,0.33022090251728314,passive_browsing,hackernews,0,0,4
13835,0.004244504030793905,0.2713277339935303,0.7244278192520142,1,0.7171207226174869,purchase_intent,hackernews,0,0,9
13836,0.6190109252929688,0.32718425989151,0.053804848343133926,32,1.0,passive_browsing,hackernews,0,0,8
13838,0.008948085829615593,0.6483350992202759,0.3427167534828186,1,0.8926051807185656,passive_browsing,hackernews,0,0,14
13840,0.36963018774986267,0.5860068202018738,0.04436296597123146,20,0.5879092993473473,passive_browsing,hackernews,0,0,6
13841,0.269618958234787,0.6739949584007263,0.056386128067970276,-1,0.0,passive_browsing,hackernews,0,0,13
13842,0.09953255206346512,0.702163577079773,0.19830380380153656,-1,0.0,passive_browsing,hackernews,0,0,10
13844,0.015815727412700653,0.5661171674728394,0.4180670976638794,1,1.0,passive_browsing,hackernews,0,0,8
13845,0.0073990598320961,0.6529744267463684,0.3396264612674713,1,0.9195367938570609,passive_browsing,hackernews,0,0,12
13846,0.08995629101991653,0.2993328273296356,0.610710859298706,11,1.0,purchase_intent,hackernews,0,0,5
13847,0.007529341150075197,0.6058668494224548,0.38660386204719543,1,0.8792549921518739,passive_browsing,hackernews,0,0,12
13848,0.04222218319773674,0.5698769092559814,0.3879009187221527,-1,0.0,passive_browsing,hackernews,0,0,19
13850,0.06656043231487274,0.6794379949569702,0.2540016174316406,20,0.7730477645658084,passive_browsing,hackernews,0,0,10
13851,0.49415427446365356,0.48107945919036865,0.024766195565462112,20,0.4387114456139027,passive_browsing,hackernews,0,0,7
13852,0.01045616902410984,0.5534473657608032,0.43609654903411865,1,0.4818585793966434,passive_browsing,hackernews,0,0,8
13854,0.5591726303100586,0.41280287504196167,0.028024552389979362,-1,0.0,churn_risk,hackernews,0,0,10
13855,0.3640817105770111,0.5692731142044067,0.06664515286684036,-1,0.0,passive_browsing,hackernews,0,0,9
13856,0.008422444574534893,0.2877066135406494,0.703870952129364,3,0.6954269157727963,purchase_intent,hackernews,0,0,7
13857,0.6640451550483704,0.2813330590724945,0.05462179332971573,-1,0.0,churn_risk,hackernews,0,0,18
13863,0.5219601988792419,0.45464441180229187,0.023395409807562828,-1,0.0,churn_risk,hackernews,2,0,12
13865,0.33767127990722656,0.5253214836120605,0.1370071917772293,-1,0.0,passive_browsing,hackernews,0,0,6
13866,0.00676838168874383,0.41165784001350403,0.5815738439559937,-1,0.0,purchase_intent,hackernews,0,0,9
13867,0.0064829206094145775,0.428133487701416,0.5653835535049438,-1,0.0,purchase_intent,hackernews,0,0,9
13868,0.012336785905063152,0.4795510768890381,0.5081121921539307,-1,0.0,purchase_intent,hackernews,2,0,23
13873,0.6117688417434692,0.3622240424156189,0.026007086038589478,-1,0.0,churn_risk,hackernews,0,0,8
13876,0.015861330553889275,0.5418146848678589,0.4423239529132843,-1,0.0,passive_browsing,hackernews,0,0,11
13877,0.007333850488066673,0.5286174416542053,0.4640486538410187,1,0.5977740456880424,passive_browsing,hackernews,0,0,2
13879,0.050038840621709824,0.5938224792480469,0.3561386466026306,-1,0.0,passive_browsing,hackernews,0,0,10
13881,0.5263637900352478,0.43069446086883545,0.04294171929359436,23,1.0,passive_browsing,hackernews,0,0,4
13892,0.03856312483549118,0.6480763554573059,0.3133604824542999,0,0.9427352000762713,passive_browsing,hackernews,0,0,2
13899,0.2739204168319702,0.6371490359306335,0.08893053233623505,-1,0.0,passive_browsing,hackernews,0,0,4
13900,0.009161257185041904,0.2347404509782791,0.7560982704162598,-1,0.0,purchase_intent,hackernews,0,0,9
13901,0.011603711172938347,0.35115328431129456,0.6372429728507996,1,1.0,passive_browsing,hackernews,0,0,2
13912,0.04592753201723099,0.8724978566169739,0.08157461136579514,1,0.9344099277823938,passive_browsing,hackernews,0,0,4
13917,0.3549497127532959,0.6051172614097595,0.03993305563926697,-1,0.0,passive_browsing,hackernews,0,0,4
13919,0.010003909468650818,0.722109317779541,0.26788678765296936,1,1.0,passive_browsing,hackernews,0,0,8
13920,0.007117568980902433,0.5262450575828552,0.46663740277290344,1,0.41153185851289564,passive_browsing,hackernews,0,0,5
13921,0.009950585663318634,0.7072147130966187,0.2828347086906433,1,1.0,passive_browsing,hackernews,0,0,8
13922,0.009403826668858528,0.6987994909286499,0.2917967140674591,1,0.8787790400179093,passive_browsing,hackernews,0,0,8
13945,0.011255023069679737,0.6197463870048523,0.36899861693382263,1,0.6751626083407355,passive_browsing,hackernews,0,0,4
13946,0.011227662675082684,0.7040224075317383,0.28474995493888855,1,1.0,passive_browsing,hackernews,0,0,2
13947,0.42122796177864075,0.4777302145957947,0.10104186832904816,1,0.39438674776688276,passive_browsing,hackernews,0,0,5
13949,0.30809286236763,0.6635137796401978,0.02839329093694687,1,0.5346192392063912,passive_browsing,hackernews,1,0,14
13951,0.04052860289812088,0.8328957557678223,0.1265755593776703,1,0.5783432390022151,passive_browsing,hackernews,1,0,6
13953,0.009215975180268288,0.3294358551502228,0.6613482236862183,1,0.4236627652471766,passive_browsing,hackernews,0,0,8
13954,0.2956109941005707,0.46484866738319397,0.23954030871391296,1,0.3845153826821268,passive_browsing,hackernews,0,0,4
13955,0.08725589513778687,0.7575810551643372,0.15516307950019836,-1,0.0,passive_browsing,hackernews,0,0,3
13956,0.01750136725604534,0.7185419797897339,0.263956755399704,1,0.851473066850915,passive_browsing,hackernews,0,0,7
13957,0.006666474975645542,0.18245747685432434,0.8108760118484497,1,0.3074759489330035,purchase_intent,hackernews,0,0,4
13975,0.21421076357364655,0.695807695388794,0.0899815559387207,0,0.2590729569189935,passive_browsing,hackernews,0,0,4
13977,0.3847786784172058,0.5854771137237549,0.029744161292910576,-1,0.0,passive_browsing,hackernews,3,6,7
13985,0.14477583765983582,0.8212353587150574,0.03398886322975159,10,0.19874702553877452,passive_browsing,hackernews,0,0,4
13986,0.7939728498458862,0.19482126832008362,0.011205821298062801,1,0.3800066244865786,churn_risk,hackernews,0,0,4
14002,0.010345345363020897,0.5822099447250366,0.40744468569755554,-1,0.0,passive_browsing,hackernews,59,8,8
14003,0.015933344140648842,0.5998480319976807,0.38421857357025146,1,0.6599984224959021,passive_browsing,hackernews,5,0,13
14006,0.015534371137619019,0.501757025718689,0.482708603143692,1,0.507274836415173,passive_browsing,hackernews,3,0,7
14007,0.14811642467975616,0.7574287056922913,0.09445488452911377,-1,0.0,passive_browsing,hackernews,2,2,5
14008,0.020129160955548286,0.5079100728034973,0.47196078300476074,-1,0.0,passive_browsing,hackernews,2,0,7
14009,0.01809508539736271,0.7944666147232056,0.18743833899497986,-1,0.0,passive_browsing,hackernews,2,0,8
14012,0.014140748418867588,0.5708058476448059,0.41505342721939087,-1,0.0,passive_browsing,hackernews,1,0,10
14016,0.0404137447476387,0.7151933908462524,0.24439282715320587,-1,0.0,passive_browsing,hackernews,91,63,14
14017,0.013866757974028587,0.6871829032897949,0.2989503741264343,1,0.3074759489330035,passive_browsing,hackernews,49,7,10
14018,0.010324828326702118,0.7094500064849854,0.28022515773773193,1,0.6759566725327335,passive_browsing,hackernews,40,14,7
14019,0.015565224923193455,0.694687008857727,0.28974780440330505,1,0.3074759489330035,passive_browsing,hackernews,13,1,10
14020,0.5950088500976562,0.3733922839164734,0.03159884363412857,-1,0.0,churn_risk,hackernews,5,2,6
14021,0.013423362746834755,0.45265498757362366,0.5339215993881226,1,0.5419689536624316,purchase_intent,hackernews,3,1,18
14022,0.009084436111152172,0.2373439073562622,0.7535716891288757,1,0.7114409342063229,purchase_intent,hackernews,3,1,18
14023,0.4093325138092041,0.55604487657547,0.03462257236242294,1,0.4913510571325815,passive_browsing,hackernews,3,0,9
14025,0.005732987076044083,0.19077208638191223,0.8034949898719788,-1,0.0,purchase_intent,hackernews,2,0,12
14026,0.22630785405635834,0.7437373995780945,0.029954813420772552,-1,0.0,passive_browsing,hackernews,1,0,14
14027,0.0093775549903512,0.5784415006637573,0.41218096017837524,1,0.8041056442957158,passive_browsing,hackernews,1,0,8
14050,0.06860298663377762,0.4862082898616791,0.4451886713504791,11,0.9241509916252596,passive_browsing,hackernews,0,0,4
14051,0.544281542301178,0.40148961544036865,0.05422886088490486,1,0.3463397954629047,passive_browsing,hackernews,0,0,6
14052,0.01382250152528286,0.8294347524642944,0.15674267709255219,-1,0.0,passive_browsing,hackernews,0,0,5
14054,0.7520704865455627,0.23725396394729614,0.010675506666302681,-1,0.0,churn_risk,hackernews,0,0,20
14055,0.1913764774799347,0.5902959108352661,0.21832765638828278,1,0.5798349600551259,passive_browsing,hackernews,0,0,2
14059,0.013221275992691517,0.6851236820220947,0.30165502429008484,-1,0.0,passive_browsing,hackernews,0,0,12
14061,0.011975959874689579,0.4499169588088989,0.53810715675354,-1,0.0,purchase_intent,hackernews,0,0,14
14062,0.07033369690179825,0.8087681531906128,0.12089811265468597,1,0.8604626335891843,passive_browsing,hackernews,0,0,11
14063,0.006207161583006382,0.53476482629776,0.459028035402298,1,0.5423942735427079,passive_browsing,hackernews,0,0,7
14064,0.006254621781408787,0.5534783601760864,0.44026699662208557,1,0.5046597258902843,passive_browsing,hackernews,0,0,7
14065,0.5546429753303528,0.42635002732276917,0.019007040187716484,-1,0.0,passive_browsing,hackernews,0,0,2
14067,0.014599066227674484,0.49972036480903625,0.48568060994148254,1,0.662453764030174,passive_browsing,hackernews,0,0,14
14068,0.010722982697188854,0.7639257907867432,0.22535128891468048,-1,0.0,passive_browsing,hackernews,0,0,7
14069,0.5252631306648254,0.42062243819236755,0.05411442741751671,-1,0.0,churn_risk,hackernews,0,0,11
14070,0.6647419333457947,0.31245484948158264,0.022803155705332756,0,0.9928149686864859,passive_browsing,hackernews,0,0,18
14073,0.02020440436899662,0.6512113213539124,0.3285842537879944,-1,0.0,passive_browsing,hackernews,0,0,18
14075,0.41405975818634033,0.523357093334198,0.06258314102888107,-1,0.0,passive_browsing,hackernews,0,0,9
14077,0.00885053537786007,0.7706851959228516,0.22046425938606262,-1,0.0,passive_browsing,hackernews,0,0,10
14078,0.022861739620566368,0.5148234963417053,0.46231478452682495,-1,0.0,passive_browsing,hackernews,0,0,10
14079,0.01016383059322834,0.731193482875824,0.25864270329475403,1,0.28296555899164416,passive_browsing,hackernews,0,0,14
14080,0.34104716777801514,0.5095865726470947,0.1493663191795349,1,1.0,passive_browsing,hackernews,0,0,10
14081,0.010283417999744415,0.7362434267997742,0.2534731924533844,1,0.3007323373780653,passive_browsing,hackernews,0,0,14
14082,0.014972236938774586,0.6998263001441956,0.28520146012306213,1,0.8911328346035883,passive_browsing,hackernews,0,0,6
14083,0.19122427701950073,0.7257731556892395,0.08300258964300156,-1,0.0,passive_browsing,hackernews,0,0,3
14084,0.053368713706731796,0.8303802013397217,0.11625102907419205,1,0.2925002549776503,passive_browsing,hackernews,0,0,10
14085,0.007126126904040575,0.15527670085430145,0.8375971913337708,1,0.2801476709827731,purchase_intent,hackernews,0,0,11
14087,0.014826214872300625,0.826075553894043,0.15909817814826965,1,0.35196590814849343,passive_browsing,hackernews,0,0,10
14088,0.1388145089149475,0.5207422375679016,0.34044328331947327,1,0.353569524382419,passive_browsing,hackernews,0,0,9
14091,0.4920492470264435,0.4869048595428467,0.02104593813419342,1,0.3085984227166551,churn_risk,hackernews,0,0,8
14092,0.15092693269252777,0.5814043879508972,0.267668753862381,-1,0.0,passive_browsing,hackernews,0,0,6
14093,0.311978816986084,0.6377696394920349,0.050251539796590805,1,0.39438674776688276,passive_browsing,hackernews,0,0,4
14294,0.4039234519004822,0.5638078451156616,0.03226865455508232,14,0.8829643028910332,passive_browsing,hackernews,0,0,5
14296,0.285884827375412,0.6461926102638245,0.06792259216308594,-1,0.0,passive_browsing,hackernews,0,0,2
14297,0.008762856014072895,0.1408422291278839,0.8503949642181396,1,0.5641806621578779,purchase_intent,hackernews,0,0,9
14298,0.4535486400127411,0.5056185126304626,0.040832843631505966,1,0.570285119700713,passive_browsing,hackernews,0,0,3
14299,0.306024968624115,0.6597768664360046,0.034198205918073654,14,1.0,passive_browsing,hackernews,0,0,7
14300,0.5489614605903625,0.42367225885391235,0.027366340160369873,-1,0.0,passive_browsing,hackernews,0,0,7
14301,0.474120557308197,0.497512549161911,0.028366820886731148,14,0.7713091414167775,passive_browsing,hackernews,0,0,5
14302,0.009264212101697922,0.23899543285369873,0.7517403364181519,-1,0.0,purchase_intent,hackernews,0,0,4
14303,0.7788077592849731,0.2113610953092575,0.009831170551478863,-1,0.0,churn_risk,hackernews,0,0,3
14304,0.5320243835449219,0.43289002776145935,0.03508560732007027,20,0.3273333746266523,passive_browsing,hackernews,0,0,2
14321,0.3370577394962311,0.589261531829834,0.07368075102567673,-1,0.0,passive_browsing,hackernews,1,0,4
14323,0.3887200355529785,0.5712025165557861,0.04007739573717117,-1,0.0,passive_browsing,hackernews,0,0,4
14324,0.20573775470256805,0.6643877625465393,0.12987440824508667,-1,0.0,passive_browsing,hackernews,0,0,7
14326,0.3519172668457031,0.611793577671051,0.03628917783498764,-1,0.0,passive_browsing,hackernews,0,0,2
14327,0.3378414511680603,0.6268002390861511,0.035358261317014694,-1,0.0,passive_browsing,hackernews,0,0,1
14330,0.08182377368211746,0.7765922546386719,0.14158396422863007,1,0.5908401498449024,passive_browsing,hackernews,0,0,2
14331,0.39296674728393555,0.5697075128555298,0.03732575103640556,-1,0.0,passive_browsing,hackernews,0,0,1
14332,0.5066024661064148,0.44977378845214844,0.04362373426556587,-1,0.0,passive_browsing,hackernews,0,0,3
14333,0.5919825434684753,0.3893935978412628,0.018623897805809975,-1,0.0,passive_browsing,hackernews,0,0,4
14334,0.43180370330810547,0.49250441789627075,0.0756918266415596,-1,0.0,passive_browsing,hackernews,0,0,6
14335,0.26912713050842285,0.6979144811630249,0.03295847028493881,-1,0.0,passive_browsing,hackernews,0,0,2
14336,0.45538872480392456,0.5170518159866333,0.027559492737054825,11,0.9380430616301758,passive_browsing,hackernews,0,0,3
14337,0.4427742660045624,0.531830906867981,0.02539481595158577,-1,0.0,passive_browsing,hackernews,0,0,12
14338,0.12539225816726685,0.8125325441360474,0.06207522004842758,-1,0.0,passive_browsing,hackernews,0,0,5
14339,0.7175541520118713,0.2639440894126892,0.018501710146665573,11,1.0,churn_risk,hackernews,0,0,2
14346,0.12579266726970673,0.6518431901931763,0.2223641276359558,0,0.9905482585342701,passive_browsing,hackernews,0,0,5
14347,0.26807841658592224,0.6124236583709717,0.1194978803396225,1,0.7012197657687994,passive_browsing,hackernews,0,0,4
14349,0.5517244338989258,0.43466275930404663,0.013612830080091953,0,1.0,passive_browsing,hackernews,0,0,3
14354,0.17184597253799438,0.6717747449874878,0.15637920796871185,-1,0.0,passive_browsing,hackernews,0,0,4
14357,0.14860744774341583,0.7522785663604736,0.09911393374204636,0,0.8156552970452506,passive_browsing,hackernews,0,0,2
14376,0.6382087469100952,0.3395484387874603,0.022242838516831398,-1,0.0,passive_browsing,hackernews,0,0,10
14380,0.27391329407691956,0.6340986490249634,0.09198802709579468,-1,0.0,passive_browsing,hackernews,0,0,2
14381,0.0683484598994255,0.8604032397270203,0.07124833017587662,-1,0.0,passive_browsing,hackernews,0,0,1
14382,0.17723681032657623,0.6708564162254333,0.15190677344799042,-1,0.0,passive_browsing,hackernews,0,0,1
14383,0.06304105371236801,0.7522459030151367,0.18471303582191467,-1,0.0,passive_browsing,hackernews,0,0,3
14384,0.7193198800086975,0.2671864330768585,0.013493676669895649,-1,0.0,churn_risk,hackernews,0,0,7
14385,0.07794889062643051,0.6687139272689819,0.25333717465400696,23,0.5056659777213305,passive_browsing,hackernews,0,0,5
14393,0.09069248288869858,0.8561341762542725,0.053173333406448364,-1,0.0,passive_browsing,hackernews,0,0,3
14396,0.007621871307492256,0.6645299792289734,0.32784807682037354,1,0.5128967132800946,passive_browsing,hackernews,12,12,9
14402,0.27070116996765137,0.6722112894058228,0.057087492197752,14,1.0,passive_browsing,hackernews,0,0,4
14403,0.7385371327400208,0.24986040592193604,0.011602497659623623,9,1.0,churn_risk,hackernews,0,0,7
14404,0.3577059805393219,0.5665704607963562,0.07572351396083832,-1,0.0,passive_browsing,hackernews,0,0,7
14405,0.2539048194885254,0.7103755474090576,0.03571971133351326,14,0.664284274238777,passive_browsing,hackernews,0,0,3
14406,0.14151149988174438,0.7984489798545837,0.06003951281309128,14,1.0,passive_browsing,hackernews,0,0,4
14407,0.2219647616147995,0.6045501232147217,0.17348505556583405,-1,0.0,passive_browsing,hackernews,0,0,11
14408,0.2472301870584488,0.6742820143699646,0.07848777621984482,14,0.6952902339827827,passive_browsing,hackernews,0,0,2
14409,0.4962901175022125,0.4641265571117401,0.03958326578140259,-1,0.0,passive_browsing,hackernews,0,0,14
14410,0.07026074826717377,0.8051598072052002,0.12457948178052902,-1,0.0,passive_browsing,hackernews,0,0,5
14411,0.6108278632164001,0.36701545119285583,0.022156743332743645,-1,0.0,churn_risk,hackernews,0,0,5
14412,0.6329026222229004,0.34399139881134033,0.0231059268116951,-1,0.0,passive_browsing,hackernews,0,0,7
14413,0.21666283905506134,0.5941578149795532,0.18917930126190186,14,0.8886012436898693,passive_browsing,hackernews,0,0,5
14414,0.15859182178974152,0.7287431955337524,0.11266497522592545,14,0.698676530487119,passive_browsing,hackernews,0,0,3
14415,0.2140996903181076,0.6762301921844482,0.10967008024454117,1,0.2946021218632428,passive_browsing,hackernews,0,0,12
14416,0.2894850969314575,0.6364728212356567,0.07404208928346634,14,0.6534685485327498,passive_browsing,hackernews,0,0,7
14417,0.6726952195167542,0.3104053735733032,0.016899487003684044,-1,0.0,passive_browsing,hackernews,0,0,3
14418,0.2999838590621948,0.6362130641937256,0.06380309909582138,14,0.535739334423198,passive_browsing,hackernews,0,0,7
14427,0.649064302444458,0.2983410358428955,0.05259464681148529,14,0.6845434140405252,passive_browsing,hackernews,0,0,5
14428,0.20447450876235962,0.7441761493682861,0.05134943500161171,0,0.4326620003848963,passive_browsing,hackernews,0,0,3
14429,0.749109148979187,0.2345365434885025,0.016354383900761604,-1,0.0,churn_risk,hackernews,0,0,5
14432,0.2845008671283722,0.6160249710083008,0.09947412461042404,-1,0.0,passive_browsing,hackernews,0,0,5
14436,0.6694639921188354,0.3075568974018097,0.02297908440232277,1,0.7167603495551782,churn_risk,hackernews,0,0,4
14437,0.16232238709926605,0.7727329134941101,0.06494465470314026,14,0.6071191203196593,passive_browsing,hackernews,0,0,3
14440,0.036275364458560944,0.8114566802978516,0.15226797759532928,1,0.5901666400422874,passive_browsing,hackernews,40,37,7
14442,0.595742404460907,0.38791772723197937,0.016339819878339767,14,0.6588137861834042,passive_browsing,hackernews,0,0,5
14443,0.4501734673976898,0.46335282921791077,0.08647376298904419,-1,0.0,passive_browsing,hackernews,0,0,2
14446,0.38922372460365295,0.49539899826049805,0.1153772845864296,0,0.8611126306770297,passive_browsing,hackernews,10,5,3
14448,0.2636837661266327,0.6922925710678101,0.04402368143200874,1,0.7298695841182005,passive_browsing,hackernews,1,0,2
14468,0.5726860761642456,0.3697405159473419,0.057573430240154266,-1,0.0,passive_browsing,hackernews,0,0,7
14469,0.2568080425262451,0.6008563041687012,0.14233557879924774,0,1.0,passive_browsing,hackernews,0,0,8
14470,0.26956066489219666,0.7034037709236145,0.02703547477722168,10,0.13047257775918827,passive_browsing,hackernews,0,0,8
14471,0.40995779633522034,0.5576528310775757,0.03238937258720398,14,0.6631491094699387,passive_browsing,hackernews,0,0,5
14473,0.5451623201370239,0.4353789985179901,0.019458753988146782,-1,0.0,passive_browsing,hackernews,0,0,3
14474,0.33902889490127563,0.6055151224136353,0.055455949157476425,-1,0.0,passive_browsing,hackernews,0,0,7
14475,0.45142248272895813,0.5259838104248047,0.022593745961785316,14,0.9190314891391387,passive_browsing,hackernews,0,0,11
14476,0.6496419310569763,0.33021411299705505,0.02014392986893654,14,0.6186108113626224,churn_risk,hackernews,0,0,7
14477,0.6539179086685181,0.32810068130493164,0.017981424927711487,-1,0.0,churn_risk,hackernews,0,0,4
14478,0.22714601457118988,0.6893795728683472,0.08347437530755997,-1,0.0,passive_browsing,hackernews,0,0,7
14479,0.5464362502098083,0.4349226653575897,0.018641134724020958,-1,0.0,passive_browsing,hackernews,0,0,5
14480,0.023454558104276657,0.8438153266906738,0.13273008167743683,1,0.6225639000418248,passive_browsing,hackernews,0,0,6
14481,0.3063230812549591,0.5505748391151428,0.1431020349264145,-1,0.0,passive_browsing,hackernews,0,0,6
14482,0.02200997620820999,0.7143101692199707,0.2636798918247223,1,1.0,passive_browsing,hackernews,0,0,6
14483,0.27988287806510925,0.6783333420753479,0.04178375005722046,-1,0.0,passive_browsing,hackernews,0,0,3
14484,0.8053610920906067,0.1844022572040558,0.010236702859401703,-1,0.0,churn_risk,hackernews,0,0,6
14485,0.6661046147346497,0.3203744888305664,0.013520822860300541,14,0.5259485602419689,passive_browsing,hackernews,0,0,10
14487,0.2439848929643631,0.670565664768219,0.0854494646191597,0,1.0,passive_browsing,hackernews,0,0,10
14488,0.5421065092086792,0.4388039708137512,0.01908954605460167,-1,0.0,passive_browsing,hackernews,0,0,6
14489,0.0473543256521225,0.4321455657482147,0.5205000638961792,-1,0.0,purchase_intent,hackernews,0,0,9
14490,0.20094987750053406,0.7398771047592163,0.05917298048734665,-1,0.0,passive_browsing,hackernews,0,0,5
14491,0.09091994166374207,0.5693001747131348,0.33977991342544556,-1,0.0,passive_browsing,hackernews,0,0,3
14492,0.09217691421508789,0.7126034498214722,0.19521963596343994,14,1.0,passive_browsing,hackernews,0,0,6
14493,0.5961102843284607,0.37154436111450195,0.03234528750181198,14,0.848620822173933,passive_browsing,hackernews,0,0,8
14499,0.01456894539296627,0.8210142254829407,0.1644168347120285,1,0.31653119443165245,passive_browsing,hackernews,0,0,5
14500,0.6791402101516724,0.30540016293525696,0.015459584072232246,0,1.0,passive_browsing,hackernews,0,0,10
14501,0.5188877582550049,0.4634150266647339,0.017697235569357872,-1,0.0,churn_risk,hackernews,0,0,13
14516,0.014370264485478401,0.45871618390083313,0.5269135236740112,-1,0.0,passive_browsing,hackernews,0,0,4
14522,0.05689693242311478,0.8489750027656555,0.0941280871629715,-1,0.0,passive_browsing,hackernews,183,107,20
14523,0.006578460335731506,0.10621314495801926,0.8872084021568298,1,0.6307883808385398,purchase_intent,hackernews,1,0,8
14526,0.00758768804371357,0.38990193605422974,0.602510392665863,-1,0.0,passive_browsing,hackernews,1,0,9
14535,0.011259214952588081,0.40142980217933655,0.5873110294342041,-1,0.0,passive_browsing,hackernews,0,0,10
14536,0.007456238381564617,0.36714014410972595,0.6254035830497742,0,1.0,passive_browsing,hackernews,0,0,14
14537,0.10795602202415466,0.8005053997039795,0.09153862297534943,1,1.0,passive_browsing,hackernews,0,0,3
14565,0.01825442537665367,0.5171201825141907,0.46462541818618774,1,0.49172210909457265,passive_browsing,hackernews,0,0,5
14566,0.03420238941907883,0.8369994759559631,0.12879817187786102,-1,0.0,passive_browsing,hackernews,32,5,14
14567,0.2473686784505844,0.7249146699905396,0.027716681361198425,1,0.3463397954629047,passive_browsing,hackernews,0,0,4
14577,0.01963644102215767,0.8512327671051025,0.1291307806968689,1,0.2905742073374328,passive_browsing,hackernews,0,0,5
14578,0.7270344495773315,0.24826659262180328,0.024698952212929726,-1,0.0,churn_risk,hackernews,0,0,5
14580,0.013478409498929977,0.6796417236328125,0.30687981843948364,-1,0.0,passive_browsing,hackernews,1,4,6
14583,0.011460802517831326,0.4172663986682892,0.5712727904319763,1,0.720337467406058,passive_browsing,hackernews,0,0,4
14584,0.011904184706509113,0.38980305194854736,0.5982927083969116,1,0.8124096289610736,passive_browsing,hackernews,0,0,5
14585,0.011000252328813076,0.45072147250175476,0.538278341293335,1,0.9087905583399577,passive_browsing,hackernews,0,0,4
14592,0.010434895753860474,0.47705307602882385,0.5125120282173157,1,0.7069160776564724,passive_browsing,hackernews,1,0,5
14603,0.012454812414944172,0.8130768537521362,0.1744682788848877,-1,0.0,passive_browsing,hackernews,0,0,1
14604,0.16106829047203064,0.7645646333694458,0.07436708360910416,-1,0.0,passive_browsing,hackernews,0,0,3
14606,0.09102831780910492,0.7136103510856628,0.19536134600639343,-1,0.0,passive_browsing,hackernews,0,0,4
14607,0.4721449613571167,0.48207250237464905,0.045782506465911865,1,0.7507430966982943,passive_browsing,hackernews,0,0,6
14638,0.030133407562971115,0.19840358197689056,0.7714630365371704,-1,0.0,purchase_intent,hackernews,0,0,7
14641,0.02521057054400444,0.3259791135787964,0.6488103866577148,1,0.607981880437535,passive_browsing,hackernews,0,0,3
14643,0.05536838620901108,0.6895959973335266,0.2550356090068817,-1,0.0,passive_browsing,hackernews,0,0,4
14644,0.08086521178483963,0.6998088955879211,0.21932584047317505,-1,0.0,passive_browsing,hackernews,0,0,2
14654,0.010423247702419758,0.6513141989707947,0.33826249837875366,20,1.0,passive_browsing,hackernews,115,44,6
14655,0.1233578696846962,0.8222652077674866,0.05437692254781723,-1,0.0,passive_browsing,hackernews,2,0,5
14668,0.0442100465297699,0.8276323080062866,0.12815769016742706,1,0.6272516779590315,passive_browsing,hackernews,0,0,3
14669,0.12878426909446716,0.8223320841789246,0.04888369143009186,-1,0.0,passive_browsing,hackernews,0,0,3
14671,0.01177940983325243,0.0521983727812767,0.9360222220420837,1,0.6615609892441624,purchase_intent,hackernews,0,0,3
14676,0.0797639712691307,0.49159708619117737,0.42863890528678894,-1,0.0,passive_browsing,hackernews,0,0,2
14677,0.7053747177124023,0.2807183861732483,0.013906914740800858,2,1.0,churn_risk,hackernews,0,0,6
14694,0.0791594535112381,0.4060826301574707,0.5147579908370972,1,0.47850229594888694,passive_browsing,hackernews,9,7,4
14701,0.003613125067204237,0.10453742742538452,0.8918493986129761,1,0.5239310609334834,purchase_intent,hackernews,0,0,4
14702,0.00814034789800644,0.5801289677619934,0.41173064708709717,1,0.6362203483839735,passive_browsing,hackernews,0,0,8
14703,0.34078559279441833,0.6292168498039246,0.029997486621141434,1,0.2090203193060461,passive_browsing,hackernews,0,0,3
14710,0.014227544888854027,0.8021126389503479,0.18365976214408875,1,0.18258311412418538,passive_browsing,hackernews,0,0,5
14711,0.00510734086856246,0.5164037346839905,0.4784889817237854,1,0.14861002350643732,passive_browsing,hackernews,0,0,5
14719,0.005951120052486658,0.6126319169998169,0.3814169466495514,1,0.7103827707379875,passive_browsing,hackernews,0,0,6
14722,0.011841461062431335,0.34047675132751465,0.6476817727088928,-1,0.0,passive_browsing,hackernews,2,1,3
14723,0.015539142303168774,0.7396091818809509,0.2448517084121704,-1,0.0,passive_browsing,hackernews,3,0,4
14725,0.013554615899920464,0.5659149289131165,0.42053043842315674,10,0.13125884504238794,passive_browsing,hackernews,2,0,12
14726,0.07351408153772354,0.47970736026763916,0.4467785954475403,-1,0.0,passive_browsing,hackernews,1,0,14
14739,0.026631711050868034,0.8859316110610962,0.08743668347597122,1,0.21677682607721568,passive_browsing,hackernews,0,0,4
14740,0.006915858946740627,0.6877238750457764,0.305360347032547,1,0.25244756990807804,passive_browsing,hackernews,0,0,4
14741,0.004814213141798973,0.2231263816356659,0.772059440612793,1,0.5893700033172516,purchase_intent,hackernews,0,0,12
14742,0.005835372488945723,0.528870701789856,0.465293824672699,1,0.284954050568438,passive_browsing,hackernews,0,0,5
14746,0.0038516144268214703,0.05486784130334854,0.9412804841995239,1,0.5605408726187565,purchase_intent,hackernews,0,0,5
14747,0.023797528818249702,0.8690333962440491,0.10716903209686279,-1,0.0,passive_browsing,hackernews,0,0,4
14749,0.3731907904148102,0.5718391537666321,0.05496998876333237,-1,0.0,passive_browsing,hackernews,0,0,10
14751,0.8277669548988342,0.15820802748203278,0.014024944044649601,-1,0.0,churn_risk,hackernews,0,0,6
14752,0.05539073050022125,0.5347675085067749,0.4098418354988098,1,0.3497986443547883,passive_browsing,hackernews,0,0,4
14753,0.010658962652087212,0.6856499910354614,0.3036910891532898,1,0.1772214044760902,passive_browsing,hackernews,0,0,6
14754,0.05635286495089531,0.7282969951629639,0.21535012125968933,-1,0.0,passive_browsing,hackernews,0,0,11
14755,0.0511765331029892,0.8926946520805359,0.056128863245248795,-1,0.0,passive_browsing,hackernews,0,0,8
14758,0.01412234641611576,0.7696166634559631,0.21626096963882446,1,0.18456408682076972,passive_browsing,hackernews,0,0,7
14760,0.01220291294157505,0.7975095510482788,0.19028756022453308,1,0.5096032968131134,passive_browsing,hackernews,0,0,3
14761,0.015337588265538216,0.6695857048034668,0.3150767385959625,1,1.0,passive_browsing,hackernews,0,0,3
14763,0.5837311744689941,0.33520594239234924,0.08106290549039841,11,1.0,passive_browsing,hackernews,0,0,2
14764,0.1324629932641983,0.7912623286247253,0.07627464830875397,1,0.5323206722452383,passive_browsing,hackernews,0,0,5
14766,0.006318826228380203,0.3514917492866516,0.6421893835067749,1,0.4000232382591046,passive_browsing,hackernews,0,0,7
14767,0.007818175479769707,0.6572241187095642,0.33495771884918213,1,0.5033544383626762,passive_browsing,hackernews,0,0,3
14768,0.005953008309006691,0.24442854523658752,0.749618411064148,-1,0.0,purchase_intent,hackernews,0,0,2
14769,0.008425740525126457,0.5611356496810913,0.4304385781288147,1,1.0,passive_browsing,hackernews,0,0,3
14785,0.034350089728832245,0.5951980948448181,0.3704517185688019,-1,0.0,passive_browsing,hackernews,2,2,7
14786,0.05333948880434036,0.8414086103439331,0.10525190830230713,-1,0.0,passive_browsing,hackernews,0,0,8
14787,0.014964756555855274,0.2939206659793854,0.6911145448684692,-1,0.0,passive_browsing,hackernews,0,0,2
14800,0.008748011663556099,0.8668398857116699,0.12441208958625793,1,0.9114343542360256,passive_browsing,hackernews,0,0,9
14803,0.008242558687925339,0.6487731337547302,0.34298431873321533,1,0.09051703800042227,passive_browsing,hackernews,0,0,9
14804,0.006575359962880611,0.5024330019950867,0.49099165201187134,-1,0.0,passive_browsing,hackernews,0,0,9
14807,0.019566824659705162,0.875996470451355,0.10443669557571411,1,0.2846938967810687,passive_browsing,hackernews,0,0,4
14816,0.009750190190970898,0.3827010989189148,0.6075486540794373,1,0.5872373692338015,passive_browsing,hackernews,149,36,12
14819,0.8544095754623413,0.13672015070915222,0.008870269171893597,11,0.9008144613520438,churn_risk,hackernews,0,0,6
14821,0.006087324116379023,0.18996503949165344,0.8039476871490479,1,0.5804957433409206,purchase_intent,hackernews,0,0,3
14822,0.020671457052230835,0.6534716486930847,0.3258569836616516,11,1.0,passive_browsing,hackernews,0,0,4
14835,0.4584587514400482,0.45495131611824036,0.08658994734287262,1,0.5565957549458657,passive_browsing,hackernews,0,0,5
14836,0.6830260753631592,0.3027927279472351,0.014181209728121758,-1,0.0,churn_risk,hackernews,0,0,7
14845,0.7103370428085327,0.2783893942832947,0.011273541487753391,-1,0.0,churn_risk,hackernews,1,1,5
14848,0.011574819684028625,0.703692615032196,0.28473249077796936,1,1.0,passive_browsing,hackernews,0,0,4
14849,0.011270806193351746,0.6704629063606262,0.31826621294021606,1,1.0,passive_browsing,hackernews,0,0,5
14850,0.009333902038633823,0.6545723676681519,0.3360937535762787,1,1.0,passive_browsing,hackernews,0,0,5
14851,0.008404165506362915,0.4697650372982025,0.5218307971954346,-1,0.0,passive_browsing,hackernews,0,0,7
14852,0.009772966615855694,0.664804220199585,0.3254227936267853,1,1.0,passive_browsing,hackernews,0,0,5
14853,0.009851764887571335,0.5851005911827087,0.4050477147102356,1,1.0,passive_browsing,hackernews,0,0,5
14854,0.0070494976826012135,0.4272553026676178,0.5656951665878296,-1,0.0,passive_browsing,hackernews,0,0,7
14855,0.008414424024522305,0.47413355112075806,0.5174520015716553,-1,0.0,passive_browsing,hackernews,0,0,7
14856,0.008401339873671532,0.4951190650463104,0.4964795708656311,-1,0.0,passive_browsing,hackernews,0,0,7
14883,0.014375808648765087,0.7134643793106079,0.27215978503227234,1,0.3074759489330035,passive_browsing,hackernews,13,0,5
14884,0.006660691928118467,0.5263612270355225,0.4669781029224396,11,1.0,passive_browsing,hackernews,3,0,20
14885,0.014171299524605274,0.49368032813072205,0.49214839935302734,1,0.5641806621578779,passive_browsing,hackernews,2,0,10
14886,0.0558038167655468,0.6535642147064209,0.2906319499015808,-1,0.0,passive_browsing,hackernews,1,0,8
14887,0.008629337884485722,0.22369849681854248,0.7676721215248108,1,0.6075518630867935,purchase_intent,hackernews,1,0,16
14888,0.25282371044158936,0.6793920993804932,0.0677841305732727,-1,0.0,passive_browsing,hackernews,0,0,6
14893,0.23712512850761414,0.7002691626548767,0.06260579079389572,1,0.3961525052252308,passive_browsing,hackernews,39,36,3
14894,0.010593677870929241,0.7993543148040771,0.1900520622730255,1,0.1627628988177292,passive_browsing,hackernews,0,0,3
14895,0.3123101592063904,0.6171349287033081,0.0705549418926239,20,0.40896877847288543,passive_browsing,hackernews,0,0,3
14896,0.005230921786278486,0.5258913040161133,0.46887776255607605,-1,0.0,passive_browsing,hackernews,0,0,4
14897,0.01701556332409382,0.7547796964645386,0.22820468246936798,-1,0.0,passive_browsing,hackernews,36,21,7
14898,0.16587524116039276,0.7336140871047974,0.10051058977842331,-1,0.0,passive_browsing,hackernews,1,0,16
14899,0.01107996329665184,0.3422711491584778,0.6466489434242249,0,0.8888035647806825,purchase_intent,hackernews,0,0,6
14900,0.010748879052698612,0.3042028844356537,0.6850482821464539,1,0.7997159012280521,passive_browsing,hackernews,0,0,5
14905,0.009963149204850197,0.582668125629425,0.4073687195777893,1,1.0,passive_browsing,hackernews,0,0,2
14909,0.005829391069710255,0.5469752550125122,0.4471954107284546,-1,0.0,passive_browsing,hackernews,0,0,12
14911,0.015937400981783867,0.7870206832885742,0.1970418393611908,-1,0.0,passive_browsing,hackernews,5,2,4
14914,0.007542552892118692,0.2668578624725342,0.7255996465682983,11,1.0,purchase_intent,hackernews,8,0,23
14915,0.01962449960410595,0.730959951877594,0.2494155615568161,1,0.5641806621578779,passive_browsing,hackernews,0,0,4
14916,0.38673627376556396,0.5833222270011902,0.029941391199827194,-1,0.0,passive_browsing,hackernews,0,0,4
14918,0.012287396006286144,0.26637205481529236,0.7213405966758728,-1,0.0,purchase_intent,hackernews,0,0,8
14919,0.05393476411700249,0.8593461513519287,0.08671911060810089,1,0.3711665972940544,passive_browsing,hackernews,0,0,12
14921,0.015675971284508705,0.7100347876548767,0.27428916096687317,1,1.0,passive_browsing,hackernews,0,0,5
14923,0.012413624674081802,0.6803033351898193,0.3072830140590668,1,1.0,passive_browsing,hackernews,0,0,5
14924,0.014859864488244057,0.7089026570320129,0.2762375473976135,1,1.0,passive_browsing,hackernews,0,0,5
14925,0.014574572443962097,0.7168576717376709,0.268567830324173,1,1.0,passive_browsing,hackernews,0,0,5
14926,0.01461612805724144,0.6845703721046448,0.3008134961128235,1,1.0,passive_browsing,hackernews,0,0,5
14927,0.013067599385976791,0.6953756213188171,0.29155680537223816,1,0.6708096517767148,passive_browsing,hackernews,0,0,2
14928,0.013524401932954788,0.7097564935684204,0.27671900391578674,1,1.0,passive_browsing,hackernews,0,0,2
14929,0.013371418230235577,0.7018177509307861,0.2848108410835266,1,1.0,passive_browsing,hackernews,0,0,2
14930,0.013343052007257938,0.7008222341537476,0.2858346998691559,1,0.883050699841789,passive_browsing,hackernews,0,0,2
14932,0.01286272332072258,0.6997858881950378,0.2873513102531433,1,1.0,passive_browsing,hackernews,0,0,2
14933,0.013085253536701202,0.6816081404685974,0.30530664324760437,1,1.0,passive_browsing,hackernews,0,0,3
14934,0.527915894985199,0.4212600290775299,0.050824083387851715,-1,0.0,passive_browsing,hackernews,0,0,7
14955,0.007253844290971756,0.5817834734916687,0.41096264123916626,1,0.8321347897031075,passive_browsing,hackernews,1,0,1
14962,0.5976157784461975,0.3842950463294983,0.018089156597852707,-1,0.0,passive_browsing,hackernews,1,0,1
14965,0.061194904148578644,0.4583824872970581,0.48042258620262146,-1,0.0,passive_browsing,hackernews,1,0,1
15009,0.016671812161803246,0.8027557134628296,0.18057237565517426,1,0.8613850498647249,passive_browsing,hackernews,2,0,5
15014,0.01592598482966423,0.765216052532196,0.21885798871517181,-1,0.0,passive_browsing,hackernews,1,0,1
15020,0.005272824317216873,0.901122510433197,0.09360464662313461,34,1.0,passive_browsing,hackernews,1,0,1
15034,0.04807283356785774,0.8456749320030212,0.1062522679567337,1,0.545870560030578,passive_browsing,hackernews,1,0,1
15042,0.13899263739585876,0.8017184734344482,0.05928884819149971,0,0.4725460334056011,passive_browsing,hackernews,2,0,1
15050,0.41162750124931335,0.5551128387451172,0.03325970470905304,1,1.0,passive_browsing,hackernews,1,3,3
15056,0.021418355405330658,0.8221501708030701,0.15643145143985748,1,0.8214536528893721,passive_browsing,hackernews,1,0,1
15059,0.6322495341300964,0.3462049067020416,0.021545534953475,0,0.9556736338984981,passive_browsing,hackernews,2,0,1
15062,0.02266569994390011,0.928146243095398,0.049188047647476196,-1,0.0,passive_browsing,hackernews,3,1,1
15067,0.018176699057221413,0.43408581614494324,0.5477374792098999,-1,0.0,passive_browsing,hackernews,8,8,1
15075,0.03279511630535126,0.6066336631774902,0.3605712652206421,-1,0.0,passive_browsing,hackernews,2,0,3
15078,0.005438652355223894,0.8637811541557312,0.1307802051305771,-1,0.0,passive_browsing,hackernews,3,1,1
15083,0.678490400314331,0.3079094886779785,0.013600057922303677,41,0.9116323569870529,passive_browsing,hackernews,1,0,1
15085,0.339205801486969,0.6463731527328491,0.014421042054891586,-1,0.0,passive_browsing,hackernews,14,2,2
15089,0.017523059621453285,0.7563564777374268,0.2261204868555069,-1,0.0,passive_browsing,hackernews,1,0,1
15091,0.6234882473945618,0.3566630482673645,0.01984868384897709,1,0.5327068296533063,churn_risk,hackernews,1,0,2
15092,0.010205834172666073,0.20992785692214966,0.7798663377761841,14,1.0,purchase_intent,hackernews,2,1,1
15102,0.011049985885620117,0.7591948509216309,0.2297551929950714,-1,0.0,passive_browsing,hackernews,1,0,1
15104,0.4568270742893219,0.527959406375885,0.015213494189083576,-1,0.0,passive_browsing,hackernews,4,0,2
15108,0.8502413630485535,0.13464029133319855,0.015118364244699478,-1,0.0,churn_risk,hackernews,9,7,1
15110,0.17978505790233612,0.7814990878105164,0.038715910166502,-1,0.0,passive_browsing,hackernews,8,3,2
15121,0.02088979445397854,0.8741394877433777,0.10497076064348221,3,0.5755372125596824,passive_browsing,hackernews,1,0,1
15128,0.22081181406974792,0.695133626461029,0.08405449986457825,-1,0.0,passive_browsing,hackernews,0,0,2
15129,0.37136560678482056,0.5769913792610168,0.0516430027782917,4,0.3265203614754411,passive_browsing,hackernews,0,0,1
15130,0.14126989245414734,0.7457277178764343,0.1130024865269661,1,0.8818019432895557,passive_browsing,hackernews,0,0,1
15131,0.6031738519668579,0.3767506182193756,0.02007557824254036,23,1.0,passive_browsing,hackernews,0,0,3
15139,0.6249308586120605,0.34835365414619446,0.02671547420322895,-1,0.0,passive_browsing,hackernews,0,0,3
15142,0.1725815087556839,0.7120628356933594,0.11535566300153732,1,1.0,passive_browsing,hackernews,0,0,1
15145,0.6530523896217346,0.3265000283718109,0.02044760063290596,11,1.0,passive_browsing,hackernews,0,0,1
15146,0.00411650026217103,0.10214599967002869,0.8937375545501709,22,0.7508740196951426,purchase_intent,hackernews,0,0,1
15148,0.21294666826725006,0.3212352693080902,0.4658181667327881,-1,0.0,passive_browsing,hackernews,0,0,1
15150,0.8462860584259033,0.1445789933204651,0.009134974330663681,1,0.9132389499048186,churn_risk,hackernews,0,0,1
15155,0.46848541498184204,0.4888163208961487,0.042698342353105545,-1,0.0,passive_browsing,hackernews,0,0,1
15157,0.4986184239387512,0.43155741691589355,0.06982409209012985,23,0.8691640891017767,passive_browsing,hackernews,0,0,5
15159,0.009539537131786346,0.7768698930740356,0.21359048783779144,-1,0.0,passive_browsing,hackernews,0,0,3
15162,0.018745817244052887,0.8670450448989868,0.11420909315347672,1,1.0,passive_browsing,hackernews,0,0,3
15165,0.8358600735664368,0.14865458011627197,0.015485377982258797,32,1.0,churn_risk,hackernews,0,0,2
15169,0.010968830436468124,0.05357537418603897,0.9354557991027832,-1,0.0,purchase_intent,hackernews,0,0,1
15172,0.04272438585758209,0.6089434027671814,0.3483321964740753,1,0.6750390269630248,passive_browsing,hackernews,0,0,2
15174,0.3795960545539856,0.4759870767593384,0.14441680908203125,32,0.9899292406113864,passive_browsing,hackernews,0,0,1
15176,0.33862173557281494,0.5553901195526123,0.10598812997341156,-1,0.0,passive_browsing,hackernews,0,0,4
15178,0.0036526545882225037,0.035414256155490875,0.9609331488609314,9,0.5649240654962557,purchase_intent,hackernews,0,0,1
15184,0.03504084423184395,0.20911747217178345,0.7558417320251465,-1,0.0,purchase_intent,hackernews,0,0,1
15191,0.7273855805397034,0.25074389576911926,0.021870464086532593,1,0.6385069897997543,churn_risk,hackernews,0,0,1
15194,0.6897834539413452,0.27827438712120056,0.03194214031100273,0,1.0,passive_browsing,hackernews,0,0,1
15195,0.33190441131591797,0.632438600063324,0.035656969994306564,-1,0.0,passive_browsing,hackernews,0,0,1
15202,0.616016149520874,0.37062492966651917,0.013358930125832558,11,1.0,passive_browsing,hackernews,0,0,2
15204,0.3126172423362732,0.5943732857704163,0.09300949424505234,1,0.6651889272668232,passive_browsing,hackernews,0,0,1
15206,0.23053991794586182,0.7023613452911377,0.0670987069606781,-1,0.0,passive_browsing,hackernews,0,0,3
15207,0.06770298629999161,0.768229603767395,0.1640673577785492,1,0.24401111603161424,passive_browsing,hackernews,0,0,1
15215,0.5842355489730835,0.3892453610897064,0.026519088074564934,-1,0.0,passive_browsing,hackernews,0,0,1
15220,0.8209262490272522,0.16704657673835754,0.012027185410261154,-1,0.0,churn_risk,hackernews,0,0,2
15223,0.40619632601737976,0.545505940914154,0.048297617584466934,23,0.6024045953364923,passive_browsing,hackernews,0,0,5
15226,0.2492154985666275,0.6174710988998413,0.1333133429288864,38,0.9705153679388375,passive_browsing,hackernews,0,0,1
15238,0.28331008553504944,0.5245717167854309,0.19211815297603607,-1,0.0,passive_browsing,hackernews,0,0,2
15240,0.5418867468833923,0.4141507148742676,0.0439625158905983,-1,0.0,passive_browsing,hackernews,0,0,1
15242,0.4223906695842743,0.5415946841239929,0.03601464256644249,-1,0.0,passive_browsing,hackernews,0,0,1
15243,0.006811309605836868,0.1418212503194809,0.8513674736022949,-1,0.0,purchase_intent,hackernews,0,0,2
15249,0.7233667373657227,0.2589404284954071,0.017692772671580315,-1,0.0,churn_risk,hackernews,0,0,1
15250,0.5573986172676086,0.4090755581855774,0.033525850623846054,-1,0.0,passive_browsing,hackernews,0,0,4
15252,0.08671531081199646,0.8816307187080383,0.03165385499596596,3,1.0,passive_browsing,hackernews,0,0,1
15254,0.31258201599121094,0.6728370785713196,0.014580811373889446,-1,0.0,passive_browsing,hackernews,0,0,3
15258,0.9247967004776001,0.06903650611639023,0.006166780833154917,-1,0.0,churn_risk,hackernews,0,0,1
15261,0.7979145646095276,0.18560919165611267,0.016476303339004517,-1,0.0,churn_risk,hackernews,0,0,1
15263,0.2574235200881958,0.7050296068191528,0.03754685819149017,11,1.0,passive_browsing,hackernews,0,0,1
15270,0.02585592493414879,0.897804319858551,0.07633977383375168,-1,0.0,passive_browsing,hackernews,0,0,2
15271,0.003769150236621499,0.02008986473083496,0.9761409759521484,32,0.9030697109580496,purchase_intent,hackernews,0,0,3
15274,0.013658111914992332,0.8375305533409119,0.14881134033203125,-1,0.0,passive_browsing,hackernews,0,0,5
15277,0.5040693879127502,0.46848130226135254,0.02744930237531662,32,1.0,churn_risk,hackernews,0,0,1
15281,0.7931036949157715,0.19729964435100555,0.009596660733222961,-1,0.0,churn_risk,hackernews,0,0,1
15282,0.11823447048664093,0.29512637853622437,0.5866391658782959,32,0.9956335886616658,passive_browsing,hackernews,0,0,1
15283,0.40086475014686584,0.514095664024353,0.08503957837820053,-1,0.0,passive_browsing,hackernews,0,0,3
15285,0.041992247104644775,0.9221653342247009,0.035842400044202805,11,1.0,passive_browsing,hackernews,0,0,2
15287,0.12784869968891144,0.7307729125022888,0.14137840270996094,0,1.0,passive_browsing,hackernews,0,0,1
15288,0.15066201984882355,0.7680812478065491,0.08125671744346619,11,1.0,passive_browsing,hackernews,0,0,1
15294,0.6289556622505188,0.3438892364501953,0.027155177667737007,-1,0.0,passive_browsing,hackernews,0,0,1
15296,0.7561327219009399,0.23147287964820862,0.012394456192851067,23,0.525655983207028,churn_risk,hackernews,0,0,1
15298,0.13736847043037415,0.6507391333580017,0.21189242601394653,2,1.0,passive_browsing,hackernews,0,0,1
15315,0.07617226243019104,0.7902619242668152,0.13356582820415497,1,1.0,passive_browsing,hackernews,0,0,1
15318,0.5448307394981384,0.3890942931175232,0.06607495248317719,1,0.6673838480182898,passive_browsing,hackernews,0,0,2
15337,0.019681910052895546,0.752485990524292,0.2278321087360382,-1,0.0,passive_browsing,hackernews,83,24,6
15354,0.44623062014579773,0.5270028710365295,0.026766451075673103,-1,0.0,passive_browsing,hackernews,752,429,1
15356,0.42413529753685,0.5441532731056213,0.031711395829916,-1,0.0,passive_browsing,hackernews,54,27,1
15361,0.010993760079145432,0.5993582010269165,0.38964805006980896,-1,0.0,passive_browsing,hackernews,231,56,1
15362,0.07736529409885406,0.8114413619041443,0.11119327694177628,-1,0.0,passive_browsing,hackernews,33,2,4
15368,0.23973771929740906,0.7124860882759094,0.047776173800230026,0,0.9063845851277015,passive_browsing,hackernews,219,96,1
15372,0.005754314828664064,0.9236000180244446,0.07064567506313324,-1,0.0,passive_browsing,hackernews,51,16,1
15379,0.015587064437568188,0.6673621535301208,0.3170508146286011,-1,0.0,passive_browsing,hackernews,16,0,1
15402,0.027581583708524704,0.896250307559967,0.07616809010505676,-1,0.0,passive_browsing,hackernews,416,893,1
15406,0.3459177613258362,0.6301655769348145,0.023916637524962425,10,0.1789997510610502,passive_browsing,hackernews,57,56,1
15414,0.003989492543041706,0.2983618974685669,0.6976486444473267,-1,0.0,passive_browsing,hackernews,208,23,1
15432,0.015384519472718239,0.7588781714439392,0.2257373183965683,-1,0.0,passive_browsing,hackernews,128,50,2
15441,0.002526048105210066,0.0477059967815876,0.9497679471969604,-1,0.0,purchase_intent,hackernews,34,36,1
15453,0.05735330283641815,0.8726645708084106,0.06998216360807419,4,1.0,passive_browsing,hackernews,134,74,1
15457,0.010116714984178543,0.8745415806770325,0.1153416857123375,-1,0.0,passive_browsing,hackernews,112,29,2
15464,0.023403439670801163,0.4966180622577667,0.4799785315990448,1,0.30653466641851806,passive_browsing,hackernews,11,0,2
15465,0.7589312791824341,0.23019616305828094,0.010872519575059414,-1,0.0,churn_risk,hackernews,37,10,1
15467,0.01722145825624466,0.9313167333602905,0.05146181210875511,10,0.13282886048955314,passive_browsing,hackernews,131,24,1
15476,0.4014908969402313,0.5788180828094482,0.01969103142619133,-1,0.0,passive_browsing,hackernews,649,867,1
15482,0.00644326489418745,0.935042142868042,0.0585145577788353,32,1.0,passive_browsing,hackernews,67,18,1
15487,0.4712585508823395,0.5139968395233154,0.014744587242603302,-1,0.0,passive_browsing,hackernews,61,4,1
15490,0.04253244772553444,0.8874930143356323,0.06997452676296234,-1,0.0,passive_browsing,hackernews,323,175,1
15491,0.009878687560558319,0.7612819075584412,0.2288394272327423,14,0.9177893192637936,passive_browsing,hackernews,124,44,2
15510,0.4662029445171356,0.5070411562919617,0.02675590291619301,10,0.21319647627528077,passive_browsing,hackernews,19,8,1
15512,0.10723467916250229,0.8407215476036072,0.05204381048679352,-1,0.0,passive_browsing,hackernews,1317,822,1
15514,0.045245420187711716,0.9051110148429871,0.04964356869459152,-1,0.0,passive_browsing,hackernews,12,2,1
15518,0.005099414382129908,0.41925668716430664,0.5756439566612244,-1,0.0,passive_browsing,hackernews,132,28,1
15525,0.01530938595533371,0.8706412315368652,0.11404933035373688,-1,0.0,passive_browsing,hackernews,7,0,1
15530,0.02589796856045723,0.8822849988937378,0.09181705862283707,1,1.0,passive_browsing,hackernews,51,11,3
15544,0.023807546123862267,0.8542718887329102,0.12192049622535706,1,1.0,passive_browsing,hackernews,145,55,2
15546,0.5424250960350037,0.44068413972854614,0.016890807077288628,-1,0.0,passive_browsing,hackernews,14,6,1
15548,0.009979481808841228,0.8029628396034241,0.1870577484369278,-1,0.0,passive_browsing,hackernews,1001,373,1
15549,0.676195502281189,0.30264195799827576,0.021162569522857666,-1,0.0,passive_browsing,hackernews,393,649,2
15577,0.007547562941908836,0.2159012109041214,0.7765512466430664,-1,0.0,purchase_intent,hackernews,559,90,1
15582,0.8308799266815186,0.16125386953353882,0.00786617398262024,1,0.6582018825903929,churn_risk,hackernews,37,6,1
15583,0.636979341506958,0.3507397770881653,0.012280848808586597,2,1.0,passive_browsing,hackernews,389,190,1
15584,0.025821229442954063,0.7322328090667725,0.24194596707820892,1,0.759865958796125,passive_browsing,hackernews,91,28,11
15796,0.8371288776397705,0.153581902384758,0.009289269335567951,-1,0.0,churn_risk,hackernews,3,0,1
15800,0.5171281695365906,0.46130552887916565,0.021566227078437805,-1,0.0,churn_risk,hackernews,1,0,7
15803,0.060467083007097244,0.9058903455734253,0.03364263102412224,1,0.9868950249977124,passive_browsing,hackernews,2,4,1
15804,0.009447412565350533,0.801693320274353,0.1888592392206192,32,1.0,passive_browsing,hackernews,1,0,1
15806,0.013208752498030663,0.8233498930931091,0.16344134509563446,1,0.29212418291792763,passive_browsing,hackernews,3,0,4
15820,0.8002083897590637,0.18957985937595367,0.010211723856627941,-1,0.0,churn_risk,hackernews,7,1,1
15828,0.3951584994792938,0.5672537684440613,0.037587787955999374,-1,0.0,passive_browsing,hackernews,4,4,3
15832,0.0035286915954202414,0.10115443170070648,0.8953168988227844,-1,0.0,purchase_intent,hackernews,2,0,1
15838,0.20541127026081085,0.7407838106155396,0.053804825991392136,7,0.16226803923977953,passive_browsing,hackernews,2,1,1
15846,0.00611857371404767,0.6151760816574097,0.37870532274246216,1,0.5874641364667275,passive_browsing,hackernews,1,0,2
15854,0.5072374939918518,0.4660784602165222,0.026684118434786797,1,0.7636182536809034,passive_browsing,hackernews,8,4,2
15859,0.04877140745520592,0.8810721039772034,0.07015648484230042,-1,0.0,passive_browsing,hackernews,3,0,1
15868,0.01627526246011257,0.8783766031265259,0.10534815490245819,-1,0.0,passive_browsing,hackernews,4,1,1
15871,0.15113618969917297,0.7809633612632751,0.06790043413639069,-1,0.0,passive_browsing,hackernews,2,0,1
15873,0.016876863315701485,0.8697126507759094,0.11341049522161484,-1,0.0,passive_browsing,hackernews,3,0,2
15883,0.15023474395275116,0.6519237756729126,0.19784151017665863,-1,0.0,passive_browsing,hackernews,5,5,2
15884,0.011956787668168545,0.38784822821617126,0.6001949310302734,32,1.0,passive_browsing,hackernews,27,11,2
15887,0.44579505920410156,0.5251540541648865,0.029050832614302635,1,1.0,passive_browsing,hackernews,11,7,3
15889,0.022649269551038742,0.796299934387207,0.18105080723762512,1,0.7366614101582378,passive_browsing,hackernews,5,7,4
15890,0.36576005816459656,0.5948370695114136,0.03940281271934509,-1,0.0,passive_browsing,hackernews,40,11,1
15891,0.15650169551372528,0.7424002289772034,0.10109806060791016,1,0.806773308935552,passive_browsing,hackernews,17,12,2
15894,0.08866202086210251,0.8774134516716003,0.03392450138926506,-1,0.0,passive_browsing,hackernews,7,13,1
15926,0.0055769141763448715,0.5524511337280273,0.44197195768356323,1,0.6118811987675798,passive_browsing,hackernews,13,2,2
15928,0.13888666033744812,0.8049710392951965,0.05614225193858147,1,0.5534077658005546,passive_browsing,hackernews,9,0,1
15929,0.015682004392147064,0.7148476243019104,0.2694703936576843,-1,0.0,passive_browsing,hackernews,76,24,2
15939,0.029237810522317886,0.7962815761566162,0.1744806468486786,-1,0.0,passive_browsing,hackernews,83,60,4
15955,0.008556862361729145,0.6139512062072754,0.37749192118644714,-1,0.0,passive_browsing,hackernews,3,0,3
15957,0.009413041174411774,0.8834515810012817,0.10713539272546768,-1,0.0,passive_browsing,hackernews,6,2,1
15959,0.012046989984810352,0.7342627644538879,0.253690242767334,-1,0.0,passive_browsing,hackernews,30,16,1
15967,0.11790479719638824,0.3667605221271515,0.5153347253799438,1,0.7173183269993207,passive_browsing,hackernews,7,0,2
15969,0.004756542854011059,0.2917461395263672,0.7034972906112671,32,0.5762496851618469,purchase_intent,hackernews,4,0,2
15973,0.010118740610778332,0.7911255955696106,0.1987556368112564,1,0.609834537886982,passive_browsing,hackernews,5,4,2
15975,0.0067200493067502975,0.5388800501823425,0.4543999135494232,-1,0.0,passive_browsing,hackernews,18,12,2
15977,0.009411156177520752,0.6532634496688843,0.33732542395591736,1,0.7502283646602287,passive_browsing,hackernews,5,3,4
15978,0.008010604418814182,0.2795698940753937,0.7124195098876953,-1,0.0,purchase_intent,hackernews,12,2,1
15981,0.01906014047563076,0.9294177889823914,0.05152206867933273,1,0.6259871853856412,passive_browsing,hackernews,2,0,1
15982,0.08792522549629211,0.7847156524658203,0.12735913693904877,1,0.6592063583580792,passive_browsing,hackernews,3,0,2
15983,0.04216241091489792,0.865346372127533,0.09249116480350494,1,0.6006366824681868,passive_browsing,hackernews,7,0,3
15992,0.03053676150739193,0.4379022419452667,0.5315609574317932,-1,0.0,passive_browsing,hackernews,4,1,4
15997,0.10631357878446579,0.7714942097663879,0.12219224125146866,1,0.8234337862168655,passive_browsing,hackernews,73,65,1
15998,0.00381737039424479,0.012472753413021564,0.9837099313735962,-1,0.0,purchase_intent,hackernews,1402,491,1
16003,0.0073201884515583515,0.17676018178462982,0.8159196972846985,0,0.5674785253687069,purchase_intent,hackernews,322,167,1
16004,0.7496021389961243,0.23821164667606354,0.01218618918210268,0,0.7408423925018102,churn_risk,hackernews,283,278,2
16006,0.013316847383975983,0.9244081377983093,0.062275052070617676,1,0.3063397614822589,passive_browsing,hackernews,219,124,7
16007,0.004661446437239647,0.39319512248039246,0.602143406867981,0,0.7073209291982377,passive_browsing,hackernews,192,161,2
16018,0.004771268926560879,0.11007470637559891,0.8851540088653564,0,0.92105017612945,purchase_intent,hackernews,136,92,5
16026,0.3436662256717682,0.6349554657936096,0.021378308534622192,4,0.8080625655480126,passive_browsing,hackernews,116,103,4
16029,0.0148190688341856,0.895861029624939,0.08931991457939148,0,1.0,passive_browsing,hackernews,114,78,1
16033,0.04945296794176102,0.7497568726539612,0.2007901817560196,-1,0.0,passive_browsing,hackernews,103,71,11
16036,0.006062604021281004,0.37741896510124207,0.6165183782577515,0,0.7264259070072411,passive_browsing,hackernews,96,82,2
16038,0.39794519543647766,0.5655187368392944,0.03653605654835701,0,1.0,passive_browsing,hackernews,89,60,1
16048,0.13533253967761993,0.8352842926979065,0.029383156448602676,-1,0.0,passive_browsing,hackernews,75,79,3
16055,0.007338224910199642,0.18814679980278015,0.8045149445533752,-1,0.0,purchase_intent,hackernews,66,8,10
16067,0.008343207649886608,0.6373059153556824,0.35435086488723755,-1,0.0,passive_browsing,hackernews,45,6,1
16070,0.018774762749671936,0.8008705377578735,0.18035468459129333,-1,0.0,passive_browsing,hackernews,42,16,1
16071,0.009398586116731167,0.7124009132385254,0.2782004475593567,-1,0.0,passive_browsing,hackernews,41,26,21
16086,0.008291052654385567,0.8335896134376526,0.15811936557292938,32,0.6000581373985366,passive_browsing,hackernews,29,12,2
16092,0.024067191407084465,0.8767693042755127,0.09916350245475769,34,1.0,passive_browsing,hackernews,28,3,2
16096,0.07301593571901321,0.8865334391593933,0.04045059159398079,-1,0.0,passive_browsing,hackernews,272,324,1
16101,0.33007678389549255,0.6143378615379333,0.0555853545665741,0,0.9928149686864859,passive_browsing,hackernews,10,2,5
16103,0.7313763499259949,0.25458425283432007,0.01403940748423338,0,0.7535458420280979,churn_risk,hackernews,211,141,7
16108,0.6934128999710083,0.29509514570236206,0.011491966433823109,-1,0.0,passive_browsing,hackernews,62,52,3
16111,0.11177508533000946,0.8227648138999939,0.06546009331941605,-1,0.0,passive_browsing,hackernews,15,25,13
16113,0.017437901347875595,0.5034732818603516,0.47908878326416016,-1,0.0,passive_browsing,hackernews,83,135,11
16117,0.004523851443082094,0.20685218274593353,0.7886239290237427,1,0.6484002563524637,purchase_intent,hackernews,17,2,8
16119,0.43909814953804016,0.5108716487884521,0.0500301793217659,-1,0.0,passive_browsing,hackernews,10,16,3
16121,0.22166195511817932,0.7055577039718628,0.0727803111076355,1,0.5351620556356865,passive_browsing,hackernews,6,9,10
16124,0.029705332592129707,0.83913654088974,0.13115806877613068,-1,0.0,passive_browsing,hackernews,6,0,10
16125,0.01020917296409607,0.7771152853965759,0.21267561614513397,-1,0.0,passive_browsing,hackernews,6,0,2
16127,0.4069996178150177,0.5392494201660156,0.05375094711780548,-1,0.0,passive_browsing,hackernews,105,55,1
16129,0.6201930046081543,0.3444870710372925,0.03531992807984352,-1,0.0,passive_browsing,hackernews,271,263,1
16130,0.24859823286533356,0.6460291743278503,0.10537261515855789,11,0.9353544205218094,passive_browsing,hackernews,210,268,4
16131,0.00854679848998785,0.6711620092391968,0.32029128074645996,-1,0.0,passive_browsing,hackernews,196,99,12
16133,0.03424511104822159,0.6821758151054382,0.2835790514945984,11,1.0,passive_browsing,hackernews,64,43,6
16134,0.008933749049901962,0.6673642992973328,0.3237019181251526,1,1.0,passive_browsing,hackernews,41,12,6
16135,0.015649093315005302,0.727957010269165,0.2563939094543457,-1,0.0,passive_browsing,hackernews,19,14,5
16136,0.7296682596206665,0.25598829984664917,0.014343363232910633,-1,0.0,churn_risk,hackernews,9,7,6
16137,0.008310751989483833,0.5415439605712891,0.45014524459838867,10,0.5632087247948822,passive_browsing,hackernews,1098,1389,2
16138,0.012191185727715492,0.7943722009658813,0.19343653321266174,10,1.0,passive_browsing,hackernews,504,379,1
16143,0.07287482917308807,0.8310982584953308,0.0960269421339035,10,0.43717418184662465,passive_browsing,hackernews,109,198,1
16144,0.31346940994262695,0.6575377583503723,0.02899271622300148,10,0.4517338348435246,passive_browsing,hackernews,107,86,1
16146,0.07359082251787186,0.8884575366973877,0.03795170411467552,10,1.0,passive_browsing,hackernews,88,118,1
16147,0.062215957790613174,0.8167631030082703,0.12102091312408447,10,1.0,passive_browsing,hackernews,75,164,1
16148,0.022622516378760338,0.9455808401107788,0.03179660812020302,10,0.7410530742225722,passive_browsing,hackernews,67,29,1
16149,0.030423199757933617,0.875580906867981,0.09399595111608505,10,0.4482800522173574,passive_browsing,hackernews,66,88,1
16150,0.010685088112950325,0.9138455986976624,0.07546938210725784,10,1.0,passive_browsing,hackernews,66,64,1
16151,0.4174247980117798,0.5598806738853455,0.022694502025842667,10,0.4492345277446046,passive_browsing,hackernews,61,47,1
16154,0.003302875207737088,0.2213229387998581,0.7753742337226868,10,0.19149005450432588,purchase_intent,hackernews,56,66,1
16155,0.008812558837234974,0.7211238741874695,0.2700635492801666,10,0.4819508538798885,passive_browsing,hackernews,56,17,1
16156,0.03149564564228058,0.9112172722816467,0.057287078350782394,10,1.0,passive_browsing,hackernews,55,11,1
16157,0.01385532971471548,0.7216371893882751,0.2645074725151062,10,0.5581063064964091,passive_browsing,hackernews,53,66,1
16159,0.13264665007591248,0.8174031376838684,0.04995017498731613,10,0.2996235114001321,passive_browsing,hackernews,47,70,1
16160,0.054110560566186905,0.8756064772605896,0.07028283923864365,10,0.6465586842509945,passive_browsing,hackernews,46,98,1
16163,0.010148212313652039,0.9113848805427551,0.07846689969301224,10,0.5486546967001045,passive_browsing,hackernews,32,30,1
16166,0.005212932359427214,0.6968952417373657,0.2978917956352234,10,1.0,passive_browsing,hackernews,28,0,1
16167,0.3706400394439697,0.6085096001625061,0.020850280299782753,10,0.3149506114307268,passive_browsing,hackernews,24,5,1
16169,0.04985480383038521,0.7364192008972168,0.2137259840965271,0,0.6998363532011824,passive_browsing,hackernews,22,23,2
16170,0.17598025500774384,0.76008540391922,0.06393428891897202,10,0.2813618246938605,passive_browsing,hackernews,22,8,1
16173,0.014235078357160091,0.9136783480644226,0.07208655029535294,10,0.782818143023751,passive_browsing,hackernews,18,17,1
16176,0.010066199116408825,0.9217318892478943,0.06820189952850342,10,1.0,passive_browsing,hackernews,17,7,1
16178,0.016352873295545578,0.681647777557373,0.30199936032295227,10,0.990230142775223,passive_browsing,hackernews,16,0,1
16179,0.004936314187943935,0.20752893388271332,0.787534773349762,10,1.0,purchase_intent,hackernews,15,2,1
16181,0.025907441973686218,0.9139412641525269,0.060151394456624985,10,1.0,passive_browsing,hackernews,14,0,1
16182,0.372708261013031,0.5860065221786499,0.04128517210483551,10,0.9432830793198667,passive_browsing,hackernews,13,1,1
16184,0.13631728291511536,0.8024117946624756,0.06127091869711876,10,0.5275339468705571,passive_browsing,hackernews,13,0,1
16185,0.015494379214942455,0.8962243795394897,0.08828132599592209,10,0.6696506601007037,passive_browsing,hackernews,12,5,1
16187,0.6226849555969238,0.3541991710662842,0.02311580814421177,0,1.0,churn_risk,hackernews,11,16,3
16188,0.007777206599712372,0.9147958159446716,0.07742705196142197,10,0.39627553364227686,passive_browsing,hackernews,11,1,1
16189,0.003351236693561077,0.2558635175228119,0.7407851815223694,10,0.9080202628647188,purchase_intent,hackernews,11,0,1
16191,0.6704248785972595,0.3177618384361267,0.011813236400485039,10,0.8838620215560118,passive_browsing,hackernews,10,0,1
16192,0.1269800364971161,0.8406054973602295,0.03241446986794472,10,0.5238904786713807,passive_browsing,hackernews,10,0,1
16193,0.011398802511394024,0.8251338601112366,0.16346733272075653,0,0.7697984241879202,passive_browsing,hackernews,10,0,1
16200,0.012826262973248959,0.8232123851776123,0.16396133601665497,10,0.929418649120514,passive_browsing,hackernews,9,1,1
16201,0.0092416787520051,0.831210732460022,0.1595476120710373,10,0.2651804178187074,passive_browsing,hackernews,8,2,1
16203,0.007081275340169668,0.8908129930496216,0.10210574418306351,32,1.0,passive_browsing,hackernews,7,13,2
16204,0.008620033971965313,0.5801289081573486,0.41125109791755676,-1,0.0,passive_browsing,hackernews,7,6,1
16205,0.0401107594370842,0.9258987903594971,0.03399047255516052,10,0.9693697460399177,passive_browsing,hackernews,7,3,1
16209,0.01669912599027157,0.8201645016670227,0.16313636302947998,10,0.3852356267344189,passive_browsing,hackernews,6,3,1
16210,0.014282080344855785,0.6592944264411926,0.32642343640327454,10,1.0,passive_browsing,hackernews,6,3,1
16216,0.09306667745113373,0.844526469707489,0.062406864017248154,-1,0.0,passive_browsing,hackernews,260,204,4
16217,0.008576213382184505,0.2133360654115677,0.7780877351760864,-1,0.0,purchase_intent,hackernews,190,85,14
16219,0.13988450169563293,0.5642168521881104,0.2958986163139343,1,1.0,passive_browsing,hackernews,44,42,5
16222,0.5343235731124878,0.4495428502559662,0.016133489087224007,10,0.34107467233430516,passive_browsing,hackernews,24,41,7
16223,0.7023138999938965,0.2847869396209717,0.01289914920926094,-1,0.0,churn_risk,hackernews,23,25,2
16229,0.6048662662506104,0.3683604300022125,0.02677331119775772,-1,0.0,passive_browsing,hackernews,11,5,1
16230,0.07310516387224197,0.7701484560966492,0.15674631297588348,1,0.22485293354857708,passive_browsing,hackernews,10,18,11
16231,0.016153845936059952,0.7338499426841736,0.24999617040157318,0,0.6106428959328843,passive_browsing,hackernews,10,13,9
16232,0.002549740020185709,0.1232842206954956,0.8741660118103027,1,0.6112311078141368,purchase_intent,hackernews,10,0,7
16235,0.013147210702300072,0.32823503017425537,0.6586177945137024,-1,0.0,purchase_intent,hackernews,8,4,8
16250,0.7896953225135803,0.19147762656211853,0.018827056512236595,0,0.3102452698419245,churn_risk,hackernews,21,10,5
16253,0.20761138200759888,0.7366535067558289,0.055735066533088684,0,0.6003657866929302,passive_browsing,hackernews,19,12,4
16261,0.7195790410041809,0.2593619227409363,0.02105904370546341,-1,0.0,churn_risk,hackernews,8,1,5
16262,0.011638583615422249,0.8792263269424438,0.10913504660129547,-1,0.0,passive_browsing,hackernews,8,1,5
16263,0.002437686314806342,0.02847174182534218,0.9690905809402466,0,0.6791689133156772,purchase_intent,hackernews,8,0,5
16266,0.6642999053001404,0.31152525544166565,0.024174822494387627,0,0.5638157955927079,passive_browsing,hackernews,7,6,2
16267,0.010788073763251305,0.6586496829986572,0.33056220412254333,1,0.5787519932308841,passive_browsing,hackernews,7,2,5
16271,0.6471436023712158,0.32687345147132874,0.025982961058616638,-1,0.0,passive_browsing,hackernews,6,3,5
16278,0.8212335109710693,0.170193150639534,0.008573413826525211,3,0.5100336296876649,churn_risk,hackernews,17,12,5
16282,0.8561667799949646,0.1337384432554245,0.010094812139868736,-1,0.0,churn_risk,hackernews,15,13,6
16283,0.0025438512675464153,0.09259726107120514,0.9048588275909424,0,0.9591874279525057,purchase_intent,hackernews,15,2,13
16284,0.19383598864078522,0.6757506728172302,0.13041336834430695,1,0.7697286067814191,passive_browsing,hackernews,13,10,5
16285,0.007145106326788664,0.4748579263687134,0.5179969668388367,-1,0.0,purchase_intent,hackernews,12,8,5
16286,0.7444305419921875,0.24242720007896423,0.013142304494976997,0,0.39394812888955555,churn_risk,hackernews,12,5,16
16288,0.18067315220832825,0.7401968240737915,0.07913003116846085,-1,0.0,passive_browsing,hackernews,11,8,11
16289,0.21519403159618378,0.7031096816062927,0.08169625699520111,-1,0.0,passive_browsing,hackernews,10,20,4
16292,0.033279210329055786,0.7029908299446106,0.263729989528656,-1,0.0,passive_browsing,hackernews,9,4,6
16301,0.023102199658751488,0.8691710829734802,0.10772673785686493,-1,0.0,passive_browsing,hackernews,131,98,2
16303,0.889904260635376,0.10120022296905518,0.00889552477747202,-1,0.0,churn_risk,hackernews,78,64,1
16309,0.2587701678276062,0.6552707552909851,0.08595909178256989,-1,0.0,passive_browsing,hackernews,29,20,1
16314,0.011439411900937557,0.37578529119491577,0.6127752661705017,0,0.6817042905827947,passive_browsing,hackernews,9,0,4
16315,0.7997922897338867,0.18881279230117798,0.01139486487954855,-1,0.0,churn_risk,hackernews,6,1,2
16318,0.023719478398561478,0.431062251329422,0.5452182292938232,-1,0.0,passive_browsing,hackernews,46,21,3
16320,0.9298733472824097,0.06263204663991928,0.007494513876736164,-1,0.0,churn_risk,hackernews,8,3,1
16321,0.026617886498570442,0.7496486902236938,0.22373336553573608,-1,0.0,passive_browsing,hackernews,6,1,3
16324,0.7896395921707153,0.19621260464191437,0.014147800393402576,-1,0.0,churn_risk,hackernews,197,166,18
16330,0.0744360089302063,0.7622225284576416,0.1633414477109909,0,1.0,passive_browsing,hackernews,22,29,8
16335,0.8099780082702637,0.17879092693328857,0.011231052689254284,-1,0.0,churn_risk,hackernews,9,4,8
16344,0.17808504402637482,0.7177353501319885,0.10417959094047546,3,0.6027285704132406,passive_browsing,hackernews,8,0,2
16346,0.8389133214950562,0.14341527223587036,0.01767137087881565,3,1.0,churn_risk,hackernews,6,2,4
16347,0.010214519686996937,0.5270372033119202,0.462748259305954,1,0.5830738670811635,passive_browsing,hackernews,164,142,18
16350,0.14290457963943481,0.7960315346717834,0.061063893139362335,-1,0.0,passive_browsing,hackernews,61,60,13
16351,0.07049678266048431,0.887151300907135,0.042351964861154556,-1,0.0,passive_browsing,hackernews,47,3,4
16352,0.5195127129554749,0.4668271243572235,0.013660218566656113,11,0.952731838408546,churn_risk,hackernews,13,12,7
16358,0.016227705404162407,0.8806504607200623,0.10312186181545258,-1,0.0,passive_browsing,hackernews,6,1,10
16359,0.17166370153427124,0.8101584315299988,0.01817791536450386,-1,0.0,passive_browsing,hackernews,369,224,1
16361,0.7246490716934204,0.2601439356803894,0.015206913463771343,3,1.0,churn_risk,hackernews,10,5,4
16365,0.6311817169189453,0.3532051742076874,0.015613101422786713,3,1.0,passive_browsing,hackernews,58,23,4
16369,0.19782933592796326,0.6663891077041626,0.13578154146671295,3,1.0,passive_browsing,hackernews,22,18,7
16371,0.788102924823761,0.20262226462364197,0.009274792857468128,3,1.0,churn_risk,hackernews,64,79,1
16372,0.8795987367630005,0.11091866344213486,0.009482563473284245,2,1.0,churn_risk,hackernews,21,28,1
16374,0.5038447380065918,0.46633732318878174,0.029817961156368256,3,1.0,churn_risk,hackernews,6,0,3
16376,0.8136215806007385,0.1767605096101761,0.009617876261472702,3,1.0,churn_risk,hackernews,178,95,4
16378,0.8215488195419312,0.16496309638023376,0.013488054275512695,3,1.0,churn_risk,hackernews,492,315,15
16379,0.040060654282569885,0.7981938123703003,0.1617455929517746,1,0.7167603495551782,passive_browsing,hackernews,71,60,7
16381,0.804836630821228,0.18744243681430817,0.007720936089754105,3,1.0,churn_risk,hackernews,9,8,8
16382,0.018437083810567856,0.6932860016822815,0.28827694058418274,1,0.6788492855436024,passive_browsing,hackernews,8,6,2
16383,0.006403375882655382,0.39781346917152405,0.5957831740379333,-1,0.0,passive_browsing,hackernews,7,2,7
16384,0.015050472691655159,0.3946768343448639,0.5902726650238037,-1,0.0,passive_browsing,hackernews,7,0,7
16385,0.4187057316303253,0.5427120923995972,0.03858214616775513,1,0.6945867798442154,passive_browsing,hackernews,6,3,8
16395,0.007169789634644985,0.5730829238891602,0.41974732279777527,1,0.4900350670920743,passive_browsing,hackernews,108,51,8
16396,0.586418092250824,0.39321181178092957,0.020370032638311386,3,0.54409316962301,passive_browsing,hackernews,101,78,3
16397,0.8294201493263245,0.15934023261070251,0.011239559389650822,3,0.7016560521386973,churn_risk,hackernews,12,3,7
16401,0.015538863837718964,0.5349268317222595,0.4495342969894409,1,1.0,passive_browsing,hackernews,354,196,11
16402,0.37777331471443176,0.48580095171928406,0.1364256739616394,-1,0.0,passive_browsing,hackernews,59,48,10
16403,0.018327699974179268,0.8088550567626953,0.17281731963157654,-1,0.0,passive_browsing,hackernews,38,68,15
16405,0.05145612359046936,0.815475583076477,0.13306830823421478,2,1.0,passive_browsing,hackernews,288,175,14
16407,0.7503163814544678,0.23699726164340973,0.01268632523715496,3,1.0,churn_risk,hackernews,128,50,4
16408,0.009027318097651005,0.6371411085128784,0.35383155941963196,1,0.5065986564344486,passive_browsing,hackernews,107,61,6
16409,0.008318648673593998,0.7028619647026062,0.2888193726539612,-1,0.0,passive_browsing,hackernews,88,59,6
16412,0.011977648362517357,0.7160288691520691,0.2719934582710266,1,0.7651901834576371,passive_browsing,hackernews,71,44,9
16414,0.7168304920196533,0.23023034632205963,0.05293912813067436,3,1.0,churn_risk,hackernews,64,17,3
16415,0.08247993141412735,0.8385480046272278,0.07897202670574188,1,0.9181661954040837,passive_browsing,hackernews,59,56,10
16416,0.007354407105594873,0.37246882915496826,0.6201767325401306,32,0.7032090259918811,passive_browsing,hackernews,57,17,9
16424,0.8671108484268188,0.12397755682468414,0.008911675773561,3,1.0,churn_risk,hackernews,35,24,11
16428,0.008587672375142574,0.4194571375846863,0.571955144405365,-1,0.0,passive_browsing,hackernews,26,2,6
