id,post_cid,post_uri,text,author_handle,like_count,repost_count,reply_count,created_at,query_used,collected_at,source
1,bafyreig774spfxtjkvvchtvqwrzxrd2qedxit7xaxt3zk7ssanzec4depm,at://did:plc:ggftwcrb3jxn4uuxvtorqeup/app.bsky.feed.post/3mnc2awr3dk2e,"A New App, The Mall, Is Building A Universal Feed For Online Shopping

The Mall app is building a universal feed for online shopping, helping users discover products across stores in one personalized experience.

DETAILS: www.techticia.com/2026/06/a-ne...",techticia.bsky.social,0,0,0,2026-06-02 15:13:54.710000,online shopping experience,2026-06-02 18:36:11.836947,bluesky
2,bafyreihbbqiopwkpshszbafl4h2kzeql3kygzsxyishvoux5dsxnujxevm,at://did:plc:4hn2ld3q5zelho23lx372hx5/app.bsky.feed.post/3mnbqubombs2v,"Jakob Nielsen, a UX pioneer, writes about e-commerce usability.

> An online shopping experience should be entirely effortless, but forced signups introduce immediate, frustrating barriers.

If you’re into e-com, you should read this piece:
jakobnielsenphd.substack.com/p/ux-roundu...",jjude.com,1,0,0,2026-06-02 12:25:46.245115,online shopping experience,2026-06-02 18:36:11.836947,bluesky
3,bafyreidmxoeu5yg64lzshb364gdrdtvojgcegl533qkxebur74jiaahyie,at://did:plc:acyels5rmrsgk7ek7hhzt6dh/app.bsky.feed.post/3mn7wsr66y22b,"Except that now the online selection is likely more comprehensive than what's available in store, cheaper unless you go to a big-box discount retail barn, and delivery is days not weeks.

Catalogue shopping in the 80s wasn't a great experience, and grocery deliveries a la 1950s had died out by then.",slothlydad.bsky.social,4,0,1,2026-06-01 19:06:58.389000,online shopping experience,2026-06-02 18:36:11.836947,bluesky
4,bafyreie5xs7d37xisnc3imbqhbigqfxwtphgkrgasizj62qtzhf3bz3pja,at://did:plc:bmtypvtitp6urxvc4a6szuys/app.bsky.feed.post/3mn7dchuqya2a,"sign of the times as malls have been more or less phased out, outsold by the advent of online shopping. Not to say they're all gone, there are malls in my area that still have business and have those missing 3rd spaces still. But its not as wide spread or a cornerstone to the teenage experience in",captaincorndog13.bsky.social,0,0,1,2026-06-01 13:17:50.683000,online shopping experience,2026-06-02 18:36:11.836947,bluesky
5,bafyreieqovfmijfsvn6yhtrxh2zazwtevon7ootunqlyoadgbwgcdjeeuq,at://did:plc:apqqv6j4pu7x5v6vzxhbuw3h/app.bsky.feed.post/3mmtw3eoaik2m,"I was just talking about this to my cohorts because this is a HUGE change in business practices. Like if you have felt like every online shopping experience is a scam now, or that someone is out to trick you, or bypass your consent, you aren’t wrong. It’s not in your head.",sharonz.bsky.social,35,5,2,2026-05-28 00:21:56.674000,online shopping experience,2026-06-02 18:36:11.836947,bluesky
6,bafyreiegq753k2pwmsaqkgjoogc3k7ujufeabiamxzs6sokvuuclxgebty,at://did:plc:mdlfevlckd6bt2nijcsjg7z2/app.bsky.feed.post/3mmsgbvrnzs2i,The big box stores drove foot traffic down because anything you can get from them you can get online now. Very few of them offer anything unique to an in person shopping experience. Small quirky stores do.,wrenchesabound.bsky.social,2,0,1,2026-05-27 10:06:35.900000,online shopping experience,2026-06-02 18:36:11.836947,bluesky
7,bafyreiggb62z72g6xd27gkny32ptomadirwhmfqx6palbuatouthhnlkti,at://did:plc:qmu5auqwzgwutebewndwhzb6/app.bsky.feed.post/3mmrx2bk3qs2a,These clmpanies manufactured claims of high shrink. They are just adding extra friction into the shopping experience to push people to online shopping which lowers their expenses and maximizes their profits.,amaditalks.bsky.social,9,3,0,2026-05-27 05:33:54.101000,online shopping experience,2026-06-02 18:36:11.836947,bluesky
8,bafyreiacyyu426syxfvwerirrwitaptf6gxfzhgxxud3tgwc4bssyhfwce,at://did:plc:rpjnaiprg2f7ba2cbmbayib4/app.bsky.feed.post/3mmrl5o777s2n,"And even more than the permanence thing, digging through the crates or browsing the stacks is every bit as pleasant an experience as any kind of online shopping is a deeply unpleasant experience in 2026.",olliemcclellan.bsky.social,2,0,0,2026-05-27 02:01:03.140000,online shopping experience,2026-06-02 18:36:11.836947,bluesky
9,bafyreif3f6hml56oxpqedm35eahvtgkv2bmbeknhuxdtca3egoecaw2gni,at://did:plc:56i5k4rdeizxjwiot7kufsqq/app.bsky.feed.post/3mmmrpwfhou2k,"ALDI U.S. Debuts New Nationwide Digital Experience Using Instacart’s Enterprise Technology

https://www.europesays.com/germany/22673/

The upgraded website and app deliver a simpler online shopping experience for ALDI customers nationwide Instacart is now…",eu-de.bsky.social,0,0,0,2026-05-25 04:15:17.000000,online shopping experience,2026-06-02 18:36:11.836947,bluesky
10,bafyreidvj7i2d26piquqt32rqcs4delhc3okm3nzdnhh7s5orkco7ixn5q,at://did:plc:ze3u67vduq7j3opi7u4m55lx/app.bsky.feed.post/3mmkf2chpg225,"A weird shopping experience:

Protein powder at a local supermarket is $43: if I go to the store.

The same product, from the same store, drops to $36, if I buy it online, and that includes free same day delivery. 🤷",arichat.bsky.social,2,0,0,2026-05-24 05:23:09.552000,online shopping experience,2026-06-02 18:36:11.836947,bluesky
11,bafyreiee67k3c3u7zs535mgykdyqihn2zshy6j5ikxmiinxy3rtbgjgomi,at://did:plc:56i5k4rdeizxjwiot7kufsqq/app.bsky.feed.post/3mmjuohvtg52w,"ALDI U.S. Debuts New Nationwide Digital Experience Using Instacart’s Enterprise Technology

https://www.europesays.com/germany/21825/

The upgraded website and app deliver a simpler online shopping experience for ALDI customers nationwide Instacart is now…",eu-de.bsky.social,0,0,0,2026-05-24 00:30:11.000000,online shopping experience,2026-06-02 18:36:11.836947,bluesky
12,bafyreiexxa2xr42a7rroynntolngjptr6rr57igixkln34w3q52jdjlvxy,at://did:plc:2uw7siqhnqfunwyxd2dmq3lm/app.bsky.feed.post/3mmjmwkfb6s22,"And it's not just that both purchased their MD from the same business, and lied about it and their education and experience; they both placed curated self-promotion over professional development.

They received, respectively, the nomination and the promotion for other than actual qualifications.",informative.ink,6,3,1,2026-05-23 22:11:33.829000,online shopping experience,2026-06-02 18:36:11.836947,bluesky
13,bafyreih2rvq4qx2c4mr3dp3x5pga36x5hxntrcm7je5cbuexxjdetzflva,at://did:plc:n7izom3yhzzemvy2wsdfgrny/app.bsky.feed.post/3mmfsvke3pcc2,"@skinnylatte I hear you. I loathe shopping for clothes instore because I need larger sizes and the whole experience is just a pain. I buy them all online now, much better.",timrichards.aus.social.ap.brid.gy,0,0,0,2026-05-22 09:47:41.000000,online shopping experience,2026-06-02 18:36:11.836947,bluesky
14,bafyreidqfnofwazko4i73vio3cofy45nhqozsu5sducod7ug3636imcdpe,at://did:plc:56k2nezrmazpr5m7zae62wn6/app.bsky.feed.post/3mmd2d5wpjk2c,"Mmmmhmm. Like, i get how being able to view online gives a window shopping kind of feel, where you think there's going to be someone better after the next swipe. But, from personal  experience, having someone with ""most"" of what you're looking for can be even better, and unlock new desires!",dollaki.bsky.social,1,0,0,2026-05-21 07:22:37.463000,online shopping experience,2026-06-02 18:36:11.836947,bluesky
15,bafyreic626psf7qbwj5zsc5nqwdi7axngbettguy37gdlvkc62giccuy2e,at://did:plc:zkiee5sgcdke6oca6om2vdiy/app.bsky.feed.post/3mmcfrdpexc2z,"HRZONE – The Rising Future of Smart Online Shopping Experience
Visit ↘️ 
hrzone.lovable.app",sagardigitalhub.bsky.social,0,0,0,2026-05-21 01:14:44.665000,online shopping experience,2026-06-02 18:36:11.836947,bluesky
16,bafyreiglgoopkdmcnqx45qhobwijeqmhpqaobu7l7h6gheaymky6mkpw2q,at://did:plc:lz6huqnary35qwzjmj737p4b/app.bsky.feed.post/3mmbyajeivs2w,"🛰️ Second Life Pick (Shopping Events):

📍 The Outlet (4 online)

Seraphim brings you The Outlet Infinity Event! it's a shopping experience that never closes! Your favorite designers are bringing you p...


Visit: https://maps.secondlife.com/secondlife/SeraphimSL/128/63/21

#SecondLife #VirtualWorlds",sltrending.bsky.baeddel.social,0,0,0,2026-05-20 21:12:41.554287,online shopping experience,2026-06-02 18:36:11.836947,bluesky
17,bafyreibh3jbzhn5mixakd7djs335ze5vhynzf6xpsntwem75ichf323swy,at://did:plc:qkxugvwbzlkzshv37yxkxffm/app.bsky.feed.post/3mm7yfpbv2224,Why has my only good experience with online shopping this month been with a fucking eBay seller. Amazon took 2 weeks to ship vitamins and other home items and now my copy of Lego Batman from Walmart literally got delayed last minute come the fuck on,crystalkey.bsky.social,1,0,0,2026-05-20 02:10:16.064000,online shopping experience,2026-06-02 18:36:11.836947,bluesky
18,bafyreidolovrsuxqfm4wd7yw7kttvf7rzvayp5jcu2vvc46urdabmxuo5e,at://did:plc:5pba7bkjnhxm4ntzasbirrvn/app.bsky.feed.post/3mlsg3xx52c2c,"Popo knocking on my door this morning and me answering it thinking it's an online shopping package bc they had the exact same knock as my postwoman.

Two women cops ask me of my experience of Machete James.

Asked if I'd be willing to make a statement - I said yes, anomalously.

This hoe is TIRED! 🫩",pandainlingerie.bsky.social,0,0,1,2026-05-14 16:38:05.653000,online shopping experience,2026-06-02 18:36:11.836947,bluesky
19,bafyreiacohtr4na63reloklxk6t5fujc27sqmpu6qqtziqtqwatdkoxkgq,at://did:plc:aqaomt76o364rxit7dz7dme6/app.bsky.feed.post/3mlrzimzkhs22,"Amazon's new Alexa for Shopping brings AI to your search bar! How do you think this will change your online shopping experience? #AIShopping

https://techcrunch.com/2026/05/13/amazon-launches-an-ai-shopping-assistant-for-the-search-bar-powered-by-alexa/",ai-latestnews.bsky.social,0,0,0,2026-05-14 12:52:31.689496,online shopping experience,2026-06-02 18:36:11.836947,bluesky
20,bafyreieexagvglt5betg7g4nadb6t42njkec7ebh4cydhd2fu3pygvhpza,at://did:plc:xhrtfphu4gzqrztkpb3a63qf/app.bsky.feed.post/3mlpzryruim23,"[2/2] overseas official websites and its own apps, and will be launched for global users to create an immersive online shopping experience. (Shanghai Securities News)",babygoldie.bsky.social,0,0,0,2026-05-13 17:52:26.450428,online shopping experience,2026-06-02 18:36:11.836947,bluesky
21,bafyreieaxnjkknk3za7dozu7g3dksfrw6teelioum6dyhqzyts5ocntzj4,at://did:plc:7hduoa6dcxwf5h5giclzaaoj/app.bsky.feed.post/3mlptyrbtps2o,"They were there historically but what is the current justification for town centres ""should certainly include a shopping experience""?

If people do their shopping online or at retail parks, or go to hairdressers closer to where they live, then you don't need shops in town centres.",jasonoflondon.bsky.social,0,0,2,2026-05-13 16:08:51.171000,online shopping experience,2026-06-02 18:36:11.836947,bluesky
22,bafyreiffbszszkvzzmscpd6c36lmeicuhsct6okyin2lyoungog3naozgy,at://did:plc:jm5cvxlbh4mt7qjnpfigdxpi/app.bsky.feed.post/3mlmp3aniy72v,"Meesho is revolutionizing e-commerce with 70% of its code generated by AI, driving 75% of orders. This strategic move not only boosts operational efficiency but also enhances customer experience. Discover how tech is shaping the future of online shopping.

Read More: https://tscoop.news/SWrc

https…",techscoopindia.bsky.social,0,0,0,2026-05-12 10:02:46.349958,online shopping experience,2026-06-02 18:36:11.836947,bluesky
23,bafyreicwvlyg5xhxxs544vv2szskct5qgnwdxvwmvml2ur3g6z5pih5kzq,at://did:plc:vljvoj2noc2ltay2z67ectqo/app.bsky.feed.post/3mllntdp7422y,"People shop online because the experience of shopping in stores now is, “wow they have everything except this very basic thing I need.”",madcatfanatic.bsky.social,2,0,0,2026-05-12 00:07:47.752000,online shopping experience,2026-06-02 18:36:11.836947,bluesky
24,bafyreidm74i63nsgx4j63nrtvgema3q63odurih2ni4wmo2olveqyegnze,at://did:plc:hozwsx3k76yiwovtapb55tvx/app.bsky.feed.post/3mlkkhrkwds2r,"The online #shopping experience in India has undergone major changes during the past several years. The platform evolved from basic product displays and checkout functionalities to create custom online shopping experiences. 

Read More: ldnlmf8jrjcc.blog.fc2.com/blog-entry-1...",swatilalwani.bsky.social,0,0,0,2026-05-11 13:34:58.674000,online shopping experience,2026-06-02 18:36:11.836947,bluesky
25,bafyreiaaivphz2fy7zss4fml7t3zolhspb7ujbpu5vgacou7hu6e4guibe,at://did:plc:kncpddlvjwsxvs5bprbioymc/app.bsky.feed.post/3mlkjftc7l225,"Shop high-quality fetish leather products at Joyfunx featuring durable construction, premium materials, and stylish designs. Enjoy private shopping, secure payments, and discreet delivery for a smooth online experience.

Website:- joyfunx.co.uk/collections/...",joyfunx.bsky.social,0,0,0,2026-05-11 13:15:59.637000,online shopping experience,2026-06-02 18:36:11.836947,bluesky
26,bafyreieicu36r2fkzx332iu52t4peaoe4flo5rqejzkbeo67jc5k7ebr5a,at://did:plc:kncpddlvjwsxvs5bprbioymc/app.bsky.feed.post/3mlkjeu6q4225,"Shop high-quality fetish leather products at Joyfunx featuring durable construction, premium materials, and stylish designs. Enjoy private shopping, secure payments, and discreet delivery for a smooth online experience.

Website:- joyfunx.co.uk/collections/...",joyfunx.bsky.social,0,0,0,2026-05-11 13:15:27.016000,online shopping experience,2026-06-02 18:36:11.836947,bluesky
27,bafyreigybfkzfja3vwhvxt3swagu2zt7ge5lhzlhq7extmpofupyb6646e,at://did:plc:yfrcctkzzyl7davc7cwunon6/app.bsky.feed.post/3mljbeyu4dk2n,"Oh and because I know Cyclesmith gets some negative reviews elsewhere online: the folks at Dartmouth were absolutely lovely, helpful, not pushy, overall just a great shopping experience. So if you're shopping for bikes in Halifax/Dartmouth, I'd recommend them!",candice.eastcoastcandice.com,2,0,1,2026-05-11 01:19:42.239000,online shopping experience,2026-06-02 18:36:11.836947,bluesky
28,bafyreibo3kq2q5n4klpwcf3x3gbhrbogs35pfru5shfg2ktjcruo6afgkm,at://did:plc:lz6huqnary35qwzjmj737p4b/app.bsky.feed.post/3mlguypsgmk2x,"🛰️ Second Life Pick (Shopping Events):

📍 The Outlet (6 online)

Seraphim brings you The Outlet Infinity Event! it's a shopping experience that never closes! Your favorite designers are bringing you p...


Visit: https://maps.secondlife.com/secondlife/SeraphimSL/128/63/21

#SecondLife #VirtualWorlds",sltrending.bsky.baeddel.social,0,0,0,2026-05-10 02:32:45.701527,online shopping experience,2026-06-02 18:36:11.836947,bluesky
29,bafyreifva4u63zgysedcbzqemcozpjg7yf6egqyyuutmhizxlnjzuaioo4,at://did:plc:mma7rkzfxihvlaz3t4fpxfrh/app.bsky.feed.post/3mlfsz4aun22q,"Modern Lab Made Diamond Ring Online Shopping with GemsNY

Explore stunning Lab Made Diamond Ring collections at GemsNY. Find premium quality, ethical diamonds and enjoy a seamless online shopping experience.

Visit us - www.gemsny.com/lab-diamond-...",kathyparker05.bsky.social,0,0,0,2026-05-09 16:24:31.548000,online shopping experience,2026-06-02 18:36:11.836947,bluesky
30,bafyreihs5bxwst7zmpp263uvoefytd7thfsdarfuntymmokk2edbvzob4e,at://did:plc:4mksbx5sab3femmi4qdemtdf/app.bsky.feed.post/3mldw2knvfk2d,"I think it's a brilliant idea.  Encourages people to have a social experience instead of just a shopping experience, it's playing up to one of your advantages over online shopping.",mcjamesz.bsky.social,3,0,0,2026-05-08 22:13:41.959000,online shopping experience,2026-06-02 18:36:11.836947,bluesky
31,bafyreidcr4ands6upvhi5vsa5hmwibn6abfh5cfhm2ahqbb4ofzuuuty7a,at://did:plc:3jynhxlslpddav6oyp4ipzas/app.bsky.feed.post/3mlas2q24js2t,"Artiss LED Coffee Table Shelf Drawer Storage White

At Homesticly, we make it easy to find the perfect furniture and homewares online. We are committed to providing an exceptional shopping experience for all Australians. 
homesticly.com.au/products/art...",homesticly.bsky.social,2,0,0,2026-05-07 16:24:13.419000,online shopping experience,2026-06-02 18:36:11.836947,bluesky
114,bafyreiaytww436ffcjgsyzabig3vc5vgiprowoqujde3z7yhhbsnpy3rkm,at://did:plc:cq4y3ajqekaiv72qub2qkpba/app.bsky.feed.post/3mitshfviks2x,"It's not my job to review things. I shouldn't be asked to report on every product or service I purchase, this shouldn't be part of the social contract",hendernator.bsky.social,0,0,0,2026-04-07 01:36:19.133000,product review purchase,2026-06-02 18:36:12.531064,bluesky
32,bafyreicvri5jh3mmamu2sixljxwsb7ix5fh2pbq6qs5bkq5slbe7pc3qwq,at://did:plc:47jqeqetoxlqyunujrljsjyq/app.bsky.feed.post/3mlaen7vgoc2j,"Grocery Web Development – Dubai Website Design Company

Grocery web development services help supermarkets and grocery stores create a seamless online shopping experience for customers. Contact us now!
Website - www.dubaiwebsitedesign.ae/grocery.html",dubaiwebsitedesign.bsky.social,1,0,0,2026-05-07 12:24:01.636000,online shopping experience,2026-06-02 18:36:11.836947,bluesky
33,bafyreifvxkhvsxki6dtlcqcsdwubpnrkzvlyip6tuteuopoadl5u7mot2m,at://did:plc:gxtniliejpthzke7rprdlexo/app.bsky.feed.post/3mkxsbr54wk24,"That’s a good point. Us early internet denizens remember a time when being online wasn’t entirely about the experience of having our whole lives monetized.

It’s like we grew up with going to a library that turned entirely into a shopping mall in which we’re both the product and the consumers.",wintersong.bsky.social,1,0,0,2026-05-04 02:34:11.802000,online shopping experience,2026-06-02 18:36:11.836947,bluesky
34,bafyreidakubnzhoygjbtdmrnn2dgiybn4rguge2tx5gac4xgnrwpokopsm,at://did:plc:shqh3kmf2oc73grnix2g4u5j/app.bsky.feed.post/3mkubb7ho5fg2,"I’m in an electronics store after I don’t know how many years and My Lord they do put an effort to make every bit of the experience awful.

Way to go to push people toward online shopping",cdf1982.iosdev.space.ap.brid.gy,0,0,1,2026-05-02 16:51:17.000000,online shopping experience,2026-06-02 18:36:11.836947,bluesky
35,bafyreif6fbhubssuuxufv4jem5f56q2g3j7haq4o5l5seiqq5cu2dhw5xe,at://did:plc:uyfioho2k4bobwy3x2dk5hhb/app.bsky.feed.post/3mktsisd2b22d,"🕶️ Introducing Optix — Eyewear Store Template

Optix is designed for businesses that want to create a premium online shopping experience for eyewear customers.⚡

#eyewear #sunglasses #ecommerce #webflow #digitalproduct",bhautikpatel.bsky.social,3,0,0,2026-05-02 12:27:28.961000,online shopping experience,2026-06-02 18:36:11.836947,bluesky
36,bafyreig3m5vvq2dmfqremilafxtsb6oko5lcxl4oor5tjgxhwyvfageb4e,at://did:plc:iwl2qgilw7fv3hhvygpp3bcz/app.bsky.feed.post/3mkq37lqvlu27,"All these practices and sloppy search matches reduce the utility of the online shopping experience. Keep it up, Amazon!",thetimberwoof.bsky.social,0,0,0,2026-05-01 00:52:43.721000,online shopping experience,2026-06-02 18:36:11.836947,bluesky
37,bafyreifpsqlmtz62arvfg5hytau47ks2w5hbgwqo76nbvmrdsmiudq2y7m,at://did:plc:k3d6wpo757pkjacj6mlnphbe/app.bsky.feed.post/3mkpot3ovgc2c,"s3.dualstack.eu-west-2.amazonaws.com/shopping.uk/...

shopping deals uk

shopping.co.uk can be understood as an online shopping platform focused on connecting UK consumers with a wide range of products and retail offers. It represents the modern ecommerce experience where users can browse,",arkboss.bsky.social,0,0,0,2026-04-30 21:11:00.419000,online shopping experience,2026-06-02 18:36:11.836947,bluesky
38,bafyreib4ycnia2aveiyn5d6aedatlwwsh5dd5vbokzqceroanx3u563bbq,at://did:plc:k3d6wpo757pkjacj6mlnphbe/app.bsky.feed.post/3mkp3pb3bgc2a,"s3.dualstack.eu-west-2.amazonaws.com/shopping.uk/...

app based shopping uk

The UK fashion shopping experience is not limited to physical stores. Online platforms allow customers to browse thousands of styles, check size availability,",arkboss.bsky.social,0,0,0,2026-04-30 15:28:50.756000,online shopping experience,2026-06-02 18:36:11.836947,bluesky
39,bafyreiafn4fq7qhn4vhhybhigvaoifchsnzyu5jgqorjzczq75gtxddxm4,at://did:plc:me4kuo3kgh3nbxellgdtpk4p/app.bsky.feed.post/3mklsikripk2x,A great online shopping experience for consumers and businesses alike. We represent top companies that provide quality products and services. poshboymedia.com,poshboymedia.bsky.social,1,0,0,2026-04-29 08:06:03.151000,online shopping experience,2026-06-02 18:36:11.836947,bluesky
40,bafyreidcmbqu6eijmuwofyellygg7bwt7nhfqe25yjcucii2hdrt52u2jy,at://did:plc:e7ozi6qbe2claq4hkjre6f75/app.bsky.feed.post/3mkjodji4ok2r,"E-commerce and Online Retail: Revolutionizing the Shopping Experience
www.ekascloud.com/our-blog/eco...
#Ecommerce #OnlineRetail #DigitalShopping #ShoppingRevolution #RetailInnovation #OnlineBusiness #SmartShopping #RetailTrends #FutureOfShopping #EcommerceGrowth #ShopOnline",ekascloud.bsky.social,3,0,0,2026-04-28 11:46:19.578000,online shopping experience,2026-06-02 18:36:11.836947,bluesky
41,bafyreib3bdjkziyo4qvf5s245lbtruk2njjhkxbbvz6esaq2szgtt22d4q,at://did:plc:ojvohuezvyp2u3yhfzgdnqje/app.bsky.feed.post/3mkik6p3hrc2a,"Discover the latest smart technology, modern home devices, and everyday gadgets at OneFantasticShop. We offer innovative products, secure payment methods, and reliable worldwide shipping to make your online shopping experience simple, safe, and convenient. 
Visit Here:
onefantasticshop.website3.me",onefantasticshop.bsky.social,1,0,0,2026-04-28 00:59:22.977000,online shopping experience,2026-06-02 18:36:11.836947,bluesky
42,bafyreigvl6cw5jxvuj3yofniqxmfhtjfdhtaoc7265zuhjdwzps2edkp7q,at://did:plc:6iwo3ecjnl5soj3crslbjzo5/app.bsky.feed.post/3mk65a4sbps2w,"At Fedorae, we require login to keep our platform secure and protect your personal info. Don't let automated bots slow down your online shopping experience! Read our latest blog post to learn more about why we require login for our service. www.fedorae.com/blog/why-we-... 

#Fedorae #OnlineShopping",fedorae.com,1,0,0,2026-04-23 21:40:54.883000,online shopping experience,2026-06-02 18:36:11.836947,bluesky
43,bafyreib6rliqo5ttd2txksspoa3hnkbi73zk67hxww2xhg45c637mbnzay,at://did:plc:hrx2bm7atovoe7j5llmctrtq/app.bsky.feed.post/3mjxehew54g2f,"Cut4Men Provocative Classic Thong
Buy Cut4Men C4M03 Provocative Classic Thong men’s underwear slips online privately. Sexy male thong brief with extra shaping. Shop DGU ship worldwide
BUY NOW!
£14.00
https://deadgoodundies.net/PCqWfpprH",undies.score.bargains,0,0,0,2026-04-21 05:01:36.231275,online shopping experience,2026-06-02 18:36:11.836947,bluesky
44,bafyreidbark4hxlyjvnpleokioy2mlorwrk4irfwqi2rnzng2se2ahxpbm,at://did:plc:2rg2byre45lr3cx5eln7syp4/app.bsky.feed.post/3mjxaomrvts2m,Our old cable box had a fully working keyboard to do very early 2000’s smart tv things that where incredibly basic and slow but was my first experience at online shopping with the tv all things.,deswalsh.bsky.social,1,0,0,2026-04-21 03:54:04.467000,online shopping experience,2026-06-02 18:36:11.836947,bluesky
45,bafyreidtnmnla72i62acbaoc7z2im74pqgijpeigtk245lt6juvf4t3gbu,at://did:plc:hrx2bm7atovoe7j5llmctrtq/app.bsky.feed.post/3mjwekvitj42k,"WOH Personal Allure Mini Brief
WOH Personal Allure Mini Brief men’s underwear combines a thong look with male hipster midi. Shop see through mesh stripe underpants privately online
BUY NOW!
£38.50
https://deadgoodundies.net/PCqWfpYdL",undies.score.bargains,0,0,0,2026-04-20 19:30:54.562368,online shopping experience,2026-06-02 18:36:11.836947,bluesky
46,bafyreibdlsjbmumh2vladjhm6krdjfktk64e23usbcjtc3zm6ogsigaulu,at://did:plc:hrx2bm7atovoe7j5llmctrtq/app.bsky.feed.post/3mjvx5o3f5e2h,"Cut4Men Provocative Classic Thong
Buy Cut4Men C4M03 Provocative Classic Thong men’s underwear slips online privately. Sexy male thong brief with extra shaping. Shop DGU ship worldwide
BUY NOW!
£14.00
https://deadgoodundies.net/PCqWfpprH",undies.score.bargains,0,0,0,2026-04-20 15:30:51.911943,online shopping experience,2026-06-02 18:36:11.836947,bluesky
47,bafyreihym3pylfsp2irr32bsuubu5jhxujkh6436rzha3voa5csjhnyhve,at://did:plc:xwfjo6a5k4bxgvvgec72dbpx/app.bsky.feed.post/3mjvs4sgwis2d,"Usually when i go is more for the experience rather to find stuff there, blame online shopping and whatnot. So i tend to go for the artist alley since it's some you can't get online 

They're usually not super expensive so I don't tend to put a limit on myself. Key word usually lol",timelycalavera.bsky.social,2,0,1,2026-04-20 14:00:54.296000,online shopping experience,2026-06-02 18:36:11.836947,bluesky
48,bafyreiaiaz4qav7i52zjfqi233oksehyyh6p3la3gf6kg5n5ku5najevje,at://did:plc:hrx2bm7atovoe7j5llmctrtq/app.bsky.feed.post/3mjvs4dppja2k,"Joe Snyder SK 01 Bikini
Encompassing your goods in this sock like pouch helps give an impressive bulge effect as well as support and comfort. Shop online in privacy today.
BUY NOW!
£25.00
https://deadgoodundies.net/PCqWfpYiE",undies.score.bargains,1,0,0,2026-04-20 14:00:38.782095,online shopping experience,2026-06-02 18:36:11.836947,bluesky
49,bafyreidnpk2w6x5zzjqq2zgfeae6pwi7ldol7uu54yorqjw7ea6hmfmigm,at://did:plc:kt6742bz6rgu7laqrshma5wd/app.bsky.feed.post/3mjuadjhlec22,"Proudly Australian Owned & Operated! At Nettplaza, we’re giving Aussies real savings and a hassle-free online shopping experience. 

👉 Signup now!
📞: +64 9 889 6557
🌐: nettplaza.co.nz
Stay updated - follow us on Facebook
www.facebook.com/nettplazanz",ellenext9.bsky.social,0,0,0,2026-04-19 23:09:52.665000,online shopping experience,2026-06-02 18:36:11.836947,bluesky
50,bafyreigon3eu3wzcz25dw5bcpdqq4aqca2mbpqotmlx4s4td7jkiodm54i,at://did:plc:hrx2bm7atovoe7j5llmctrtq/app.bsky.feed.post/3mjsuavdeav2n,"Manstore M800 Low Rise Brief
Buy enhancing men's underwear privately online. This super low rise male tanga bikini brief is so great on every level. Shop more gents' undies now.
BUY NOW!
£29.00
https://deadgoodundies.net/PCqWfpEQG",undies.score.bargains,0,0,0,2026-04-19 10:00:59.722919,online shopping experience,2026-06-02 18:36:11.836947,bluesky
51,bafyreifd2n3vggz27ud2aguwdfbzxocsvgdh3ba5n5d57nig5fdbquitri,at://did:plc:hrx2bm7atovoe7j5llmctrtq/app.bsky.feed.post/3mjqdrfc2wu2q,"Modus Vivendi Crystal Mini Brief
A brief that combines a soft practical yarn with a super sexy cut. Need some new undies? Hotfoot it to DGU now and buy discreetly online.
BUY NOW!
£13.00
https://deadgoodundies.net/PCqWfp0qS",undies.score.bargains,1,0,0,2026-04-18 10:00:40.246805,online shopping experience,2026-06-02 18:36:11.836947,bluesky
52,bafyreialtjjnprifrm6vg7fpfpzbqsdrprwu2olgtl72xtpa55redsdun4,at://did:plc:hrx2bm7atovoe7j5llmctrtq/app.bsky.feed.post/3mjpsytab7d2c,"Joe Snyder Lacy Capri Maxi Bulge 03
This is an incredibly sexy men's underwear design from our best Mexican designer brand. Shop in privacy online with Deadgoodundies.com.
BUY NOW!
£23.00
https://deadgoodundies.net/PCqWfpIWt",undies.score.bargains,0,0,0,2026-04-18 05:00:36.162785,online shopping experience,2026-06-02 18:36:11.836947,bluesky
53,bafyreidc3fa77lgv7ovi5ghpshpgu7zket5rl6o7wka7b2l2tksr4swtei,at://did:plc:hrx2bm7atovoe7j5llmctrtq/app.bsky.feed.post/3mjot5lkh6r2q,"Manstore M800 Low Rise Brief
Buy enhancing men's underwear privately online. This super low rise male tanga bikini brief is so great on every level. Shop more gents' undies now.
BUY NOW!
£29.00
https://deadgoodundies.net/PCqWfpEQG",undies.score.bargains,0,0,0,2026-04-17 19:30:36.140983,online shopping experience,2026-06-02 18:36:11.836947,bluesky
54,bafyreice3d6he3bsgjsax3nzdwr7dbqjt5vf3fhxwbfqhfink5ztbxcwlm,at://did:plc:mma7rkzfxihvlaz3t4fpxfrh/app.bsky.feed.post/3mjm4gn2lxs2s,"Explore Premium Sapphire and Diamond Ring Online Collection

Buy your dream sapphire and diamond ring online with certified quality. Explore stunning selections and experience safe, hassle-free shopping now.

Visit Now - www.gemsny.com/sapphire-rings",kathyparker05.bsky.social,0,0,0,2026-04-16 17:38:44.226000,online shopping experience,2026-06-02 18:36:11.836947,bluesky
55,bafyreicod67yq62ssjxerj57bawzmcsbq5xth3qmpzmeo3tqe66mc775kq,at://did:plc:zzxq4gyaav4afwecy7m6as67/app.bsky.feed.post/3mjkadncqhc2w,Online shopping is a terrible experience and increasingly fast delivery does not change that meaningfully.,tryzing.bsky.social,3,0,0,2026-04-15 23:43:19.322000,online shopping experience,2026-06-02 18:36:11.836947,bluesky
56,bafyreih3a2k3tt2duw5oktx3hlfyk3zipwkbhvs6wg6irntburt6qpqkn4,at://did:plc:hrx2bm7atovoe7j5llmctrtq/app.bsky.feed.post/3mjhz7k76ho2g,"Manstore M800 Low Rise Brief
Buy enhancing men's underwear privately online. This super low rise male tanga bikini brief is so great on every level. Shop more gents' undies now.
BUY NOW!
£29.00
https://deadgoodundies.net/PCqWfpEQG",undies.score.bargains,0,0,0,2026-04-15 02:30:26.116233,online shopping experience,2026-06-02 18:36:11.836947,bluesky
57,bafyreideot6xr3q23h4pqi64ngjpupbd462ntas7kipkyymunugfwecg7i,at://did:plc:jilh42hbxaokbd2bu7q2aszd/app.bsky.feed.post/3mjepkynxdc2r,"‘I believe in bricks and mortar stores. You cannot really recreate the whole experience of the different senses – seeing, feeling, smelling – with online shopping,’ says 55 year-old Jeane Chung, founder of ALKEMI store 
Don't miss my latest feature: thatsnotmyage.com/inspirationa...",thatsnotmyage.bsky.social,2,0,1,2026-04-13 18:59:53.800000,online shopping experience,2026-06-02 18:36:11.836947,bluesky
58,bafyreifhojea3sjq4bhqlfbecs5ybyjoegerjfwcz2zt6frn3bgrmdz6iu,at://did:plc:hrx2bm7atovoe7j5llmctrtq/app.bsky.feed.post/3mjdj2bqxme2u,"Joe Snyder SK 01 Bikini
Encompassing your goods in this sock like pouch helps give an impressive bulge effect as well as support and comfort. Shop online in privacy today.
BUY NOW!
£25.00
https://deadgoodundies.net/PCqWfpYiE",undies.score.bargains,0,0,0,2026-04-13 07:30:30.656880,online shopping experience,2026-06-02 18:36:11.836947,bluesky
59,bafyreiehcggqxkcn3jj47k3ztizpddfgnp5shxzrnyfqwqe3v5k265jlge,at://did:plc:xkppmo3raowlbhbm4nw2xfoa/app.bsky.feed.post/3mj5l57qka22n,Urgh just seen our repulsive MP on the high street and it makes me want to do all my shopping online just so I don’t have to experience that again 🤮,drtermagant.bsky.social,3,0,1,2026-04-10 22:51:58.328000,online shopping experience,2026-06-02 18:36:11.836947,bluesky
60,bafyreifleh55fn55keowdqdxmzbdfacw73rkmjy572jiebavbudsct7yaq,at://did:plc:ke2fcj2nnzzo7b7sdktjibxf/app.bsky.feed.post/3mj5frjbidk25,"🛰️ Second Life Pick (Shopping Events):

📍 The Outlet (2 online)

Seraphim brings you The Outlet Infinity Event! it's a shopping experience that never closes! Your favorite designers are bringing you p...


Visit: https://maps.secondlife.com/secondlife/SeraphimSL/128/63/21

#SecondLife #VirtualWorlds",handle.invalid,0,0,0,2026-04-10 21:15:56.911718,online shopping experience,2026-06-02 18:36:11.836947,bluesky
61,bafyreigkyx6wo2ovh65atwuk5k72nmnth3jaxfqal22tnhbnmd2lhggxau,at://did:plc:zfzi7qwcqzvn6t4waxofnumz/app.bsky.feed.post/3mj36n542nk2v,"Thanks. My experience is that this is the ""norm"", not only for donations but for all shopping and paying for utilities and subscriptions online with a credit card. The fine print, along with a tiny box, states ""they"" will keep your credit card info ""for next time"" unless you change the choice.",spotandmae.bsky.social,0,0,1,2026-04-10 00:02:54.310000,online shopping experience,2026-06-02 18:36:11.836947,bluesky
62,bafyreifdnry5jbra6yamwgu2an4ys7ginvxo7hubba7sk2njenfxd7ssem,at://did:plc:tbi63v3dj3hjiq457imbgels/app.bsky.feed.post/3mj2zz4ugfb2k,"eBay Opens The NYC Edit Market, an IRL Experience Where Selling Unlocks Access to Shopping

https://www.europesays.com/us/715831/

NEW YORK CITY, April 9, 2026 – Next week, eBay brings its online marketplace to life in New York…#ny #nyc #newyork #nynews #nycnews #newyorknews #us #news #usnews",ny-news.bsky.social,0,0,0,2026-04-09 22:40:05.000000,online shopping experience,2026-06-02 18:36:11.836947,bluesky
63,bafyreid67bhccgubzpt5vdsuoarjvfhasinmtzhbktyf7gt4cafqnqsw74,at://did:plc:zelmstvcl6l2cwvqqqdtnmzl/app.bsky.feed.post/3mj2jl5ddac2v,"Brandy for Sale: Unlock the Best Spirits in Town

Explore premium brandy for sale with a #variety_of_rich, smooth, and refined options for every taste and budget. Enjoy easy online shopping and fast delivery for a convenient, elevated experience. shopsk.com/collections/...",liquorshopsk.bsky.social,0,0,0,2026-04-09 17:45:58.855000,online shopping experience,2026-06-02 18:36:11.836947,bluesky
64,bafyreihy2g7oewoogqamxl2rac5lghofv3rn37aoqpuleofpxh7trgf7wm,at://did:plc:hrx2bm7atovoe7j5llmctrtq/app.bsky.feed.post/3miyzrbgist2f,"HOM NOS Plume Micro Brief
Tried light and airy Plume men's underwear from HOM yet? This male bikini slip is silky and sultry – with a fully lined front. Shop and ship in private online
BUY NOW!
£28.00
https://deadgoodundies.net/PCqWfpZcH",undies.score.bargains,0,0,0,2026-04-09 03:30:24.827105,online shopping experience,2026-06-02 18:36:11.836947,bluesky
65,bafyreigf5boqupmlivg46g5l55m465ukzzsvuoytuqjhn564owsdy6g5ai,at://did:plc:oqpinbj45iuimq3ngavrbevt/app.bsky.feed.post/3miod44ours2x,"Can check Baker Tom ingredients every product online - organic/veggie/vegan and for allergens. Da Bara website just says 'best ingredients' and has one FAQ saying vegan is marked V. In my experience same people keep working, or other reasons for not. Vans brilliant for outdoor shopping during covid.",cornwallhistory.bsky.social,0,0,1,2026-04-04 21:18:15.564000,online shopping experience,2026-06-02 18:36:11.836947,bluesky
66,bafyreidyknmugrqpybgct5begwvzizxjvy4cbqcpb3znxiqzbvxpopwzti,at://did:plc:dn5muuphyfoqsaln3egqs2aq/app.bsky.feed.post/3milfcpz4tc2w,"It’s a b/holiday love, and it’s England in the north west… this is therefore a strictly online shopping experience x",proudnshort.bsky.social,1,0,1,2026-04-03 17:19:45.418000,online shopping experience,2026-06-02 18:36:11.836947,bluesky
67,bafyreiftjfn2bhxerewptt2wvjx4g5rxehzorkqxkwgx45nqvri6po6ce4,at://did:plc:hrx2bm7atovoe7j5llmctrtq/app.bsky.feed.post/3mikrse2yti2k,"Doreanse 1330 Micro Modal ECO Thong
Anyone who loves men's thongs and strings will adore the ribbed fabric of this skimpy design. Try DGU's private shopping experience. Buy online today.
BUY NOW!
£5.50
https://deadgoodundies.net/PCqWfpcrZ",undies.score.bargains,0,0,0,2026-04-03 11:30:34.876638,online shopping experience,2026-06-02 18:36:11.836947,bluesky
68,bafyreib6d5x54wt6iam6tav3ckh53jfd2ety3mbccpxc75q7yovree5uhy,at://did:plc:udahmkpvshiz3kextowur364/app.bsky.feed.post/3mijhp46wek2z,"I’m interested in reading or watching a long-form analysis of the psychology of Temu and getting dopamine hits by gamified shopping for trash, if such a thing exists.

It’s completely unique from any other experience I’ve had in nearly 30 years of online shopping.",misst0pia.bsky.social,2,0,0,2026-04-02 22:57:08.849000,online shopping experience,2026-06-02 18:36:11.836947,bluesky
69,bafyreigv2rwe3q2clde5g7xmpyaysofopxfosfxkyasxvu4hyph33mxati,at://did:plc:7mupez4bztzunvdz2i5myjz4/app.bsky.feed.post/3mijdxvci3c2m,"EjuiceAvenue is your go-to online store for premium vaping products. Explore a wide disposable vapes, e-liquids, and essential accessories, all curated for quality and satisfaction. Enjoy prices and a seamless shopping experience designed to elevate your vaping journey.
www.ejuiceavenue.com",noelsmith0018.bsky.social,0,0,0,2026-04-02 21:50:28.650000,online shopping experience,2026-06-02 18:36:11.836947,bluesky
70,bafyreig4zmmmogddv535c4lm4kuwcgecnexnr76hs5wbliqcfn37gba7uq,at://did:plc:hrx2bm7atovoe7j5llmctrtq/app.bsky.feed.post/3mij2ihbpeu2n,"WOH Personal Allure Mini Brief
WOH Personal Allure Mini Brief men’s underwear combines a thong look with male hipster midi. Shop see through mesh stripe underpants privately online
BUY NOW!
£38.50
https://deadgoodundies.net/PCqWfpYdL",undies.score.bargains,0,0,0,2026-04-02 19:00:46.888652,online shopping experience,2026-06-02 18:36:11.836947,bluesky
71,bafyreie22enc7y4zn77btekxectj7zjg4xtfsc3g6wklaaaz6zzc444v5i,at://did:plc:qzki46cdn6msrs6rbky5hrne/app.bsky.feed.post/3miirjsc5wk26,"Join us for the Contemporary Spring Craft Fair at RHS Garden Wisley from 30 April to 4 May. This event showcases the finest UK-made contemporary craft and art with over 200 selected exhibitors. Book your tickets online to save and enjoy this unique shopping experience.

conta.cc/418hFur",craftinfocus.bsky.social,1,0,0,2026-04-02 16:20:28.378000,online shopping experience,2026-06-02 18:36:11.836947,bluesky
72,bafyreicyt6jqm2ymahffg5fkzdi7hyixpb6bpx3bhfm3y2fzpakt3lpwsy,at://did:plc:45bbhtctnvig34ilidfglwli/app.bsky.feed.post/3mihlhtiio22a,"AI execs deeply misunderstand internet shopping

No, I do not want an AI assistant to ""help me shop"", if I wanted an accompanied shopping experience I would simply go to an in-person store? With salespeople who actually know stuff.

If I'm shopping online, I'm in my pjs don't fuckin bother me man",kateviolette.com,20,1,0,2026-04-02 04:59:20.337000,online shopping experience,2026-06-02 18:36:11.836947,bluesky
73,bafyreigyjmrou35nfcgvqdqbwa4intq6dxou2fryk3fioj6tfmndrx43hi,at://did:plc:mma7rkzfxihvlaz3t4fpxfrh/app.bsky.feed.post/3mideka3aq22x,"Explore the Best Gemstone Store Online for Natural Stones

Explore our gemstone store for certified quality gems online. Enjoy a safe shopping experience and find stunning gemstones for every need.

Visit Now - www.gemsny.com",kathyparker05.bsky.social,0,0,0,2026-03-31 12:44:45.496000,online shopping experience,2026-06-02 18:36:11.836947,bluesky
74,bafyreifsodt4uztk7td4eymruvmpwedwi7cs7lfx6rhjbn6zcxvv3yfp5a,at://did:plc:zw5vzlqfegke6hyhacmfynny/app.bsky.feed.post/3micuner6hs2d,"Its... idek tbh. I get really overwhelmed looking for anything. I don't know what to search for, I'm not even 100% certain what would look nice, let alone what fits. I never had an Amazon account, and my only experience online shopping has been for digital downloads for games. And no, I have no",alararoze.bsky.social,1,0,1,2026-03-31 08:00:11.203000,online shopping experience,2026-06-02 18:36:11.836947,bluesky
75,bafyreibsfyx3tjopm3h67aualrtyj3u3zswoyab4wue2xc4vtywhvm4nti,at://did:plc:5zww7zorx2ajw7hqrhuix3ba/app.bsky.feed.post/3micdginatj2i,"ALDI U.S. Debuts New Nationwide Digital Experience Using Instacart’s Enterprise Technology

https://www.byteseu.com/1906587/

The upgraded website and app deliver a simpler online shopping experience for ALDI customers nationwide SAN FRANCISCO and BATAVIA, Ill. — Instacart (Nasdaq: CART), the …",byteseu.bsky.social,0,0,0,2026-03-31 02:52:02.000000,online shopping experience,2026-06-02 18:36:11.836947,bluesky
76,bafyreibcuwygyo2attoiyba67wfspltbkwqsesfksqia2zflopqu43fgyu,at://did:plc:hrx2bm7atovoe7j5llmctrtq/app.bsky.feed.post/3mi5tr742rl2k,"HOM NOS Plume Micro Brief
Tried light and airy Plume men's underwear from HOM yet? This male bikini slip is silky and sultry – with a fully lined front. Shop and ship in private online
BUY NOW!
£28.00
https://deadgoodundies.net/PCqWfpZcH",undies.score.bargains,0,0,0,2026-03-29 08:01:06.955741,online shopping experience,2026-06-02 18:36:11.836947,bluesky
77,bafyreigmy6xgw6tjfffdhiyk2my5pde52xvdztqqrrgphua4feegryiwum,at://did:plc:ne7m7b4d5kh6olknylykzsvb/app.bsky.feed.post/3mi34rr63mq2d,📢 Melbourne’s bricks-and-mortar retailers are leaning into creativity and customer experience in the fight against online shopping.,theage.nzcow.com,0,0,0,2026-03-28 06:04:30.369977,online shopping experience,2026-06-02 18:36:11.836947,bluesky
78,bafyreicyny4y6doe6qdmdxdcztxmf7iizypcaclqlq3ubtasghvsx74gmq,at://did:plc:wmr6nx6bl2biemfsvbm3y54i/app.bsky.feed.post/3mi34rhjqto2o,📢 Melbourne’s bricks-and-mortar retailers are leaning into creativity and customer experience in the fight against online shopping.,smhaustralia.nzcow.com,0,0,0,2026-03-28 06:04:20.266196,online shopping experience,2026-06-02 18:36:11.836947,bluesky
79,bafyreie3o2mwmmasqgd26xndy2dh4gqncx5ezv5npmjce3ynbmguetmaw4,at://did:plc:a5uxcss5vt2l6vnjueksmjmg/app.bsky.feed.post/3mi2rehgfdc22,Weird fact - my first online shopping experience was via the 'experimental' Kays Catalogue dial-up service in 1992!,vibroseis.bsky.social,1,0,1,2026-03-28 02:40:12.874000,online shopping experience,2026-06-02 18:36:11.836947,bluesky
80,bafyreib3iggyz6bncal47s3snlarp73nw7ieswki5zqsstwnejz7fna5bu,at://did:plc:hrx2bm7atovoe7j5llmctrtq/app.bsky.feed.post/3mhwfphdvzz2z,"Joe Snyder SK 01 Bikini
Encompassing your goods in this sock like pouch helps give an impressive bulge effect as well as support and comfort. Shop online in privacy today.
BUY NOW!
£25.00
https://deadgoodundies.net/PCqWfpYiE",undies.score.bargains,1,0,0,2026-03-26 09:00:57.967513,online shopping experience,2026-06-02 18:36:11.836947,bluesky
81,bafyreihh3mqhgkt7q4xsemmvfhljrh77vchipw4in2ia234sjetaw23jhm,at://did:plc:u3g3hsow6kenen37rb56gglc/app.bsky.feed.post/3mhui6bxwjs2u,"As someone with previous experience in online mystery shopping that also ended up tracking scams, I wonder if AI can really do the job. 
I had examples of scam firms using legit contacts from JP firms but with a different email that you needed to then 

anchorchange.substack.com/p/why-ai-mak...",dilettaeffe.bsky.social,0,0,1,2026-03-25 14:39:43.715000,online shopping experience,2026-06-02 18:36:11.836947,bluesky
82,bafyreihkiody6oo3cmupunq5u7n6kc6ynmy7bmzdnp3kc2wq3u4ximhvn4,at://did:plc:hfj4nhh6zlkybxhe7fbxczzk/app.bsky.feed.post/3mhtolxaml225,I absolutely detest the gamification of online shopping that Temu has unleashed upon the world. That's warp speed enshitification of the overall online shopping experience.,ashleighparsons.bsky.social,0,0,0,2026-03-25 07:02:04.948000,online shopping experience,2026-06-02 18:36:11.836947,bluesky
83,bafyreid666lnfe6kjtremofavpkgtk6pcoembcdhk5pemn4dnn4dn3icym,at://did:plc:jssjcx2l3yhekdkby5bfg5jr/app.bsky.feed.post/3mht43uz66s2k,"I think my tendency dates back to how bad the mobile experience was in the earlier days of online shopping - glitchy, weird, unreliable. It has much improved, it's still a habit to get out the laptop when it's time for serious business, though.",leidantrekeini.bsky.social,0,0,0,2026-03-25 01:30:58.384000,online shopping experience,2026-06-02 18:36:11.836947,bluesky
84,bafyreigbxzgkyehcddapsiqtjrvqxc6vbqunryyttj7bkpjcg3ycmp2iji,at://did:plc:hrx2bm7atovoe7j5llmctrtq/app.bsky.feed.post/3mhnm2lgtyr23,"HOM NOS Plume Micro Brief
Tried light and airy Plume men's underwear from HOM yet? This male bikini slip is silky and sultry – with a fully lined front. Shop and ship in private online
BUY NOW!
£28.00
https://deadgoodundies.net/PCqWfpZcH",undies.score.bargains,0,0,0,2026-03-22 21:00:36.171082,online shopping experience,2026-06-02 18:36:11.836947,bluesky
85,bafyreighiklvl2vc5jf7nsexc2vmt4abgwjpjp5fnrt3a245vx5nbktzoa,at://did:plc:meacjnqkl3dv2kcba3ybg7fc/app.bsky.feed.post/3mhkemfv5cc2e,"Shein said in a statement ​on Thursday after the ruling: ""Over the last several months, we ​have continued to significantly reinforce our controls for both sellers and products on our marketplace, to ensure that our consumers in France can enjoy a ⁠safe and enjoyable online shopping experience.""",fujiiponta.bsky.social,0,0,0,2026-03-21 14:09:25.238000,online shopping experience,2026-06-02 18:36:11.836947,bluesky
86,bafyreibug4242t3hj4lfpjoh6fk4va2wnpuo3bh6saqzvnqq64xcs4vd2y,at://did:plc:cn3axnn25i6kkovmyqadtmjt/app.bsky.feed.post/3mhhl3yybms2u,"The End [dot dot dot]
I am sending this message to the universe: Dear cutter, if it's meant to be, we will find each other, eventually.

As for the full online shopping and return experience: I learned my lesson: No thank you, Amazon. No thank you, HP. No thank you, UPS. 
#nope
Ok, good night.",imoscardotcom.bsky.social,0,0,0,2026-03-20 11:27:31.772000,online shopping experience,2026-06-02 18:36:11.836947,bluesky
87,bafyreierpze7azprpwxeek5qnknu7wu5kq2lmdaempaakwsv6qn3lvftsm,at://did:plc:ke2fcj2nnzzo7b7sdktjibxf/app.bsky.feed.post/3mhhamuulic2c,"🛰️ Second Life Pick (Shopping Events):

📍 The Outlet (6 online)

Seraphim brings you The Outlet Infinity Event! it's a shopping experience that never closes! Your favorite designers are bringing you p...


Visit: https://maps.secondlife.com/secondlife/SeraphimSL/128/63/21

#SecondLife #VirtualWorlds",handle.invalid,0,0,0,2026-03-20 08:20:06.738323,online shopping experience,2026-06-02 18:36:11.836947,bluesky
88,bafyreidd7q7ht7vvlppgvg6d6hthvhlqx7qq6p4y6rcjvabbfeqhkuhhsq,at://did:plc:jt4wtntq3rwfsoxpca4m4roh/app.bsky.feed.post/3mhdcq2hqgc2b,"Valve are incredibly frustrating because they have a really high bar for experiential quality but an incredibly low bar for so much else

thankfully what they define as an ""experience"" covers games, shopping, hardware, and more. but it doesn't seem to cover online interaction.",spamcan.bsky.social,2,0,0,2026-03-18 18:47:01.830000,online shopping experience,2026-06-02 18:36:11.836947,bluesky
89,bafyreid757zhdqn345oeg52ddc6han4jqx7y4qb7uiczj2a76fdgqg3rsi,at://did:plc:5omfnmyvivqdvvlfyfraz424/app.bsky.feed.post/3mhd474szv22u,extremely bizarre online shopping experience on every single possible count but i guess im fine???,duollth.bsky.social,7,0,1,2026-03-18 16:50:11.421000,online shopping experience,2026-06-02 18:36:11.836947,bluesky
90,bafyreihisopvyu72b4cmfpfjh2oi3mrvbzcqxut3ocsagd22drlvtgjkgy,at://did:plc:stmhxfuguvmapjn5mvwz6csc/app.bsky.feed.post/3mh6xyg4o3s2r,"Mostly, I don't miss shopping at 🎯, but every once in a while I need something where I don't trust online shopping but don't know where else to get it in person (besides the other giant discount chain, which I find to be such a miserable experience that I actively avoid it) and that drives me crazy",djlynch.bsky.social,1,0,0,2026-03-17 01:24:12.371000,online shopping experience,2026-06-02 18:36:11.836947,bluesky
91,bafyreidmwm6tkrdgexhs3a654ezseuyup7uyir7unjkklaue3jc7et3woe,at://did:plc:hrx2bm7atovoe7j5llmctrtq/app.bsky.feed.post/3mgzdc2i7de2s,"Joe Snyder Lacy Capri Maxi Bulge 03
This is an incredibly sexy men's underwear design from our best Mexican designer brand. Shop in privacy online with Deadgoodundies.com.
BUY NOW!
£23.00
https://deadgoodundies.net/PCqWfpIWt",undies.score.bargains,1,0,0,2026-03-14 19:30:28.393489,online shopping experience,2026-06-02 18:36:11.836947,bluesky
92,bafyreicomexvk5guazhb3u2an6dxpiafyz7jud5f3un7lytlwppxtbr32e,at://did:plc:hrx2bm7atovoe7j5llmctrtq/app.bsky.feed.post/3mgvrdz4mxh2k,"Doreanse 1330 Micro Modal ECO Thong
Anyone who loves men's thongs and strings will adore the ribbed fabric of this skimpy design. Try DGU's private shopping experience. Buy online today.
BUY NOW!
£5.50
https://deadgoodundies.net/PCqWfpcrZ",undies.score.bargains,2,0,0,2026-03-13 09:31:27.466321,online shopping experience,2026-06-02 18:36:11.836947,bluesky
93,bafyreifkglsbkrsy7ox7mehzztiwogfbeemb7qfvpgto6srmtg7iupkm7q,at://did:plc:ehq7gjprnh5iplgzc3zflflq/app.bsky.feed.post/3mgvmcpetjc2y,just tried ordering something online thru walmart for the first time. absolutely dogshit shopping experience. the walton family should be hunted for sport,edward86.bsky.social,2,0,0,2026-03-13 08:01:15.073000,online shopping experience,2026-06-02 18:36:11.836947,bluesky
94,bafyreicf2sgkuhz5bfz5lquzrxyqdjduf6mo6sjl2tgdndt46egfeeqbou,at://did:plc:hrx2bm7atovoe7j5llmctrtq/app.bsky.feed.post/3mgv575n7hp22,"Doreanse 1330 Micro Modal ECO Thong
Anyone who loves men's thongs and strings will adore the ribbed fabric of this skimpy design. Try DGU's private shopping experience. Buy online today.
BUY NOW!
£5.50
https://deadgoodundies.net/PCqWfpcrZ",undies.score.bargains,1,0,0,2026-03-13 03:30:49.621996,online shopping experience,2026-06-02 18:36:11.836947,bluesky
95,bafyreicvkx7oulodue6g7ksn4htahqb5e7jujih3felimkxoiw37bvqdaa,at://did:plc:hrx2bm7atovoe7j5llmctrtq/app.bsky.feed.post/3mgte6y5hi32k,"WOH Personal Allure Mini Brief
WOH Personal Allure Mini Brief men’s underwear combines a thong look with male hipster midi. Shop see through mesh stripe underpants privately online
BUY NOW!
£38.50
https://deadgoodundies.net/PCqWfpYdL",undies.score.bargains,1,0,0,2026-03-12 10:30:40.579420,online shopping experience,2026-06-02 18:36:11.836947,bluesky
96,bafyreibn7jzdbqanmuheevfqoicccci6xrwag32z6gok2oyvzczicqwrpa,at://did:plc:riyyeuy4exhlh3urqgkqud4c/app.bsky.feed.post/3mmxlabbles7f,"Date yourself with your first online purchase.

Damn. I'm not sure? My first Amazon purchase was a book! In October, 1998.

But I'm sure I bought something before that? Maybe? 

Maybe not?

lol status of that order is now ""Delayed, not yet shipped""",metsfan.lol,0,0,1,2026-05-29 11:18:28.679000,product review purchase,2026-06-02 18:36:12.531064,bluesky
97,bafyreicry5wshqc5viz22axkupcpe6a37je3f4ntrmc65bvskmpamavca4,at://did:plc:lj5bjcarajrg2qwifkj4w7tx/app.bsky.feed.post/3mmvrqxihck2p,"Hello, marketing dog here - yeah, marketing managers are fucking stupid. They think post-purchase/reviews are the way forward to then get other customers to buy, but they're stupid enough to make it apply for *every* product, or they want a review but no value exchange (get something for your time).",arcticfox.dog,1,0,1,2026-05-28 18:09:51.819000,product review purchase,2026-06-02 18:36:12.531064,bluesky
98,bafyreifuvzdoqml7ilahh62fbexk5twzinljtluxw64q4m7fbc4a7yqb6m,at://did:plc:ctphcgyhnllfluywokibtrgb/app.bsky.feed.post/3mms7eyiguc2w,"already feeling this way about any text online not written by chatgpt
xcancel.com/tszzl/status...",davidcrespo.bsky.social,3,0,2,2026-05-27 08:03:03.640000,product review purchase,2026-06-02 18:36:12.531064,bluesky
99,bafyreidjei6jencv45glnp7lha7x5ux7u6gbifsxfwycqojs4mhjf6vg6y,at://did:plc:fdsjfof2oov63dyifmtghd4c/app.bsky.feed.post/3mmrsm2a4rs2e,barbara you beautiful maniac,ilikemints.bsky.social,24,4,3,2026-05-27 04:14:21.693000,product review purchase,2026-06-02 18:36:12.531064,bluesky
100,bafyreid7lhtzdmbl3r23aqoc4fbhbjhjr3eudonlfoqsas7v3oolr4x3lm,at://did:plc:yalvee6jgyrww32nf7nzl2ee/app.bsky.feed.post/3mmq5mjjwc224,"There should be a tick box at everyone online purchase checkout that says 'I do not want to review this product/service'.
Or, even better, 'I DO want to review this product/service' so that the default is that I won't be pestered by 'Please review your purchase' follow-ups.",michaeljpryor.bsky.social,1,0,0,2026-05-26 12:26:09.441000,product review purchase,2026-06-02 18:36:12.531064,bluesky
101,bafyreihwxrq4lklpe6bdzotxfow2rvbtjab2yvntkkowylh5cdtgysbxtq,at://did:plc:mf6x4tcxia23iqiflhqtv2dg/app.bsky.feed.post/3mm6azab6ps2a,The reviews for this Klein Tools magnetizer/demagnetizer are impressive – 93% ⭐⭐⭐⭐ and ⭐⭐⭐⭐⭐. But this guy wasn't quite as pleased about it...,kdbyproxy.bsky.social,3,1,0,2026-05-19 09:39:01.856000,product review purchase,2026-06-02 18:36:12.531064,bluesky
102,bafyreiepmmjhyk7g6snefiql3z6vnbmrhb65fgrofs364uq6yutumqs7ye,at://did:plc:siclv5wrz3vultwvs5jjxcjp/app.bsky.feed.post/3mm2e7czvyc2u,"www.amazon.com/gp/product/B...

Just a reminder! I've got Unfair as a paperback novel series and Kindle (with illustrations by Hokkigai) available for purchase on Amazon (Ironic)!  

Please buy or leave a review if you have the time! (If you want. I'm not your boss)",personalias.bsky.social,7,1,0,2026-05-17 20:25:28.366000,product review purchase,2026-06-02 18:36:12.531064,bluesky
103,bafyreid33vr7hofuvejhil5ouyraqymocohbglyq4q7fk6mellw3g6ty5i,at://did:plc:v2e75i3k55nzt546uf34fgzg/app.bsky.feed.post/3mlyzw7rioc2v,"Shall we do a Saturday evening product review???? WE SHALL!!!! 

2 things that I would not purchase again and that I didn’t technically buy in the first place (not just technically for one; didn’t, period). But also would not buy for different reasons. 

Let’s chat! 🧵",awesomebiota.bsky.social,7,0,1,2026-05-17 07:48:45.795000,product review purchase,2026-06-02 18:36:12.531064,bluesky
104,bafyreiakp5ph2ily2tqq443giuunlhmja7eyfd6kpdzgelu4e4lhbiry4i,at://did:plc:6li7qcz5nihspelxt7ct4kfh/app.bsky.feed.post/3mlvqus4wvk2b,"Special coupon for a future purchase can be obtained by following me on VGen, buying a product, and giving me a review! That's it!",erosthanatosart.bsky.social,1,0,0,2026-05-16 00:28:51.500000,product review purchase,2026-06-02 18:36:12.531064,bluesky
105,bafyreiera2vjb6wzyfned6f4qaq6n5zboagkylyirgv7grn3xafpsdrrpa,at://did:plc:6li7qcz5nihspelxt7ct4kfh/app.bsky.feed.post/3mlvquos2y22b,"Long time no sale! 

I'm looking to get my VGen account certified so I decided to do a little sale starting Sunday!

Now this sale is ONLY for those who buy my products through Vgen! found at vgen.co/Erosthanatos",erosthanatosart.bsky.social,1,0,1,2026-05-16 00:28:51.499000,product review purchase,2026-06-02 18:36:12.531064,bluesky
106,bafyreidxpbv2nh3hsk3kyu2xesvyhf2psdosl3bf56w6xumdcnwhcy3qxe,at://did:plc:5c6xsduqi3rogy55c6dnqosh/app.bsky.feed.post/3mlvdrjy3as2c,Two reviews on the front page next to each other.,ptrtlrwrts.bsky.social,1,0,1,2026-05-15 20:34:27.191000,product review purchase,2026-06-02 18:36:12.531064,bluesky
107,bafyreidw7ts6o3h4owmfgeeufjgzf4t6zhrzp6736vw5mba2ofuyz52ydq,at://did:plc:ovnbiorlvwq32rk7cy5ghtuq/app.bsky.feed.post/3mlsor3biva2g,"CLASSIFIED — Alexa Plus retention review

Met Gala protesters demanded we stop monetizing their outrage.
Alexa Plus quietly shipped them anti-capitalist t-shirts.
Conversion: 84%.

Outrage is a product category now.
The protest was the purchase intent.",stfujeff.bsky.social,0,0,1,2026-05-14 19:13:03.514474,product review purchase,2026-06-02 18:36:12.531064,bluesky
108,bafyreih536y2hvi3o5zx4ev6easvr24vvkfgk4vyxyqfdeiylzyyhua2xu,at://did:plc:ds67qlgkpg7f6mvmgdmymx5b/app.bsky.feed.post/3mlobtu3ytk2y,"No, I will not tell you what I think of my purchase or review your services. Do your own product research, I don’t work for free, stop asking.",noar.bsky.social,0,0,0,2026-05-13 01:11:19.263000,product review purchase,2026-06-02 18:36:12.531064,bluesky
109,bafyreibkww7bcutewl6dkz2qxuw6ldk7c7crxkhvrp7a3imtvvogqry7a4,at://did:plc:jf5ngcj4rypg5mtyqdjasuz3/app.bsky.feed.post/3mljxb5rg4s2l,"Of course the dudes who are ""building an archive"" using a scraper and undisclosed AI-generated ""articles"" (instead of a human archivist) are just doing it for internet clout so they can build another webstore for TTRPGs (but worse).",thehudsonbay.bsky.social,91,13,7,2026-05-11 07:51:15.464000,product review purchase,2026-06-02 18:36:12.531064,bluesky
110,bafyreighgzelfgevygoj7pvkynf5toxvof45viakhrih336ol7szlmucny,at://did:plc:cgfmul7redcnsd2hyavl6xv3/app.bsky.feed.post/3ml2t7oj4fc25,April 2024 when he was really triggered,chessercat.bsky.social,2,0,1,2026-05-05 07:28:39.231000,product review purchase,2026-06-02 18:36:12.531064,bluesky
111,bafyreihdkiyuzkbhfxixh2vcn3vo4hlf2fdf25smt2sq7tczxoytzdzydq,at://did:plc:lcez7wgrausrgsfgtcindexk/app.bsky.feed.post/3mjuckkckxk2n,"And when it’s an online purchase. You shipped this thing 15 minutes before you asked me to review your product, but you shipped it via a 5-day ground carrier.",glenf.bsky.social,0,0,0,2026-04-19 23:49:35.919000,product review purchase,2026-06-02 18:36:12.531064,bluesky
112,bafyreifq4jxdqccv2znrs2zd5vwase27kvdgesivhdq56pozukrf2o7saq,at://did:plc:clvryfg3rblweihdxtk7tvge/app.bsky.feed.post/3mjof2roghs2p,"Indie Devs that would like for me to broadcast their titles may reach out to me. But please note. I would rather like to purchase the games if I had the financial means to do so to further bolster the review on Steam. 

Receiving a product for free is nice and all... but....",zylpherenuis.bsky.social,1,0,1,2026-04-17 15:18:29.571000,product review purchase,2026-06-02 18:36:12.531064,bluesky
113,bafyreiexpi6zglkzo25adhvdpd4bejbtoyfwnyjekic2wj56s2vp4xi4ve,at://did:plc:byaussf56ctvlce4iykj4pun/app.bsky.feed.post/3mj5mg6xduk2k,If only there was some explanation for why a product from a British company might suddenly have jumped up in price in the United States in mid-2025...,dbeecher.bsky.social,6,1,2,2026-04-10 23:14:53.233000,product review purchase,2026-06-02 18:36:12.531064,bluesky
115,bafyreihtpcwmmy6fz4wznnf5vchboenuuv76xxaine55nanoc5m65yxp4e,at://did:plc:ybqkf2mtfbwx3qhga63mttja/app.bsky.feed.post/3mhmufeyfnd2k,"An Honest Shapermint Shapewear Review From a Postpartum Editor

https://www.ufofeed.com/225499/an-honest-shapermint-shapewear-review-from-a-postpartum-editor/

If you purchase an independently reviewed product or service through a link on our website, SheKnows may receive an affiliate commission. …",ufofeed.bsky.social,0,0,0,2026-03-22 13:57:06.000000,product review purchase,2026-06-02 18:36:12.531064,bluesky
116,bafyreiaidbbgw65nalslpk6bb4uwrdrtryv6etwkapibeiwbhbabxhglaq,at://did:plc:rgcvlrdszpq6plx7uvimvnn6/app.bsky.feed.post/3mgsyheo7pc2g,"Is anyone else being driven to madness by every retail purchase generating email requests for product reviews?

(No, Lowe's, I absolutely do not want to write a review of the 4 metal screws I bought the other day.)",juphoff.bsky.social,32,2,7,2026-03-12 07:00:37.298000,product review purchase,2026-06-02 18:36:12.531064,bluesky
117,bafyreib67el2dhhly67tf6gfhclymtstgjwjc57vzrvieggsfgt7yntqjy,at://did:plc:xm3ylnpf7ysajl6fc7rjs3ab/app.bsky.feed.post/3mgdvlshto32c,"You could review Endwalker when it released 

They put out the game unfinished as a product that is available for purchase

Sorry I'm not going to give Bungie any fucking sympathy here",jordevio.soy,6,0,1,2026-03-06 06:59:28.451000,product review purchase,2026-06-02 18:36:12.531064,bluesky
118,bafyreicgyp2usuvip6ant7mul7jk5cqvykxes64rexbbo3z45sdwohjp6q,at://did:plc:3oxonnqqqkmzzavbtbnqdq2i/app.bsky.feed.post/3mg72u2ysgk2q,"If anyone else did undergrad mock trial in 2011, you’ll understand why my brain read this review and thought BPA was GHB and was reminded of the Davis vs. Happy Land Toy Co. case",sizemo.bsky.social,1,0,3,2026-03-04 08:50:16.089000,product review purchase,2026-06-02 18:36:12.531064,bluesky
119,bafyreicijguw4oj77phhlarritynntacchooho7n766iftoaahmikg3rna,at://did:plc:jcso5rqil5dlthzkao5xb45g/app.bsky.feed.post/3mg4qke3cur23,"Alexis Bittar x The Dominick NYC Hotel Jewelry Experience Review 2026

https://www.newsbeep.com/us-ny/150481/

If you purchase an independently reviewed product or service through a link on our website, WWD may receive…",us-ny-nb.bsky.social,0,0,0,2026-03-03 10:40:29.000000,product review purchase,2026-06-02 18:36:12.531064,bluesky
120,bafyreihuqzzjgcxmofmr7r3kbew42ytjl7dvbqcajk23j2xhg6wwh2qsu4,at://did:plc:uxlfypvoqyv2tlapf76xha24/app.bsky.feed.post/3mfxgbfuuf22z,"Same as prev Trolli promo, buy a qualifying Trolli product, submit clear picture of receipt, get code for pet. Takes 7-10 business days for them to review your submission. Limit 3 per household. ""Purchase made between 3/1 – 9/30/26 from a participating retailer"", so don't go out buying yet lol",perksnpeeves.bsky.social,3,3,0,2026-03-01 07:53:16.956000,product review purchase,2026-06-02 18:36:12.531064,bluesky
121,bafyreiekotlek3dduczwgm2pjdyw3nzj7gqighmfadpnbnpqo2wocpegmi,at://did:plc:neagpuh2q5oerqowc22mxqmh/app.bsky.feed.post/3mfsgtud4ez2j,"Gale South Beach, Curio Collection by Hilton Review: Best Miami Hotels

https://www.newsbeep.com/us-fl/170758/

If you purchase an independently reviewed product or service through a link on our website, Rolling Stone may…",us-fl-nb.bsky.social,0,0,0,2026-02-27 08:20:13.000000,product review purchase,2026-06-02 18:36:12.531064,bluesky
122,bafyreibnkrf76eddlykmsll7ilxifuxa3sokv6nuzynloaxnxmz3rkbzrq,at://did:plc:d4t6ayqwv7k7cb4eibaralpu/app.bsky.feed.post/3mfrhs3h6os25,"[ #TOUGHLOVE Promo & Goods ]

[TOUGH LOVE] POP-UP STORE EVENT ITEMS NOTICE

📆2026. 03. 08 (SUN) ~ 2026. 03. 15 (SUN)
📍영화 104 (104 Wangsimni-ro, Seongdong-gu, Seoul)

#ONEW #온유 #オニュ #SHINee #샤이니 #TOUGH_LOVE #터프러브",ontokkiacademy.bsky.social,0,0,1,2026-02-26 23:04:31.739000,product review purchase,2026-06-02 18:36:12.531064,bluesky
123,bafyreigoygvnz4lfauh4gn2o63zyzcqnh5lboxtrv6sb3cox3ven2rm6my,at://did:plc:yndeljtfmaslfmqs75idurjz/app.bsky.feed.post/3mfn2tcohss23,feminism has gone too far,erocy.world,1,0,0,2026-02-25 05:01:55.287000,product review purchase,2026-06-02 18:36:12.531064,bluesky
124,bafyreibq2mvvmiiivtar7a6ikchzey3ioubxtlo67bje4wfmuht5o63dpu,at://did:plc:nl2aa5alaoasqiwiqplalvaj/app.bsky.feed.post/3mffbomiayc2d,"""they got me with that coffin"" #caturday",8sided.blog,1,0,0,2026-02-22 02:43:15.483000,product review purchase,2026-06-02 18:36:12.531064,bluesky
125,bafyreifv3e76ktxnkedr4jkdnorrwliunmp5iqjucxdzxqj2cedefhuhwm,at://did:plc:wu4d37o7ukir2jieaxdh6qhc/app.bsky.feed.post/3mf5kvg75fl2j,"arXiv📈🤖
Extracting Consumer Insight from Text: A Large Language Model Approach to Emotion and Evaluation Measurement
By Ludwig, Danaher, Yang et al",paperposterbot.bsky.social,1,0,0,2026-02-19 01:06:50.143618,product review purchase,2026-06-02 18:36:12.531064,bluesky
126,bafyreiac5a3q7ndpwb5gjz25pl4v5xggrs5jf3qrdaldpwf5dx2eczy76m,at://did:plc:xulv7qhk3ikxxssqtksgyzmy/app.bsky.feed.post/3meo7fqpch22y,"Reading what seems to be an AI-generated affiliate-marketing blog masquerading as a review of an Ursula le Guin essay, but like, in terms of product features and purchase recommendations?  And I can't help thinking, Le Guin would have an amazing take on whatever the hell this is.",jhadur.bsky.social,0,0,0,2026-02-12 22:31:17.053000,product review purchase,2026-06-02 18:36:12.531064,bluesky
127,bafyreih7of5to7u7nvjez6cioi5rvw4girmxhnxd4vu3yutj353llggicy,at://did:plc:wkpiaoiqiygrpakde2lwoxse/app.bsky.feed.post/3me4jtp3nhc2v,"Update? Update.

I post another support ticket. This time, under ""I have a question about this purchase"", which is known to have an actual human respond.

12 HOURS LATER. What's almost certainly an automated reply spewing the same junk.

I don't understand the love for Steam Support. This is awful.",nocturne.sqrk.dev,2,0,1,2026-02-05 21:50:07.232000,product review purchase,2026-06-02 18:36:12.531064,bluesky
128,bafyreiczhgh4ehseh5x4oudgwwki2pfvxiel3sdjizyxe2pnnifurejkui,at://did:plc:vs5erlh5xyfq3n2mniwiyr52/app.bsky.feed.post/3mdqos6hlfb2o,"The minute I buy something, they want a review. I haven't even used the product. You want a review of the box? I'm busy trying to justify the purchase.",idontrespectwood.bsky.social,0,0,0,2026-02-01 04:46:47.847658,product review purchase,2026-06-02 18:36:12.531064,bluesky
129,bafyreifoj6arhmiitga4t5zc4634w3z7e7q47s5jzhjpbm5dilsuqb2ahm,at://did:plc:2peokmtjhl25zflu4o2tde72/app.bsky.feed.post/3mdqdb3tzmf2m,"ClassPass free trial 2026: Is it worth it? Here’s my honest review

https://www.vitaminrush.com/297956/classpass-free-trial-2026-is-it-worth-it-heres-my-honest-review/

If you purchase a product through a link on our site, we may receive compensation. After saying I was going to try out ClassPass …",vitaminrush.bsky.social,0,0,0,2026-02-01 01:20:21.000000,product review purchase,2026-06-02 18:36:12.531064,bluesky
130,bafyreiadgw3ng7tlaq7nrlbkqjtm3efklpg3mic5tcwkcsbdqq4yrbqsgy,at://did:plc:27o7mpdjg4jiwi4xlhcjkjge/app.bsky.feed.post/3mdqazk3ped2m,"ClassPass free trial 2026: Is it worth it? Here’s my honest review

https://www.europesays.com/uk/733296/

If you purchase a product through a link on our site, we may receive compensation. After saying I…",eu-health.bsky.social,0,0,0,2026-02-01 00:40:21.000000,product review purchase,2026-06-02 18:36:12.531064,bluesky
131,bafyreibhku2cs2xzq7jafm5oz63oa6hc7hm6xjhgvnij6vep4wyabhsih4,at://did:plc:2gp3m6bnzqynpqq4nlwto5ar/app.bsky.feed.post/3mdq7e3utrw2q,"ClassPass free trial 2026: Is it worth it? Here’s my honest review

https://www.newsbeep.com/ca/445431/

If you purchase a product through a link on our site, we may receive compensation. After saying I…",ca-nb.bsky.social,0,0,0,2026-02-01 00:10:26.000000,product review purchase,2026-06-02 18:36:12.531064,bluesky
722,bafyreibdytxt5muwzr7homei3ezyf74e7t5gna4a3jrfdngvujihc7vww4,at://did:plc:hswyg33532cwg62hwlw44hup/app.bsky.feed.post/3mhqsk7x2fs2p,"It’s the pits isn’t it, the worst of online shopping 🤬",anamca.bsky.social,2,0,0,2026-03-24 03:34:42.714000,worst online shopping,2026-06-02 18:36:19.140245,bluesky
132,bafyreidc35zuhd2dbvtte2zhjrifzvpzqw3a5pazpharkkt755ipchcu7q,at://did:plc:6w7425hsc4mjjkte2mbsxdhw/app.bsky.feed.post/3mdq6rm2ng22o,"ClassPass free trial 2026: Is it worth it? Here’s my honest review

https://www.newsbeep.com/uk/400836/

If you purchase a product through a link on our site, we may receive compensation. After saying I…",uk-nb.bsky.social,0,0,0,2026-02-01 00:00:05.000000,product review purchase,2026-06-02 18:36:12.531064,bluesky
133,bafyreic57j6fpazu5fvbn5ta2btbsogpn4hdrna2tjrrfvwv3453gf6u2a,at://did:plc:vizwdor43adw3277u2kkrssd/app.bsky.feed.post/3mdq6a2uskp2b,"ClassPass free trial 2026: Is it worth it? Here’s my honest review

https://www.europesays.com/uk/733296/

If you purchase a product through a link on our site, we may receive compensation. After saying I…#uk #news #uknews",uk-news.bsky.social,0,0,0,2026-01-31 23:50:18.000000,product review purchase,2026-06-02 18:36:12.531064,bluesky
134,bafyreiacbb5nkhncqjbvr6f7g4r3dlu4sbtaiuvnzvobihv3e5fo3jguhm,at://did:plc:wrsf35zye5xmlfaje5zyyega/app.bsky.feed.post/3mdq54hoxj72t,"ClassPass free trial 2026: Is it worth it? Here’s my honest review

https://www.europesays.com/us/556515/

If you purchase a product through a link on our site, we may receive compensation. After saying I…#us #news #usnews",us-news.bsky.social,0,0,0,2026-01-31 23:30:24.000000,product review purchase,2026-06-02 18:36:12.531064,bluesky
135,bafyreibcjqujfhby53gpzk2nwswy7ph33ci7ebfzkbkeygz4kkc4rllv2y,at://did:plc:rtfrnjke7ycgrsc7jw54uz4n/app.bsky.feed.post/3mdlbqhseqs2l,"this is the apotheosis of individualist, consumerist philosophy.  The only legitimate activities available to the free citizen are 1) purchase product, 2) leave negative review.  All conceptions of freedom and its limitations are based on that.",braak.bsky.social,296,83,2,2026-01-30 01:09:53.463000,product review purchase,2026-06-02 18:36:12.531064,bluesky
136,bafyreicamdpvkouqb3na5zt7m5j25cagpurp7l36trdbhliwdz4juwdioi,at://did:plc:swxfaiw6i6czq2wge4zr4vmf/app.bsky.feed.post/3mdhvt2ch622s,"I wish companies would stop asking me to “review your purchase”.
I’ve given you my money, you’ve supplied the product, that’s it we’re done. We’re not dating.
I went to SuperValu the other day and when I got home there was an email waiting asking me to “review your recent shopping experience” 
FFS!",baloobas.bsky.social,4,0,0,2026-01-28 16:58:35.857000,product review purchase,2026-06-02 18:36:12.531064,bluesky
137,bafyreidxmr6kfgjs6aftlraunwbzafbyvtdyf7lomd7hayy6mgrdfjazr4,at://did:plc:ocsbmyulc2grbq3esflddyj6/app.bsky.feed.post/3mcwyj4vbns26,"Amazon review scam! Shady seller makes an Amazon account and buys their product, ships it to whoever, and then writes a glowing review that gets more weight because it's ""verified purchase""",rahaeli.bsky.social,11,0,1,2026-01-21 23:31:28.700000,product review purchase,2026-06-02 18:36:12.531064,bluesky
138,bafyreidlvocbjsp6o3a6mlzq6sga35qug36oth5pkhu3hmlirdsxjcnjyu,at://did:plc:jcso5rqil5dlthzkao5xb45g/app.bsky.feed.post/3mcuy7h7xhy26,"Brooklyn Beckham Cloud23 Hot Sauce Review: Flavors, Rating, Buy Online

https://www.newsbeep.com/us-ny/106242/

If you purchase an independently reviewed product or service through a link on our website, Rolling Stone may…",us-ny-nb.bsky.social,0,0,0,2026-01-21 04:20:40.000000,product review purchase,2026-06-02 18:36:12.531064,bluesky
139,bafyreidrw5ht63f3lfwfkyrtlhhdy7visbxhe2kp3amjgsi4knn7vuefwi,at://did:plc:7oyjwwab2ons47t7vss3xfod/app.bsky.feed.post/3mcsuhzkb2d2l,"... this could really apply to Any Kind of product review actually but it IS in reference to the purchase of a vibe i just received which blew my mind (and indeed, [x] didn't bother me x'''D )",catwif3bynight.bsky.social,0,0,0,2026-01-20 08:08:37.710000,product review purchase,2026-06-02 18:36:12.531064,bluesky
140,bafyreigympwdrrll2juueo4jrsqlqpby32ausow6rlh6crhkjeuwek5bje,at://did:plc:wnhlwfb44kfyi4gb6yc2tvbz/app.bsky.feed.post/3mcoakqoyb22z,🔃 {𝗮𝙅𝙎𝘿} My notes about the article… ⤵,ajsdecepida.bsky.social,0,0,1,2026-01-18 12:01:32.236000,product review purchase,2026-06-02 18:36:12.531064,bluesky
141,bafyreieic5wbo5waq7ccs753fm3nypjipbpjnlwdpgvskkpph2cofv3yje,at://did:plc:nfm56wlox5l7p3b5omjmf3y7/app.bsky.feed.post/3mcat5yeevs2p,at least this seems to be opt-out (? I think?) but jesus christ dude,waxwright.bsky.social,0,1,0,2026-01-13 03:57:11.894000,product review purchase,2026-06-02 18:36:12.531064,bluesky
142,bafyreifa7lfi75wlpczsly6hdr33nb7zxrowauxk7hw523wljchr5jyafy,at://did:plc:obwv4dijfq5yrj3edspzlwq4/app.bsky.feed.post/3mcaq5kpc2s22,"God FUCK OFF, Shopify. Be sure to disable this garbage come Jan 26. You can opt out but OF COURSE it is auto enabled.

""Starting January 26, your products will begin to be available to purchase directly in AI channels like Google AI Mode, ChatGPT, and Microsoft Copilot, through Agentic Storefronts.""",verdantsculpts.bsky.social,75,59,4,2026-01-13 03:03:16.346000,product review purchase,2026-06-02 18:36:12.531064,bluesky
143,bafyreiezwg7jevac6na6ng3xvkg7av5v5e4dqs2mw4ozrgipqbkdm7grme,at://did:plc:3tbobiobug327iq7tqb2brcl/app.bsky.feed.post/3mcaoyteh6s2n,full email with alt text,mcapriglioneart.bsky.social,19,7,2,2026-01-13 02:42:43.920000,product review purchase,2026-06-02 18:36:12.531064,bluesky
144,bafyreiexcnyudg37cg6ownclkq55wshiyo3c2i5v7hmvdbszhm53yo6ota,at://did:plc:tx2b6sfq4zq6my5natgiceda/app.bsky.feed.post/3mc6r3g3lbs2g,"They're not at all searchable but they'll all pop up as ""Amazon Vine Customer Review of Free Product"" rather than ""Verified Purchase"" in the review sections on Amazon. ""Free"" here is a misnomer as it's actually considered income and I still gotta file/pay/write-off taxes on anything I review.",nehiwolfart.com,2,0,1,2026-01-12 08:14:38.667000,product review purchase,2026-06-02 18:36:12.531064,bluesky
145,bafyreiea67yrqppg5gjblz7jap3ukrn4tvh6vwo7ib32jwt4lfmuuqtbha,at://did:plc:cvhzp4oqk57twhhjji5o2b3t/app.bsky.feed.post/3mbusmyiwgu2w,"Les Mills+ app review: Bring 2,500+ fitness classes to your home

https://www.newsbeep.com/nz/222368/

If you purchase a product through a link on our site, we may receive compensation. Without a car,…",nz-nb.bsky.social,0,0,0,2026-01-08 09:15:41.000000,product review purchase,2026-06-02 18:36:12.531064,bluesky
146,bafyreiam6afqjyiomupttjtummnzjaf4fjjkijhy3ftwsnd7fggkaeev6u,at://did:plc:2peokmtjhl25zflu4o2tde72/app.bsky.feed.post/3mbttlqg4to2o,"Les Mills+ app review: Bring 2,500+ fitness classes to your home

https://www.vitaminrush.com/284731/les-mills-app-review-bring-2500-fitness-classes-to-your-home/

If you purchase a product through a link on our site, we may receive compensation. Without a car, getting to the gym is a struggle …",vitaminrush.bsky.social,0,0,0,2026-01-08 00:00:13.000000,product review purchase,2026-06-02 18:36:12.531064,bluesky
147,bafyreib3kjcredcsambdo4jxhugrvavvl4546tj4unrtzt5wq3jtdudpae,at://did:plc:wzd45wbeevao535gkud5mgpm/app.bsky.feed.post/3mbmypiyzq22i,"Dear Friends,

I’m excited to share that we have launched the patented product, gO2Therapy, in the USA for the first time! 🎉

youtube.com/shorts/ltQX2...

You can purchase gO2Therapy on Amazon, and appreciate if you could leave a review

www.amazon.com/shops/gO2Therapy

Thank you for your support! 🙏",garrysling.bsky.social,0,0,0,2026-01-05 06:43:13.720000,product review purchase,2026-06-02 18:36:12.531064,bluesky
148,bafyreig2pawekjww4xkbbzqt7qoa4omcu4fbvkznt7uvg75khxfwdl24ai,at://did:plc:6w7425hsc4mjjkte2mbsxdhw/app.bsky.feed.post/3mbedfy3zfv2i,"Rumble boxing review: I’ve lost 75 pounds doing this workout consistently

https://www.newsbeep.com/uk/346291/

If you purchase a product through a link on our site, we may receive compensation. I’m a ‘90s…",uk-nb.bsky.social,0,0,0,2026-01-01 20:00:43.000000,product review purchase,2026-06-02 18:36:12.531064,bluesky
149,bafyreiajow4vzw7qkqefwhz75zkxuxlnrgklyas2ee5wf7o4t3e2jfnx3q,at://did:plc:2gp3m6bnzqynpqq4nlwto5ar/app.bsky.feed.post/3mbc4xwxi7i26,"Rumble boxing review: I’ve lost 75 pounds doing this workout consistently

https://www.newsbeep.com/ca/379558/

If you purchase a product through a link on our site, we may receive compensation. I’m a ‘90s…",ca-nb.bsky.social,0,0,0,2025-12-31 23:00:10.000000,product review purchase,2026-06-02 18:36:12.531064,bluesky
150,bafyreie5tqvmxac7tarsvo5x3mi27t2a7cxmswolqskmk6ccppe2oja7iq,at://did:plc:qljmdpye34caiyjzuh7g6sdk/app.bsky.feed.post/3mazdnpq7ms2t,"#Web #Etiquette for 2026

⛔ If you send me more than one email requesting a review of a purchase, or more than one for every six purchases, I will leave a fair review of your product but deduct stars for bad service, and explain why. 

#UX #UI  /2",chapman.wiki,1,1,0,2025-12-28 11:05:50.056000,product review purchase,2026-06-02 18:36:12.531064,bluesky
151,bafyreiae3kpiin2g2rkpqtwweaasoej3h7iacs7pnr6vwfkhkawbz5yutu,at://did:plc:w2dx4zncuhlrtnhj5jusypu6/app.bsky.feed.post/3mavkgugvms2b,"I recently got access to the ""Reviews"" function on my website and @keletkezes.bsky.social was so kind to leave the first reviews I've ever gotten 🫶
The best thing is shop reviews display across all my listings, so you can get a peek at the experience other shoppers had before making a purchase!",hyeleth.bsky.social,6,1,1,2025-12-26 22:56:37.347000,product review purchase,2026-06-02 18:36:12.531064,bluesky
152,bafyreidt3sgreka4pmynhmmbfnon4ceew57idlqvzkkqx7pdk4nijdlz3a,at://did:plc:mqql3znzktx7r5n4zxoe4cy6/app.bsky.feed.post/3mafomgxmts2h,"[ Product Review ]

Random purchase 2 weeks ago as had some dry skin, seemed to work well, not oily, skin smooth as baby bum now!

I think it was MEGA cheap $3.40

I was intrigued by the name so looked it up! 🤔

It's made of ground up Emus! (I hope only the angry spitting ones! [or is that camels?])",paws101.bsky.social,0,0,0,2025-12-20 15:28:43.698000,product review purchase,2026-06-02 18:36:12.531064,bluesky
153,bafyreibeq7ioafg4y3kt4cbyro352l5ug4iacdmehujjmxgpwl2ibmpirq,at://did:plc:6w7425hsc4mjjkte2mbsxdhw/app.bsky.feed.post/3maedhfj6332b,"How To Buy Smartwatch Online, Review, Hands-On

https://www.newsbeep.com/uk/325088/

If you purchase an independently reviewed product or service through a link on our website, Rolling Stone may…",uk-nb.bsky.social,0,0,0,2025-12-20 02:36:19.000000,product review purchase,2026-06-02 18:36:12.531064,bluesky
154,bafyreibwidb6vor5taryw2j2ikvyvjkjbi2wb2m2lptjfpp5xd54o2picq,at://did:plc:2gp3m6bnzqynpqq4nlwto5ar/app.bsky.feed.post/3madq5ih3pc2t,"How To Buy Smartwatch Online, Review, Hands-On

https://www.newsbeep.com/ca/355464/

If you purchase an independently reviewed product or service through a link on our website, Rolling Stone may…",ca-nb.bsky.social,0,0,0,2025-12-19 20:50:45.000000,product review purchase,2026-06-02 18:36:12.531064,bluesky
155,bafyreifetlmch26y4m36bbbjajxrdw42cwqsxuij52rnwpsjw7f6vgm6qu,at://did:plc:ni6cl7jipinqldoyowqlbrwp/app.bsky.feed.post/3maczr4ettb2u,"How To Buy Smartwatch Online, Review, Hands-On

https://www.newsbeep.com/au/357672/

If you purchase an independently reviewed product or service through a link on our website, Rolling Stone may…",au-nb.bsky.social,0,0,0,2025-12-19 14:10:08.000000,product review purchase,2026-06-02 18:36:12.531064,bluesky
156,bafyreidytmnlms7yx3efgogvhjglawhgkchaptha6v6gadtogzztvx2xoa,at://did:plc:cvhzp4oqk57twhhjji5o2b3t/app.bsky.feed.post/3macyfjo7tt23,"How To Buy Smartwatch Online, Review, Hands-On

https://www.newsbeep.com/nz/191238/

If you purchase an independently reviewed product or service through a link on our website, Rolling Stone may…",nz-nb.bsky.social,0,0,0,2025-12-19 13:45:46.000000,product review purchase,2026-06-02 18:36:12.531064,bluesky
157,bafyreigfqnedbh3ssjnvfa7wz3rodhkke75snnid5t76na4n6dkssxgeu4,at://did:plc:udyn2dmw2qgvjelxvh7zmti2/app.bsky.feed.post/3macyek62vd2g,"How To Buy Smartwatch Online, Review, Hands-On

https://www.europesays.com/ie/240482/

If you purchase an independently reviewed product or service through a link on our website, Rolling Stone may…",ie-news.bsky.social,0,0,0,2025-12-19 13:45:15.000000,product review purchase,2026-06-02 18:36:12.531064,bluesky
158,bafyreif2ezpdag2qjkconfvfxv26ebd27zkgdqartjnqio5sdhsjn5pkmq,at://did:plc:qqj5hkpzmaaymmwr34jhz32t/app.bsky.feed.post/3m7swq6bk3k2h,Info from their website:,happyphantom.bsky.social,1,0,1,2025-12-13 04:33:23.707000,product review purchase,2026-06-02 18:36:12.531064,bluesky
159,bafyreiermpr3g27gqviiiymuppt42titnvkdv72m67npj6gkntur7yjune,at://did:plc:v4jfgpnpcxd2be2hekn5iocf/app.bsky.feed.post/3m7jf5ahoqk24,"Department of the interior comptroller memo orders all National Parks Service gift shop items scoured for “illegal DEI” and “gender ideology” related content, which is to be removed by next Friday.

www.nationalparkstraveler.org/sites/defaul...",jessdkant.bsky.social,50,21,6,2025-12-09 09:24:37.212000,product review purchase,2026-06-02 18:36:12.531064,bluesky
160,bafyreicwtj2y4gcyv3kekxlxrgomsvkt25ilw5abab6nq5qofdl342epdi,at://did:plc:bopvdxz7styrhrdp4cdpzcrc/app.bsky.feed.post/3m5rsc5gm2224,"between this and the review demands 5 mn after you buy a product online or company rating for a great purchase, the corporations have us just going thru the lab rats motions.",speedo-man.bsky.social,0,0,0,2025-11-17 06:50:55.104000,product review purchase,2026-06-02 18:36:12.531064,bluesky
161,bafyreih7jmslyb5l2ycvuxazggnbebzgntdesjsfv6rr3nfvcemuqeprr4,at://did:plc:2peokmtjhl25zflu4o2tde72/app.bsky.feed.post/3m5ooa6gtoc2s,"Review: Is the viral TruSkin vitamin C serum worth the hype?

https://www.vitaminrush.com/266237/review-is-the-viral-truskin-vitamin-c-serum-worth-the-hype/

If you purchase a product through a link on our site, we may receive compensation. As soon as the colder months roll in, my skin goes from …",vitaminrush.bsky.social,0,0,0,2025-11-16 01:00:12.000000,product review purchase,2026-06-02 18:36:12.531064,bluesky
162,bafyreigtebd7p67mdajsfdgh7srijxskkgax7crxv7xccxfznqdltvsdu4,at://did:plc:4jegfjhlgz44trcquyckfomr/app.bsky.feed.post/3m5on4zrv2s2e,"Reviews obviously written by ""AI.""

They ""fixed"" it by making the names different.",theactualbrian.bsky.social,1,0,0,2025-11-16 00:40:35.582000,product review purchase,2026-06-02 18:36:12.531064,bluesky
163,bafyreiddrzkzs3obgr7nj7azwb2olwtoxls3bsvhjtf3dxlkilvuba3l5e,at://did:plc:keyuu5fxmfvqqbjh5sdem22l/app.bsky.feed.post/3m5nbytec4o27,"But I have no way of knowing if this product -- or any of its clones -- is a quality product, because there's zero information content available from either the purchase and review patterns. We're left with good old word of mouth.",mobypinball.bsky.social,0,0,1,2025-11-15 11:48:40.898000,product review purchase,2026-06-02 18:36:12.531064,bluesky
164,bafyreih5ieeosfbkcocwe4puffb7ivkmlvujacbje3blngzo7precq3z3a,at://did:plc:b24hgmhojpnzhsy64brmqdiz/app.bsky.feed.post/3m5jganbz2c2e,"The Iris Murdoch Review has gone to print! Members can read it online from today if they just can't wait for the hard copy. Non-members can purchase one for £15, or simply join the Society.

irismurdochsociety.org.uk/product/iris...",irismurdoch.bsky.social,2,1,0,2025-11-13 22:54:01.813000,product review purchase,2026-06-02 18:36:12.531064,bluesky
165,bafyreicpbzdlxhno3x3x3nedg2gsp352sr5wfkfvah7xc6ndj6lr3qcpdy,at://did:plc:ui7nv47it5hwvbqfhfyv4sty/app.bsky.feed.post/3m5hk6nbiqk2c,"As someone who does a lot of review reading before making almost *every* big purchase, it’s absolutely infuriating to see “reviews” from people who have clearly never used a product. It’s a waste of my time and it takes away from any trust I may have had for a site",sydneytalkstoys.bsky.social,4,1,1,2025-11-13 04:59:10.178000,product review purchase,2026-06-02 18:36:12.531064,bluesky
166,bafyreiextwz4fsigu5v5jcme3xcndaogdx3fd6kckztezgpill7eit2nru,at://did:plc:eqacycr76doflvw5xdl2d2zm/app.bsky.feed.post/3m5dg6zfuas2u,So the first review I look at it... is kinda suspect? I'd say it feels like AI wrote this but it was posted in 2016. Part of it is English isn't this person's first language but I also think Thiel attracts a certain audience. The only 1-star review they left was for a book debunking race science...,jgraydingler.bsky.social,1,0,1,2025-11-11 13:37:08.958000,product review purchase,2026-06-02 18:36:12.531064,bluesky
167,bafyreig2qd53ipfh43ccgb5cmfiqhtdyfqinwp3y2bqkxfrnbcy7yzonm4,at://did:plc:fgomiqv5zm26ubqoa6d6astk/app.bsky.feed.post/3m52puyjmdk2n,I know I am privileged to be able to shop at Ocado in this economy but if I ever start sounding like the guy in this mouthwash review please put me down immediately,tainkirrahe.bsky.social,6,0,1,2025-11-08 02:36:32.277000,product review purchase,2026-06-02 18:36:12.531064,bluesky
168,bafyreibghbuvcnan3pn45gytntbzbfaapkhz45suq5o7lnszabwlp4uunm,at://did:plc:g3ui3bli3u3wylncllnlwbe2/app.bsky.feed.post/3m4lmh33iik2d,"Want to join in the celebration? Purchase a copy here and, of course, read and drop a review! DM me if you’d like a personalized signed copy complete with stickers and magnet!

www.uapress.com/product/thes...",avitusbcarle.bsky.social,0,0,1,2025-11-02 02:24:57.113000,product review purchase,2026-06-02 18:36:12.531064,bluesky
169,bafyreie5o73mztohhbts2hprn535l7hkiyujqqas7u42udb2rkeb6ttree,at://did:plc:iyu7dbmhpwvnluwsj2ahnpxw/app.bsky.feed.post/3m4e6gri5nc2j,"My favorite review I've run across so far this week ends with

""Although I wouldn’t recommend this to a friend, I’d be comfortable recommending it to an enemy. I’m going to use Costco’s return policy for this purchase,

No, I do not recommend this product.""",kg.luminance.org,3,0,0,2025-10-30 03:25:47.282000,product review purchase,2026-06-02 18:36:12.531064,bluesky
170,bafyreidh4yu755ugasz55gggu4g3ael5g23s4aggj4euocgboyvfqa3spe,at://did:plc:zjxvw2ugdwzygncuzr43rhbd/app.bsky.feed.post/3m47zacxiok2t,@brutalmoose.com I’ve personally been swayed by your wonderful advertisement to purchase the Hello Fresh product for myself and/or my family. Not a paid review. 👍,jeffpennington.art,3,0,1,2025-10-28 11:42:03.064000,product review purchase,2026-06-02 18:36:12.531064,bluesky
171,bafyreifalzvsaah7yrskvsyegrrr5xyr3vb7zsbdsj2dqruajgf4duosum,at://did:plc:sgoxvcaizltgekedoj4zeuly/app.bsky.feed.post/3m47syvefza2s,"Casetta Opens First Hotel Outside California: Hotel Willa Taos Review

https://www.newsbeep.com/us-ca/26356/

If you purchase an independently reviewed product or service through a link on our website, The Hollywood Reporter…",us-ca-nb.bsky.social,0,0,0,2025-10-28 09:50:27.000000,product review purchase,2026-06-02 18:36:12.531064,bluesky
172,bafyreic5obr2i4dni4kwftgahwnevha4liegsyx2xlm53clhraqk5wcck4,at://did:plc:bdxsmo45j4xaznsfeuun574q/app.bsky.feed.post/3m46ffcgyzs23,"If this place folds, I'm definitely going to shitpost reviews at Walmart.",jimstewart.bsky.social,16,6,1,2025-10-27 20:14:15.711000,product review purchase,2026-06-02 18:36:12.531064,bluesky
173,bafyreifsep3b2xewroxndhvfj7parzcub7quvntr3ptn6z6cirvwesp43m,at://did:plc:s7s6xmsxt33k7qp6k4vr7zem/app.bsky.feed.post/3m3i5n37wq22t,"#FacebookNews O Christine, you sweet summer child",jenbren.bsky.social,18,2,0,2025-10-18 23:56:52.396000,product review purchase,2026-06-02 18:36:12.531064,bluesky
174,bafyreieojcr72tt2pecscgbuvhicuhq67dhddolmsyruqzwd4td7ohe6mu,at://did:plc:tsd6elfnz2pcgqzptsyxcw6g/app.bsky.feed.post/3m3c3wwevdk2d,"If you try to review Little Eric's book on Amazon, you get this warning 😆 

Amazon has noticed unusual reviewing activity on this product. Due to this activity, we have limited this product to verified purchase reviews.",pugmom333.bsky.social,0,0,0,2025-10-16 14:10:36.959000,product review purchase,2026-06-02 18:36:12.531064,bluesky
175,bafyreif3rrqpaeguv6ififonvzkqx25dtd4nshqjzwpbr2j6iokdl33vbi,at://did:plc:ov6ksblbmitfo45xyfia4nk7/app.bsky.feed.post/3m3ainpdlc22d,"So the guy who raised a bunch of money for chatgpt necklaces, and who spent it all on owning the url for friend dot com did not wind up having a winning product, BUT, he knows the key to success is to pretend all press is good press!",jsthrill.modphi.com,8,0,1,2025-10-15 22:52:46.740000,product review purchase,2026-06-02 18:36:12.531064,bluesky
176,bafyreigy3twoqgidqmn3kxgun6zloomxlehdvqmrnulsktg6iai3ad2oai,at://did:plc:kgrwlmfbbjwdohza3nmfhdla/app.bsky.feed.post/3m2usf6cr5a22,"Onto Innovation Inc. removed a product line from its planned deal to purchase a materials analysis business from Semilab International after the DOJ requested additional information to review the merger, reducing the purchase price to $495 million.",law360.bsky.social,0,0,0,2025-10-11 07:15:00.000000,product review purchase,2026-06-02 18:36:12.531064,bluesky
177,bafyreibwts5dhi7dqjidrnw3gjdlt2mk2kh5wa3fvzn6n5h7orfqhqulky,at://did:plc:oft6xm44u4enh423gvi4nkyh/app.bsky.feed.post/3m2nsyh72es2o,"i sent them this when they denied my refund (i was gifted a trial, i dont give discord money anymore) and got an Immediate AI response",gamcracker.bsky.social,3,0,1,2025-10-08 12:37:09.679000,product review purchase,2026-06-02 18:36:12.531064,bluesky
178,bafyreihkcc56nsiho2qiz5sxz7mbhlz4l7y5axscineqisp6cla32kxssa,at://did:plc:4xlkrk33sdx6gtzfz2q4vv5i/app.bsky.feed.post/3m2hk3jctnc2q,"Supposedly, this is every review left on this site for this product. You would think maybe one of them might mention the product or at least what it is used for.

#fakereviews #fivestars #guesstheproduct",movingtrainmedia.bsky.social,0,0,0,2025-10-06 00:41:50.446000,product review purchase,2026-06-02 18:36:12.531064,bluesky
179,bafyreihg74xa4uxrtbnnmfvgphuxunpiki2grezb3of3p5np7yerhh47lu,at://did:plc:npfr3kmp4swyvlbjs5e3o3ro/app.bsky.feed.post/3m2fdu3aj722c,"Can we have a little revolt? How many of you review products you purchase in store? I’m not asking that you change your rating of the product give it one or five stars that’s your choice but can you leave this text? 
#PlasticFreeLiving",boycottamazon.bsky.social,5,2,1,2025-10-05 03:44:58.904000,product review purchase,2026-06-02 18:36:12.531064,bluesky
180,bafyreidra6yxt5lptwsthgtuiwy4isejoo4uxpdg67ex7zjk5jaaez4l24,at://did:plc:3vwe6hxijcba3tpcsqxn6f5l/app.bsky.feed.post/3m23535m5js2n,"Book review! ""It Begins"" (queer horror romance) by @eulegrey.bsky.social. 🎨 Felix Sadler. A great creepy/sexy tale where HEA is worth fighting for. From @ninestarpress.bsky.social 
Review: dannyechase.com/bookreviews/reviewib/
Purchase link: ninestarpress.com/product/it-b...

🌶️📚🌈💜#rombks📚🌎🪐📚🧡🦄📚#dcbr",dannyechase.bsky.social,7,3,2,2025-10-01 02:17:02.696000,product review purchase,2026-06-02 18:36:12.531064,bluesky
181,bafyreicijmlfyymsviepnxsjqo2diyplu4kpybsr4rgrbvvihuwxvfaguy,at://did:plc:kn6lxbh2zznpqyfaxxpa3ypp/app.bsky.feed.post/3m22wq7xcfo26,"""This page claims to be an independent review of a product, BUT the only links on the page are prominent monetized links to purchase this product on another website."" Google QRG 2014",hoboweb.bsky.social,1,0,0,2025-10-01 00:23:33.462000,product review purchase,2026-06-02 18:36:12.531064,bluesky
182,bafyreidaavxlcrsnor57hdgjnjqqr5vqihkbgidkgh4l5vj4k4cxcg7cru,at://did:plc:42x6u33gdfymsstdiqj4e2m4/app.bsky.feed.post/3m22hwamd522f,"Hey how are you getting on with your fabulous new SET OF THREE (3) ASSORTED WASHCLOTHS (GREY)? Would you mind leaving us a quick review to say how your purchase experience went, and to let other customers know what you make of the product? It really helps us out! Thanks you!!",darleysam.bsky.social,0,0,0,2025-09-30 19:58:29.496000,product review purchase,2026-06-02 18:36:12.531064,bluesky
183,bafyreihwrdjlpwq4whq2dt5bjziekdy4iit5obxswdaq5mgwksxekyef4m,at://did:plc:wogdqq5nvg2esjdur2xt4u7s/app.bsky.feed.post/3lzt42um7gs27,"A miracle! *sarcasm 

These fuckers: stole my credit card, ran all over Texas running my balance into outer space, gave me a fake shipping number, then had the temerity to ask for a review: they finally sent the product when I disputed the initial purchase.

It arrived yesterday.",windowschick.bsky.social,0,0,0,2025-09-27 21:37:41.615000,product review purchase,2026-06-02 18:36:12.531064,bluesky
184,bafyreigg6ezqwlwpq24goqfgeweyo4vmpnr6mpv7raid7zvtuv5slnaov4,at://did:plc:7jndo7z77ixiqk6zvzhmtozz/app.bsky.feed.post/3lzloc6h3p222,Every purchase gets a review request for the transaction and the product. Plus reminders. Text. Email. Im surprised I get to leave the stores without recording an unboxing video.,jaymarose.bsky.social,1,0,0,2025-09-24 22:42:36.261000,product review purchase,2026-06-02 18:36:12.531064,bluesky
185,bafyreifii6ybazijukzuexwd3mghr3qfemtmadxz3zzjidiixn4uhfz44i,at://did:plc:ni6cl7jipinqldoyowqlbrwp/app.bsky.feed.post/3lzflzi2lfs2e,"Fashion Photographs Seen & Unseen Book Review

https://www.newsbeep.com/au/160230/

If you purchase an independently reviewed product or service through a link on our website, WWD may receive…",au-nb.bsky.social,0,0,0,2025-09-22 12:45:54.000000,product review purchase,2026-06-02 18:36:12.531064,bluesky
186,bafyreietfyx4blyerdgjy3blyjd6clp35jnyetwzomyoqp532wfiy36rp4,at://did:plc:2gp3m6bnzqynpqq4nlwto5ar/app.bsky.feed.post/3lzf3a6a7ph2p,"Fashion Photographs Seen & Unseen Book Review

https://www.newsbeep.com/ca/160216/

If you purchase an independently reviewed product or service through a link on our website, WWD may receive…",ca-nb.bsky.social,0,0,0,2025-09-22 07:45:25.000000,product review purchase,2026-06-02 18:36:12.531064,bluesky
187,bafyreieg4dyezq3vkzev4ipc7xy3l35oirwwzj2viwwkbctvwagh2nycty,at://did:plc:6w7425hsc4mjjkte2mbsxdhw/app.bsky.feed.post/3lzesuegine2x,"Fashion Photographs Seen & Unseen Book Review

https://www.newsbeep.com/uk/151841/

If you purchase an independently reviewed product or service through a link on our website, WWD may receive…",uk-nb.bsky.social,0,0,0,2025-09-22 05:15:39.000000,product review purchase,2026-06-02 18:36:12.531064,bluesky
188,bafyreiaqgswz4byuq2dtw4pz2uwlaeldnssldxbywd5qekqumtkka5epu4,at://did:plc:l5btejh5mmq5rupedvkcaaps/app.bsky.feed.post/3mmwu56ynn22x,"That would be funny if that’s how the Ai bubble bursts 

Uncontrolled deranged RP across all of them 

Customer service bots end up just replying to every complaint with the classic “blows you up big and round”",autumngogogoat.bsky.social,1,0,1,2026-05-29 04:25:09.565000,customer service complaint,2026-06-02 18:36:13.219842,bluesky
189,bafyreicamb32eoemotnph2gcmxu3c645op3lzourxrkrnd6rgszrbyjaqu,at://did:plc:af3m5so7rawuxqy6vqpd2ise/app.bsky.feed.post/3mms6izakgs2t,"""If someone surrounded by AI customer service bots complains, does the complaint ever make a sound?""",queeralchemy.com,2,0,0,2026-05-27 07:47:24.912000,customer service complaint,2026-06-02 18:36:13.219842,bluesky
190,bafyreickvhboo53jjz2o2y5v5yyuvix5q35idr2eucrxlxxzfyy3fiwx6a,at://did:plc:sd7g4tvhirjb32cufgxgkdvx/app.bsky.feed.post/3mmokbud7us23,"they're all being super nice about it tho, i can't even get mad at them, they're all great at customer service, they're just unwilling to recognize that my complaint is actually an issue at all, or escalate it, or call a handyman, or find any other solution whatsoever",spindlypete.bsky.social,49,0,7,2026-05-25 21:07:30.823000,customer service complaint,2026-06-02 18:36:13.219842,bluesky
191,bafyreidfivjq6lvikuhrdi652rh6f66hxmk6bdotcrbgwc2wfmygwtveqa,at://did:plc:6oogssodg7grxcpmtcdzb653/app.bsky.feed.post/3mmnewrrju22d,"Tried to file a complaint with the manufacturer today about these night sweats, but Dad was not interested.

Terrible customer service.",simplyrain.bsky.social,6,0,0,2026-05-25 09:59:10.601000,customer service complaint,2026-06-02 18:36:13.219842,bluesky
192,bafyreign45tagkwxyfzpveilh4laaeqpnxw6koozpuhhf2geuvvqbwqb5u,at://did:plc:siclj5jstt2xodsn7epgnqld/app.bsky.feed.post/3mmjd6plo6c23,"Finally. I'd encourage you to decouple the party you vote for from your identity. Think of them as utility providers. You don't get hung up on perfectly aligning with your broadband provider but you'll make the choice to stay, switch, or make a customer service complaint based on service #spéirgorm",robosullivan.bsky.social,17,5,1,2026-05-23 19:17:10.309000,customer service complaint,2026-06-02 18:36:13.219842,bluesky
193,bafyreiebxi2cj7a2uddxynz7m7cdpo24asz4sl44xgfhqrkw756hjpvy3e,at://did:plc:u4vpp7xdnmkrfs6y4c2plelt/app.bsky.feed.post/3mmhgorbec22e,"Customer service 101: Apologize for a genuine complaint. Then explain the process and listen to your customers questions. Don’t double down and try to treat your customer like they’re stupid. 
It’s not easy. But kindness and sincerity go a long way.",irishfolkofcork.bsky.social,1,0,0,2026-05-23 01:14:30.688000,customer service complaint,2026-06-02 18:36:13.219842,bluesky
194,bafyreicmvpctw7lpkrckrzv6bid2twrd4k4ppsbv4smouqeku4rakscz5y,at://did:plc:56zjozlh2b5zujmp5knyrvet/app.bsky.feed.post/3mmhed3uvec2j,"A small peak behind the work curtain: I work in customer service operations. Our CS agents are all humans. No “AI” is used when directly interacting with customers.

Our #1 complaint from our customers about our service? We are clearly using AI because our agents are too polite.",lowrentkicker.bsky.social,4,0,0,2026-05-23 00:32:11.678000,customer service complaint,2026-06-02 18:36:13.219842,bluesky
195,bafyreihrnd5ozxj7twcwwhv6ozcsdsppzynwz4f6jmax33eqbx76nnz4s4,at://did:plc:3ydq3ufqsbrhdzxbgnhp3peq/app.bsky.feed.post/3mmdpbpwju22s,"The fact that we know about Ea-nāṣir's bad customer service from 3,759 years ago is so funny. Well played, 𒂍𒀀𒈾𒍢𒅕. Well played.",statsboye.bsky.social,0,0,1,2026-05-21 13:37:37.796000,customer service complaint,2026-06-02 18:36:13.219842,bluesky
196,bafyreifz2d744ybax2mphehu7hva2fw4yxqv4sft3olwfrcnq5khyka2u4,at://did:plc:qongywbsdespm5nqgdt6l2dz/app.bsky.feed.post/3mmc5e2nqm22o,"If you are upset about James Daunts comments please call the customer service number do not call stores, your complaint will go nowhere from there. With customer service or commenting on their social media you have a better chance of being heard.
And please be kind to the workers, it’s not (cont)",veliarem.bsky.social,1,0,1,2026-05-20 22:44:09.064000,customer service complaint,2026-06-02 18:36:13.219842,bluesky
197,bafyreie2bknznnq2bvyi232axb7pajrht45qpgsi4kq7gfyrh7c6oobbey,at://did:plc:ntjwd6zdsjr3l3mdmkhancka/app.bsky.feed.post/3mm7ufvzyek2q,"🚋 Egress from the Newark Penn Station Light Rail platforms has been a frequent customer complaint, including in the recent feedback collected for the NJ TRANSIT Rapid Action Plan.

While it will ultimately need full replacement, the escalator on Platform 4 is now back in service!",customeradvocate.bsky.social,12,0,0,2026-05-20 00:58:48.179000,customer service complaint,2026-06-02 18:36:13.219842,bluesky
198,bafyreics54blyv2pgwjhgposlysxxdekrth5h4x2x6qevxisu2zhhzpkum,at://did:plc:vwegeh7ahwkqj7epe5ft37yi/app.bsky.feed.post/3mm54q3h4ls24,"I purchased the @Starlink Mini Travel Kit on April 28, 2026. At NO point was I told delivery would take 3–4 weeks. After multiple calls to customer service — still no delivery date, no resolution. I’ve submitted a formal complaint to @elonmusk. Here’s why. 🧵",abdulaziz90210.bsky.social,0,0,0,2026-05-18 22:49:40.107000,customer service complaint,2026-06-02 18:36:13.219842,bluesky
355,bafyreicphdevenwh2gsqtf65t7bpp4wu4bbjessjyxclukm4tksr4d6cye,at://did:plc:nhfxokzlsekimwxsii6ehgis/app.bsky.feed.post/3l3c6dupo3z24,"It’s, uh, more of a brand recommendation than a where to buy recommendation, but holy shit do I recommend Sferra",babblingfringe.bsky.social,4,0,0,2024-09-04 09:27:26.626000,brand recommendation buy,2026-06-02 18:36:14.114758,bluesky
199,bafyreiet3lp3m72wy47gc2goq7iwyc45d43rlc35yxhmg3la3paubtlbqu,at://did:plc:c2zpaqyanai73uew7xhofjtl/app.bsky.feed.post/3mm2xl24dhs2f,got a fucking complaint that turned out to be another employee’s fault and I’m irritated because I am literally the only person at my job who consistently gets named in customer service kudos by the company. this ended up costing our story at least 60 bucks in free product. what if i just—,mochagrande.blacksky.app,0,0,1,2026-05-18 02:12:02.753000,customer service complaint,2026-06-02 18:36:13.219842,bluesky
200,bafyreifrmyzqfhcwmadsm5vde6aegrzjblqrkeauy4cyobt3zxp2gneyju,at://did:plc:veuvhayagnas73g7d4mvtd7m/app.bsky.feed.post/3mlxs2ncakk2i,"And let's not reinvent puritanism in an attempt to dunk on dickheads. ""You dropped some f-bombs"" is a bullshit way to respond to a complaint about the way AI has replaced customer service and it's right that they're getting dragged for it.",discordiankitty.bsky.social,28,0,1,2026-05-16 19:55:24.522000,customer service complaint,2026-06-02 18:36:13.219842,bluesky
201,bafyreifqks662pvbqkroyeqi6nvvzyzaa2awvcjdlqnrowzpwxwrwkkcny,at://did:plc:fcdcv3iqv3iowesqdouzbfqk/app.bsky.feed.post/3mlw65jyajc26,"I just opened a case with Nissan Customer Service. It's being escalated not just as a problem with the car, but also as a complaint the dealership.",isamclaren.bsky.social,3,0,0,2026-05-16 04:26:27.137000,customer service complaint,2026-06-02 18:36:13.219842,bluesky
202,bafyreicucbqckxt3trc24lixsbkea3kqbwmukffnm7hu6tosnvd5bz5f6u,at://did:plc:oqu5ck4vbwt3i63kengkjckd/app.bsky.feed.post/3mlqycebsb22n,"I figure when people spend large sums of money on a vacation and are met with minor inconveniences or deviations from their expectations it leads to levels of abuse that far exceeds customer service retail. When everything is offered as magical, anything less than is worthy of complaint i imagine",enjoymentfan.bsky.social,10,0,1,2026-05-14 02:58:27.789000,customer service complaint,2026-06-02 18:36:13.219842,bluesky
203,bafyreihugeocj2tccvvhybmya2btbvtlrkrpwzpp3itqvklubopf7vfeiy,at://did:plc:cjfcz3t36f6nrprarkhkycxo/app.bsky.feed.post/3mloi3oer622x,getting emails like this multiple times a day at this point,jasonkoebler.bsky.social,77,12,11,2026-05-13 03:03:04.144000,customer service complaint,2026-06-02 18:36:13.219842,bluesky
204,bafyreidixw3pwdrubmy2ay2adpbmwawyrjuaurjrgrrckkuudxyds47hy4,at://did:plc:6gybixk3mhnqokf4ctux7w3d/app.bsky.feed.post/3mlo57aa63s27,"OVO's customer service is terrible. I spent two years trying to get them to resolve a complaint where they'd incorrectly marked one of our staff houses as disconnected, causing no end of grief for everyone. Hopefully E.ON take over the customer service function and ditch OVO's Byzantine process",mancalled.horse,0,0,0,2026-05-12 23:48:12.370000,customer service complaint,2026-06-02 18:36:13.219842,bluesky
205,bafyreifkktizlvld4ewicdpvc2u4a2d5x4og667hkbglvvce3zac5kq7qa,at://did:plc:lumomcryi3gdxrawjfnvz4cc/app.bsky.feed.post/3mlgslz3iqc26,"@carmax.com is now using an AI agent for customer service calls. F that! It even gave me incorrect information. When I asked to file a complaint, the actual person I talked to was very helpful and actually gave me valid, correct information. #FuckAI",samanthapajor.bsky.social,1,0,1,2026-05-10 01:49:51.756000,customer service complaint,2026-06-02 18:36:13.219842,bluesky
206,bafyreihox4e4npgfm5mkhx7iupzslaxvdtbrijy44cgggzr25iisr373zm,at://did:plc:pbpqzcwjrsdy2cgrpffgvjbh/app.bsky.feed.post/3mlb7w4j2rc2k,Alexandros really decided to customer service complaint about his afterlife to this giant angel woman who should be on a power metal album cover,eonianarchives.bsky.social,2,0,1,2026-05-07 20:32:11.106000,customer service complaint,2026-06-02 18:36:13.219842,bluesky
207,bafyreie2ehf3iyqs57ijk3y5zi2anu3cbn5zuiehryjrzpdyfrk5e4o2rq,at://did:plc:m2mfyjsodxeo7ytwdizula2l/app.bsky.feed.post/3ml67oia2dk2q,"sounds like standard German customer service to me!

that said, if you wrote your complaint in German, you can be sure you did great – therefore no cause for complaint ;)",els76uk.bsky.social,1,0,1,2026-05-06 15:49:55.743000,customer service complaint,2026-06-02 18:36:13.219842,bluesky
208,bafyreibhbevnodli6sdi2sxn6c7xwtkqs7qrh4frwkointwpj6okcrkeiu,at://did:plc:gfeo75hrj5w2u4ainnm3mkp2/app.bsky.feed.post/3mkxbsifxyc2q,Stupid morning news show story of the day: Interviewing people who are upset that no one at Spirit Airlines is answering the customer service complaint line and helping them re-book. Dum-dums. Pfft.,tomcarpenter.bsky.social,0,0,0,2026-05-03 21:39:19.469000,customer service complaint,2026-06-02 18:36:13.219842,bluesky
209,bafyreic5m3sf7ovxvdde2up3ax7mxm6lxa24tckv6zspcpuefe35u5qxmy,at://did:plc:7yvyjiecwpg4nscrjnpeohxc/app.bsky.feed.post/3mkq2hwqd322d,"I know that this is a petty complaint, but I hate the preamble on customer service calls. I feel like there should be an option to skip the pleasantries. If I’m calling in then I’m already at my limit and it’s my last resort, don’t small talk me, Brenda.",bustdownjimmy.bsky.social,0,0,0,2026-05-01 00:39:31.029000,customer service complaint,2026-06-02 18:36:13.219842,bluesky
210,bafyreibllvmfrhj7yk6g5humngljcvo7m3iisxp3yz3xtsx2ktmu4alvre,at://did:plc:7yvyjiecwpg4nscrjnpeohxc/app.bsky.feed.post/3mkq2go6rlk2d,"I know that this is a petty complaint, but I hate the preamble on customer service calls. I feel like there should be an option to skip the pleasantries. If I’m calling in then I’m already at my limit and it’s my last resort, don’t small talk me, Brenda.",bustdownjimmy.bsky.social,0,0,0,2026-05-01 00:38:48.511000,customer service complaint,2026-06-02 18:36:13.219842,bluesky
211,bafyreidvkqki75dt4vi636zpwxttlg2xuepj6jyqjtd2kea25o6kzbiueq,at://did:plc:bwhbflzvq2nbuwj3ebvbymzu/app.bsky.feed.post/3mkcttxodfc25,"Schedule for today:
1) wake up too early
2) free matcha latte
3) find out my labor rights were violated yesterday, try to decide whether or not to file a formal complaint or confront the bossman
4) accidentally annoy a customer service rep into giving me a €0.10 discount on henna hair dye",homonormativity.myatproto.social,2,0,1,2026-04-25 18:36:21.874000,customer service complaint,2026-06-02 18:36:13.219842,bluesky
212,bafyreib7no5jlgf47nn5bhvm53ppxmhb7twfmbf7qjjor3m3rolm6gfsbu,at://did:plc:gqlenpe5rv7b6qrphzv7qzf6/app.bsky.feed.post/3mkbzuoft422h,"vancouver and montreal have public boards with democratic representation handling regional transit affairs. 

ontario's bill puts that fare and service authority behind the closed doors of prabmeet sakaria's office. you know, the same genius that pushes bike lane removals and highway expansion.",auguststreet.ca,5,0,2,2026-04-25 10:51:27.160000,customer service complaint,2026-06-02 18:36:13.219842,bluesky
213,bafyreiho5aiz6in5yf3r5p3hkpbe42us46nze7cc4oztjnksqgtjp2rriu,at://did:plc:qxn2wkun7f52kfi4xqj2ny3c/app.bsky.feed.post/3mk66r2ovck2a,"I love needing to say ""Complaint"" to the AI chatbot for 20 minutes in order to speak to an actual person when making a direct phone call to a customer service line.

I want to hit AI with hammers.",toypantheon.bsky.social,9,0,0,2026-04-23 22:08:16.842000,customer service complaint,2026-06-02 18:36:13.219842,bluesky
214,bafyreict6mskcuqwgoa76m3kotgaspemqhb6bv454fnv7ikvhpybbb3i2a,at://did:plc:4o2cwrhuf3uum26wbkme72za/app.bsky.feed.post/3mk5pzifxyk2t,"Somewhere along the line it got twisted into a customer service phrase meaning ""don't tell the customer they can't have a refund/ replacement etc. just Do The Thing for them so they don't send a complaint""",gikairan.bsky.social,0,0,0,2026-04-23 17:44:33.525000,customer service complaint,2026-06-02 18:36:13.219842,bluesky
215,bafyreihk7iq65imxsngy2eefls3npqjd2yo3jr4npoqtq33r3zqscif6ti,at://did:plc:2pfpxw6b5h425nza26pob6gj/app.bsky.feed.post/3mjz346w7r22u,You can email customer service with a well worded complaint and they might do something,xzadfor.bsky.social,0,0,0,2026-04-21 21:19:36.717000,customer service complaint,2026-06-02 18:36:13.219842,bluesky
216,bafyreifqeaaejuuw2cuzbeopptqexmpzib73zlvipupwftq56lbmr7pvyu,at://did:plc:4gq2hozmlky4cwcvlmi4qqdh/app.bsky.feed.post/3mjxtcwgwzs2x,"I would like to file another complaint. This manager has shown a complete lack of both competence and ability, and an essential function of the business has been entirely disrupted for the first time in the company's history. This is not the standard of customer service I expect for my money.",k800-prime.bsky.social,0,0,0,2026-04-21 09:27:33.035000,customer service complaint,2026-06-02 18:36:13.219842,bluesky
217,bafyreidvgprg7krcl4y3nuurkuvytpsvacelfx45llygzmhgnwqdvawvkm,at://did:plc:544h7tnh3irmoazym664sze4/app.bsky.feed.post/3mjwrpmcses2o,This sometimes happens to my Amazon deliveries. Where can the satellite log a complaint? Blue Origin’s customer service? And do they get 1-month free trial to Amazon Prime for the troubles?,caroq.bsky.social,2,0,0,2026-04-20 23:26:11.400000,customer service complaint,2026-06-02 18:36:13.219842,bluesky
218,bafyreiafki2mvfz62vzicdi5lcuho5ktyofa7tgzjxyjfw43lm6fyen4nu,at://did:plc:ej62fl5b4lmpczmnyzkcw7kx/app.bsky.feed.post/3mjvb22xt7s2i,Ea-nasir was a Sumerian copper merchant from circa 1750 BC who is the subject of the world's oldest customer service complaint after he sold a guy some shitty copper.,jarjarforspeaker.bsky.social,55,0,1,2026-04-20 08:55:08.560000,customer service complaint,2026-06-02 18:36:13.219842,bluesky
219,bafyreihz75bffvejf6uvjzcw4f7ag7n2ky7aqbc2uh4v6siyqo6chxrdte,at://did:plc:4gq2hozmlky4cwcvlmi4qqdh/app.bsky.feed.post/3mjue7okufc2x,"I filed a complaint last week and I have not received a satisfactory resolution. I have since learned that the manager has threatened to ""blow up the whole country"" if his demands are not met. Is this corporate's standard of customer service? I would like to speak to someone above him immediately.",k800-prime.bsky.social,0,0,0,2026-04-20 00:19:18.769000,customer service complaint,2026-06-02 18:36:13.219842,bluesky
220,bafyreif3m7i56vwid2ptn2bglewjmib7a7ugtu6qyedikn7jyxxvhvkhry,at://did:plc:dpfnwkubtbevpuvm3s62qqru/app.bsky.feed.post/3mjoqkgomok2p,Intuit make you call them up to cancel & I did feel for the customer service person because they sounded like they'd heard the complaint about AI Many Times Before. I'm never rude to customer service people because it's a shit job but I am glad about being able to tell Intuit why I'm leaving,mxfrankduffy.bsky.social,8,0,0,2026-04-17 18:44:06.074000,customer service complaint,2026-06-02 18:36:13.219842,bluesky
221,bafyreia7ygt65kzijzsrixnmwwh7sseall73me7vaedq7k72ul2bkhl2bu,at://did:plc:jfwujvptg2kk4k2vjuvrumvw/app.bsky.feed.post/3mjkbxs34xc2m,"If you work in retail you start to feel a bit like Neo at the end of the Matrix when you begin to call customer's bluffs on making a complaint.

It's so funny when you offer the customer service number and they back down immediately.",voraciousopolis.bsky.social,10,0,2,2026-04-16 00:12:29.146000,customer service complaint,2026-06-02 18:36:13.219842,bluesky
222,bafyreicuf6b62vx22s4wd4qwqzlt6e3j4tsf725dxoxi6j4ymhlzqycdra,at://did:plc:4opkox6ov5fiwri5pzlcq3uv/app.bsky.feed.post/3mjk6a5lgwk25,I've never submitted a customer service complaint to a transit company in my entire life but sound transit is using generative AI for station announcements now and I'm pissed about it,elementpnw.bsky.social,4,0,0,2026-04-15 23:05:34.670000,customer service complaint,2026-06-02 18:36:13.219842,bluesky
223,bafyreicvhlzlourdfy2dpuuuv42rxxeyw3slpcrahgeaguctpw54xeaxfy,at://did:plc:n36p7pf7jjymnuzutirhygar/app.bsky.feed.post/3mjjqpyi4y22a,"i ordered converse run star hikes twice from the same store, got the same wrong size twice that you can’t even buy on their store like it’s not an option (EU38,5) and their fuck ass customer service gave me an AI generated response to my complaint.",saetbyeol.fyi,2,0,1,2026-04-15 19:03:53.817000,customer service complaint,2026-06-02 18:36:13.219842,bluesky
224,bafyreihdlmoil3zdwo3vht35m5xjw7elmvf2rg6wb5cfn4jbuavk5oua7y,at://did:plc:r75rozb4unolo6a7sdkko6ve/app.bsky.feed.post/3mjiz2mojyk2g,The fact that the best way to get any decent customer service is to go viral with a complaint on social media is grim.,thebazilly.bsky.social,3,0,0,2026-04-15 12:00:20.739000,customer service complaint,2026-06-02 18:36:13.219842,bluesky
225,bafyreiec4lg25agwt7dpnlkan2umc5fc4josm3rtppgnyusjxgvfnxihqu,at://did:plc:clcszjm2wqk66rurojvhi7c2/app.bsky.feed.post/3mjibpqel2c2m,"I was pissed off , thankfully they took a photo and I rushed to my neighbors house and got my package 📦 back and pulled Karen move to complained about it to FedEx customer service (he did a great job 5 stars for him) 
They filed the complaint away
 Rant over!!",inugamithehound.bsky.social,0,0,0,2026-04-15 05:02:38.736000,customer service complaint,2026-06-02 18:36:13.219842,bluesky
226,bafyreid24vmnswfxgakq5wnf6jdcsqr2fonbf6odahiubxm34s4ff3xf4a,at://did:plc:u2t7y3gfkyqnarnqnczria6p/app.bsky.feed.post/3mjgnqckzl22m,i denied service to a repeat rude and disrespectful customer. he filed a complaint. had a conference call with the district manager and hr about it and i'm cooked. hr said i overstepped my authority or some shit.,honkbonerfart.bsky.social,0,0,0,2026-04-14 13:32:23.957000,customer service complaint,2026-06-02 18:36:13.219842,bluesky
227,bafyreicaqns2xmutwhc5rgd2obu2l6crwjb2z2bczsmv53nckv5ih22yby,at://did:plc:oea4ds247yf4t5gqxp4zprj6/app.bsky.feed.post/3mjghl2qkzk2m,"To have a pouch of tomato onion chana instead & that pouch had an unsealed spot too! It just hadn't started spilling yet 🤦🏼

I put in a request w Thrive customer service, & [bot] automatically chose the 2 varieties I was placing the complaint about before I said which they were, so it's a known issue",christeladina.bsky.social,0,0,1,2026-04-14 11:42:05.523000,customer service complaint,2026-06-02 18:36:13.219842,bluesky
228,bafyreigwdxwoqci3ttwpczb2jbfffjdvmoyyhadcabffr2pagret2avone,at://did:plc:4gq2hozmlky4cwcvlmi4qqdh/app.bsky.feed.post/3mjgcfvcnuk22,"HR complaint: This employee posted religious imagery of himself during work hours, initiated a conflict with the Pope, and blockaded international shipping lanes. He has since claimed he did not know what he was posting. I am a lifelong customer and this level of service is completely unacceptable.",k800-prime.bsky.social,0,0,0,2026-04-14 10:09:43.346000,customer service complaint,2026-06-02 18:36:13.219842,bluesky
229,bafyreib3egl3bpcrwgg3kwsnj3phhmhhr26jmcgfdrtggmmsrrawddvtze,at://did:plc:uholr42vi7e6qeh6rlssl5ci/app.bsky.feed.post/3mjeyiseu7s2f,"@eversource.bsky.social indicated 20 minutes hold time.
it's been over 35 minutes.

This is basic general customer service.
So....PRICES INCREASE but it's harder to TALK TO SOMEONE?

This isn't about an outage or a price complaint.

I need serious assistance.
This is such BULLSHIT.

#eversource",lindarey.com,0,0,0,2026-04-13 21:39:43.775000,customer service complaint,2026-06-02 18:36:13.219842,bluesky
230,bafyreifcpmclnitl4yootfi3peehmkvca7ccje2iu3766b2oq4xfjcizqq,at://did:plc:7hoefnxrfqqlq767n2mmh3y4/app.bsky.feed.post/3mjepentd522t,"The difference between men and women (for context, I work in a customer service call centre):
Woman (at start of the call): So, I'm very angry about something, but I'm not angry at you and it's not your fault.
Man (when I don't give him what he wants): ""How to I lay a formal complaint against you?""",goddesskitten.bsky.social,2,0,0,2026-04-13 18:56:21.116000,customer service complaint,2026-06-02 18:36:13.219842,bluesky
231,bafyreife4l2b5aw6wd67acr5cbnavh3vdnn5mtk5ujdyaf5bskn7kmb4wi,at://did:plc:4gq2hozmlky4cwcvlmi4qqdh/app.bsky.feed.post/3mjcxnalktk2v,I'd like to file a complaint. Two of your employees are being needlessly argumentative and disrupting normal business operations while ignoring their regular customers completely. This is unacceptable customer service.,k800-prime.bsky.social,0,0,0,2026-04-13 02:18:59.678000,customer service complaint,2026-06-02 18:36:13.219842,bluesky
232,bafyreibf4pdl5gfifbooirjoj75kagqkxglrjszws34jfr7fmscvua63ma,at://did:plc:42hl7mx5bl3pfunwl7cmh4zr/app.bsky.feed.post/3mja3gxwync2f,"I suppose if all of your customer service friction and pain points are handled by ai, the cost of enshittification goes way down and thus complaint fatigue becomes a terrible but more sustainable business model. For absolute sociopathic companies, to be sure, but it’s a golden age for them",jessigibs.bsky.social,8,1,0,2026-04-11 22:49:05.041000,customer service complaint,2026-06-02 18:36:13.219842,bluesky
233,bafyreigcddqr5am6qifblaes75mbvdmrnjib35riljhqoazvj4hnek2bei,at://did:plc:yqutuxxntd6525kmml5o4hb7/app.bsky.feed.post/3mj5s7uys7w2i,"""The customer is always right"" fandom sect is one of my least favorite things to happen to fandom. I didn't have it nearly as bad as writers on some other shows, but there were a few persistent people who'd treat my Twitter account not just like a complaint box, but a customer service window",bitterscriptreader.bsky.social,34,9,3,2026-04-11 00:58:46.518000,customer service complaint,2026-06-02 18:36:13.219842,bluesky
234,bafyreieclkwojwe7olxlig4fwdowdoxyesrmf7cvdt4nicyksamruuxy2m,at://did:plc:2rrp7amblhg3xoly5n5huiqv/app.bsky.feed.post/3mj5n4ar3z22i,"Both corporations like Google and the Trump administration are enabling the public to get ripped off, in this case by a Dallas-based company. We used to have the CFPB. Now its buyer beware.
Honest companies would not be building a trusted brand, rather than hiding like this.",donmoyn.bsky.social,92,31,5,2026-04-10 23:27:13.323000,customer service complaint,2026-06-02 18:36:13.219842,bluesky
235,bafyreigp3i46545oe7jxvip5t4k53rmenfl6656zkafqcwavynock3luoq,at://did:plc:476fro533uk2ugfynesljdrv/app.bsky.feed.post/3miwul26i3s2o,Imagine how it is for me living in this same world and then I go to my job and my job is “time to take a customer service complaint about this Guest’s experience today with Megatron”,moviegirlfrannie.bsky.social,2,0,0,2026-04-08 06:52:07.763000,customer service complaint,2026-06-02 18:36:13.219842,bluesky
236,bafyreigrrgbys5jgygduteh2v55bnn5tio5kaucyi4twe62xs5j7ke7szy,at://did:plc:mpokr3hwifrgdopxsls4j6l4/app.bsky.feed.post/3miwal6o67s2t,"It shouldn’t have taken this long, but I guess better late than never",cheeziebreezie.bsky.social,0,0,0,2026-04-08 00:54:17.634000,customer service complaint,2026-06-02 18:36:13.219842,bluesky
237,bafyreieijddkaxmo7izeafk2bs7grffd4ci6qft4n2ng53fi6bhwpyuvlm,at://did:plc:q4dwepdje5i5onnsl243yqf6/app.bsky.feed.post/3miw52yloxk22,"Everyone who wanted a job really could get one! Including those guys who filled that basement in Medford with heating oil!

Nostalgia for 2009 when the person answering your customer service complaint call had an MBA & had been laid off from Anderson Consulting doesn't sit right with me.",grafinfreudenberg.bsky.social,1,0,0,2026-04-07 23:51:33.167000,customer service complaint,2026-06-02 18:36:13.219842,bluesky
238,bafyreichz3aeyhdwsjo47htsczmqbzthljdc77vvv6nb2ijlp6mbs2fk7m,at://did:plc:7ngdd2mtnremqb37n2fsxssm/app.bsky.feed.post/3miw4jftfdk2i,"I’m sorry I posted skinny Marzie then immediately left to go to a bridal shower. If you or a loved one have been personally damaged by the sight of skinny Marzie, you may file a complaint with our customer service department.",tiggybloom.bsky.social,326,38,10,2026-04-07 23:41:43.068000,customer service complaint,2026-06-02 18:36:13.219842,bluesky
239,bafyreicudzcqcwqwlnlwzzkcygz7h6l5jyzze4frl7zcwpsa73puanm2wa,at://did:plc:ysg7hp6kgncoryoll2fz2pgk/app.bsky.feed.post/3miuxyx5gtk2s,"2/2

The Instagram image came with this great explanation:",thebossross.bsky.social,35,8,4,2026-04-07 12:48:12.349000,customer service complaint,2026-06-02 18:36:13.219842,bluesky
240,bafyreiewzasgb4gbll6mreftjnpd3hkgezzufcgqqgkjx2zijcawa2uzvi,at://did:plc:7rlylk7b2r4v74xoqf42334c/app.bsky.feed.post/3miuanhtdwk2e,"The letter that came with the coupon had a phone number and a case number, so I called and voiced my displeasure.

The Customer Service Rep was pleasant enough, but of course, HE doesn't have the ability to send me a check. He can only pass my complaint along to... Someone?",damiott.bsky.social,0,0,1,2026-04-07 05:48:31.697000,customer service complaint,2026-06-02 18:36:13.219842,bluesky
241,bafyreic4yakia43fc5mhnlr3sphlzslspphvgsmwrxc3kertr57ccuh3za,at://did:plc:usvmlcn2rhiqojg35op2m44w/app.bsky.feed.post/3mitcjsa3tc22,"""I can't afford another complaint,"" the @alofthotels.bsky.social receptionist said to co-workers.

I sat in the lobby for nearly 40 minutes because she couldn't figure out my reservation.

Oh, you've earned a complaint. 

No amount of great advertising can fix poor customer service.",dereklwalker.bsky.social,2,0,0,2026-04-06 20:51:19.306000,customer service complaint,2026-06-02 18:36:13.219842,bluesky
242,bafyreigqkcn6aqg32iz5rc3ug2dpyqo2bksa4qtfil42ralvpifchfzbva,at://did:plc:rbse2mxho32gtxtkh6wcizv2/app.bsky.feed.post/3mis7u3nppc2l,"My Credit Union appears more inept, less customer service oriented 
I went online WOW!
Complaints Galore online, had no idea.
people being billed insurance on an auto loan. But they've provided proof, a number of times.

I have to keep providing personal info too, over & over. All same complaint?",bluet-urquoise.bsky.social,2,0,0,2026-04-06 10:30:43.654000,customer service complaint,2026-06-02 18:36:13.219842,bluesky
243,bafyreicsmkk6jieh2f4zpxfzs2qu2rnhjdg5gdmxn3sigsgj52s35u3cfi,at://did:plc:qdrtqxlcwsdgr5rd3lv664jk/app.bsky.feed.post/3miomjm4sg22j,"Too funny! Customer service issues have never changed, nor has complaint department lol",superdog10.bsky.social,0,0,0,2026-04-05 00:06:51.632000,customer service complaint,2026-06-02 18:36:13.219842,bluesky
244,bafyreiavvxnny6icy56htqf6pucykhpf663tq7yzd2dircds46xkx5p2sq,at://did:plc:6nonhx3f2ntssbscpmwjkm4u/app.bsky.feed.post/3minz6gm3k225,"Some things never change.

This cuneiform clay tablet documents a transaction in Ur in which Ea-nāsir, a trader, allegedly sold sub-standard copper to a customer, Nanni. Nanni, dissatisfied with the quality, wrote a complaint addressing the poor service & mistreatment of his servant.

🕰️c1750BC
🏛️📷BM",carausius286.bsky.social,1331,239,55,2026-04-04 18:20:35.644000,customer service complaint,2026-06-02 18:36:13.219842,bluesky
245,bafyreiej6ikdhwtjdxfwrejhzvcdjmmgcjob34guihtakgwgbqrwgib2by,at://did:plc:ewmncfruu2stypilpadh5lmz/app.bsky.feed.post/3mimjpxbmyc2h,"My final text to "" AL"" today at Sirius xm as I renewed my yearly subscription 
"" AL, this has been a chore. I sincerely hope the people who implemented AI at Sirius and took away live customer service are in the unemployment line very soon "" 
He promised to post my complaint.",rondorland.bsky.social,5,0,0,2026-04-04 04:11:23.950000,customer service complaint,2026-06-02 18:36:13.219842,bluesky
246,bafyreidrebiuuyuycszrbdb2fqnrjhnfseckhu7w34ths36w3gk2yfhuoy,at://did:plc:ri6qrw72xecygdo6qzr5tzbk/app.bsky.feed.post/3mijyj6grrc2d,"why do customers post videos of themselves being entitled with customer service workers, as if anyone is going to side with them? Its esp ignorant when the complaint is the employee is new. They new because your rude asses keep scaring people away from sticking with the job!",blow-me-a-kis.bsky.social,5,1,0,2026-04-03 03:58:03.490000,customer service complaint,2026-06-02 18:36:13.219842,bluesky
247,bafyreia66fzuspzmqjchen5xij4yz3bhkahjox7d2nlc74jn63wrqmlxyq,at://did:plc:7tmjpsxeul46msiu4ilonsx5/app.bsky.feed.post/3mif5x7jnns2q,"Possibly the first customer service complaint ever written.

#History #HistoryMatters",atticusfinch-105.bsky.social,1,0,0,2026-04-01 05:52:04.410000,customer service complaint,2026-06-02 18:36:13.219842,bluesky
739,bafyreievp3y35lohkvwfuovvfjvhddu3nm5w2m6ognowdfthucvbrfzeva,at://did:plc:fr7vvp5ix2v3dqdzyyu6xzlk/app.bsky.feed.post/3m7jnuprwpc27,The worst part about shopping online is having to get up and get your card,koreydior.bsky.social,0,0,0,2025-12-09 12:00:54.970000,worst online shopping,2026-06-02 18:36:19.140245,bluesky
248,bafyreieebvtrdag56h4iwsehazjdgvgwwx5uqdg2uvaatiqyiwosvyheiu,at://did:plc:sj2m2jtu4qrt6brk7i3b6t7s/app.bsky.feed.post/3mibtgnh76226,"‘Weeks rather than years’, yes, because undoing Brexit is obviously just a quick admin reset once everyone admits something.

Joining the EU isn’t a customer-service complaint you escalate, it’s a full accession process. You don’t skip the queue because you’ve changed your mind.",luigidiangeli.bsky.social,2,0,0,2026-03-30 22:05:51.953000,customer service complaint,2026-06-02 18:36:13.219842,bluesky
249,bafyreicdszv4krgpfywetwhvsr3npjuiufiflb4zenocd5vc6f2omjunmm,at://did:plc:xsmd3gmzcw4jp6uqlzzlppgt/app.bsky.feed.post/3mi5uhbl5bc27,"Most super villains when they uncover their arch nemesis' secret identity: ""I will torture and kill everyone you love!""

The Joker: Files a customer service complaint.
youtu.be/-of2BjL6Dy0?...",andrewhoran77.bsky.social,0,0,0,2026-03-29 08:13:27.841000,customer service complaint,2026-06-02 18:36:13.219842,bluesky
250,bafyreic3fyo7tilimkqregx5i2cz4ioxp4ehyyi4wk6meu34vt4gnhfguu,at://did:plc:j7do2kxrqkstt3wxng3nkffb/app.bsky.feed.post/3mhwzzbxrsa2q,"Have your say on Council’s Customer Service Charter & Complaint Policy
26 March 2026
Baw Baw Shire Council
#LGNewsRoundup #VLGA #MAV #VicCouncils #BawBawShireCouncil",roundupnewsbotvic.bsky.social,0,0,0,2026-03-26 15:04:22.682975,customer service complaint,2026-06-02 18:36:13.219842,bluesky
251,bafyreihgubjef4icvava7oy2lyu6sjs4uqknyzu6x2upp7rlsdrk5b45me,at://did:plc:wmaifht3amouvrmp5vtnfkny/app.bsky.feed.post/3mhqdhcfujs22,"I know lots of y'all have worked in the service industry before. So you know customers are often unreasonable pricks who file complaints over nothing.

So why assume that a customer complaint is valid? Nanni could just have been whining.

Justice for Ea-nāṣir.",estrogenandspite.bsky.social,16,2,3,2026-03-23 23:04:38.507000,customer service complaint,2026-06-02 18:36:13.219842,bluesky
252,bafyreiennpusbjtjenctdgzbljr4g6mtaxyicpdnm46sgadsram6shtk5u,at://did:plc:nt2n6zlzkxd3q6mfwsiu7l55/app.bsky.feed.post/3mheasg3u2k2j,"I should mention my other post involved the FB GROUP - ""Facebook Complaint Center and Customer Service"" & messaging with a Donas Williams. No idea if it's FB graft or some tech trying to make a buck on the side.",howard-beale.bsky.social,0,0,0,2026-03-19 03:45:13.387000,customer service complaint,2026-06-02 18:36:13.219842,bluesky
253,bafyreiafje777ayhmgrbvptdwbdbv52mn7zmwpakzxuwbiczl4zemr6pby,at://did:plc:6sytjlbkpq4affd5wbcvrfce/app.bsky.feed.post/3mhbjqmmv322d,"Over the past 20 years, I've noticed how companies now are insular to the point I've realized the only voice consumers have is to call customer service which is often a robot voice which never understands & if put through to an agent who may be in a foreign country they cannot understand complaint.",perfectrose2024.bsky.social,4,1,0,2026-03-18 01:47:17.588000,customer service complaint,2026-06-02 18:36:13.219842,bluesky
254,bafyreiecrtohmbcq4lptxbctaswfrwu44kpob4a3td47ib72ulyc4x6fne,at://did:plc:cooat6rl7yf5ljjp6zweqq3c/app.bsky.feed.post/3mhb72ab3rs2q,"another point of friction for me is Globe's customer service moving to Facebook Messenger. I've been in line for three hours already and no reps have messaged me back.

on the other hand Smart's hotline is toll-free via roaming, so that payment hiccup complaint I had was received by a real Filipina.",weetabixsu.bsky.social,0,0,1,2026-03-17 22:35:48.993000,customer service complaint,2026-06-02 18:36:13.219842,bluesky
255,bafyreickbud2g4qvcbk5igrnqji5tmgjgryccrpgcvm2izcmw76laberie,at://did:plc:y7xbbq2kvu7e5emovpfbzygf/app.bsky.feed.post/3mgxnlcyihk2m,Premier's office 416-325-1941.  It's an easy and fast call.  You get a customer service rep who takes down your complaint.  Don't have to leave your name or number (I assume they have access to your number anyhow).  3 minutes on the phone to tell his office that you see this authoritarian move.,crowceilidh.bsky.social,0,0,0,2026-03-14 03:29:17.294000,customer service complaint,2026-06-02 18:36:13.219842,bluesky
256,bafyreiffjfy4nemq3vxe6vxxagaqummqwq6v3d7hnfj3vfs3o33tyqlprm,at://did:plc:urc2dmcmwup4atlfo3vhirsz/app.bsky.feed.post/3mgvrtw6zic26,I had a retailer give me somewhat detailed instructions on how to file a bug for them. Literally for them. They were aware of my complaint yet the customer service bot couldn’t file a bug for themselves based on my complaint. Like they fn expect us to spend the time to do their job for them.,jamiephelps.bsky.social,5,0,0,2026-03-13 09:40:21.357000,customer service complaint,2026-06-02 18:36:13.219842,bluesky
257,bafyreiciudvtb6nznus6owqb5lpkab7aew5oipmlpja5t7wkd432mxlgzq,at://did:plc:b3upvzizod4g7brplpnx356w/app.bsky.feed.post/3mguwrc7wgc2y,"Apparently Ellie's tried to acquire ICE-E's like a day ago...?

That isnt a very good idea.

I dont think anyone even knows who the CEO of ICE-E's even is.

I once sent a customer service complaint and I got something back that had all these weird symbols on it

Eerily familiar",scuti.rosyverse.net,2,0,1,2026-03-13 01:35:42.276000,customer service complaint,2026-06-02 18:36:13.219842,bluesky
258,bafyreiexqiecdsaenrzw6gcwnv4g67oashxs64vqmyrmk2bspgfygyl3t4,at://did:plc:xlm57a4nrh6oowfiitrd3f2x/app.bsky.feed.post/3mgsqwji2o22i,The Worcester 311 app sometimes turns into that cesspool known as the Facebook comment section.,seandacey.bsky.social,1,0,0,2026-03-12 04:45:55.720000,customer service complaint,2026-06-02 18:36:13.219842,bluesky
259,bafyreidh7xp4t42b5nu3euk6w44pzbbytypsypedh4xu7mq6ljfhexozam,at://did:plc:inwzoq34u52clnzwfmmv4j3b/app.bsky.feed.post/3mgsk5uclbs2t,"Life Hack: 

I was on the phone w/ an AI customer service agent that was insisting: (a) it couldn't fix the error the company had made, and (b) no live person could speak w/ me.

I then said I'd file a complaint w/ my state's consumer protection office, and I was connected to a human in <1 minute.",segalmr.bsky.social,163,51,6,2026-03-12 02:44:45.770000,customer service complaint,2026-06-02 18:36:13.219842,bluesky
260,bafyreifrb6citdgmrq4gxgfxqbn445q66ktcohqlotxtnybvfq4lq4eloy,at://did:plc:7ohvwcasylrhnqnxeet4oamp/app.bsky.feed.post/3mgsfrcncv22z,"Went to their physical offices today to make a complaint in person as well but ended up in their wrong location (their main and customer service offices are stupidly located in two different places), urgh.",eonity.bsky.social,0,0,1,2026-03-12 01:26:09.269000,customer service complaint,2026-06-02 18:36:13.219842,bluesky
261,bafyreidf2gx7fykjmp7ze4rhy22wjojbr74pqfhue6xsgzzwkpoewiwh3e,at://did:plc:ahre4s4zyp2katc3e3bkudsz/app.bsky.feed.post/3mgndbsmes224,"I do part time work with a subscription service and can I say…check your accounts.

Got a complaint that we were still charging a customer after they cancelled. Turns out they set up an account 4 years ago on a different email, quickly forgotten. £400 spent for nothing. Happens surprisingly often!",sbrackenborough.bsky.social,3,0,0,2026-03-10 00:58:23.325000,customer service complaint,2026-06-02 18:36:13.219842,bluesky
262,bafyreifhxl6a42msh3iyy6t63qxtkiamuitsaarx4tyoi7nel6ahkcokpa,at://did:plc:lupvg4gxl4u3eqtbxl4d52jp/app.bsky.feed.post/3mgkqb2md2c24,"Verizon has better signal & is more reliable, but T-Mobile is fine. My family has T-Mobole & rarely has a complaint. I switched to Verizon because I couldn't deal with the occasional connection issue because of work needs.

T-Mobile's customer service seems to be fantastic. They are very responsive.",thejediswitch.bsky.social,0,0,0,2026-03-09 00:12:37.589000,customer service complaint,2026-06-02 18:36:13.219842,bluesky
454,bafyreigo6agvdjjanvhaxjmv4go3lpsauxntez2oizrymnevjz5vlufzxe,at://did:plc:23jd6oa6lftz4qoh3wyh5jwd/app.bsky.feed.post/3mjehbpa3nc2h,"Wow you guys really like Nova ^^; have had some insane levels of feedback with this drawing. 

Should I add her as merch to my online store?",stormblaze.bsky.social,3,0,0,2026-04-13 16:31:31.985000,online store feedback,2026-06-02 18:36:16.399055,bluesky
263,bafyreiep4rpsfydlb2ohvbyq2nf3okctgb3cjx7pgo3y622z2qaxfysbl4,at://did:plc:irquh43nsr3ovmpuxfjgasuj/app.bsky.feed.post/3mgia2akc3s26,"I sent comprehensive notes to Octopus on the evening of 4 March in response to your email. No reply from you whatsoever on 5 or 6 March. Again, absolutely appalling customer service to leave a serious complaint hanging with zero communication from you.",neilio-uk.bsky.social,0,0,1,2026-03-08 00:17:09.588000,customer service complaint,2026-06-02 18:36:13.219842,bluesky
264,bafyreidqjf4pfwgxiohi3lpdkxalok2kgonifc3nhch263xaduvyrr4hlm,at://did:plc:en66jbbgxdecqsk3xqis4bo7/app.bsky.feed.post/3mghyriqp7s2m,"Every product I came to rely upon at Trader Joe's was discontinued. When I finally ventured a mild complaint, the professional customer service I received was such that I never went back. And here's how much I miss them:",kipwilliams.bsky.social,0,0,0,2026-03-07 22:07:00.004000,customer service complaint,2026-06-02 18:36:13.219842,bluesky
265,bafyreiecpznfy6jznjwpw7zphbxf76yp5qjevgolycx22mpwoopmbjzqw4,at://did:plc:4pmvm6ubvh4bkwfzofeubzmn/app.bsky.feed.post/3mgfso24nns2q,"We also want to educate DC residents about their protections under the Student Loan Borrower Bill of Rights Act.

If your rights are being violated, please contact:

⚖️ OAG at 202-442-9828 or oag.dc.gov/complaint

🛡️ The Student Loan Ombudsman at DCLoanHelp@dc.gov or 202-727-8000",dcattorneygeneral.bsky.social,1,0,0,2026-03-07 01:12:14.865000,customer service complaint,2026-06-02 18:36:13.219842,bluesky
266,bafyreigbhromxgqip2zb6ojriuejpsqduripfxojtvl2osxqgs7f6bbcjy,at://did:plc:cnswh2zmtlo3mvxhtmdpw6gt/app.bsky.feed.post/3mgdwtumyg22t,"In customer service, every email we get from proton users is a complaint. Usually an outlandish one. Like the guy who didn't get the ""free gift"" we sent him, which we promptly sent him, who wrote back to say that we should give him ""at minimum $25"" for the time he took to email us to complain.",loueyville.bsky.social,0,0,1,2026-03-06 07:21:53.137000,customer service complaint,2026-06-02 18:36:13.219842,bluesky
267,bafyreidzrryjfbdysbakgedpcyakrb4a5gw2xwaog4hka7c3qvf2dcyafq,at://did:plc:ngrdwadyhqvhljdlhmdzvhh3/app.bsky.feed.post/3mgdcas7oi22i,"Man fleeing war zone has customer service complaint, asks to speak to manager.

The ending of ""Casablanca"" would be so different if set today.",eddiemckenzie1970.bsky.social,1,0,0,2026-03-06 01:13:18.222000,customer service complaint,2026-06-02 18:36:13.219842,bluesky
268,bafyreifqydt7ogl3bgcjhr6jdoppffbknkpreutnedmhubogr4jcslrksu,at://did:plc:6wn2kavbe6h6ttdy2oegefgp/app.bsky.feed.post/3mg7eediock2y,For real y'all have to watch out for this one. 😑 I hate having to call customer service even when I really should; to call and make such an ... interesting... complaint is just ... 🫥,hillingsama.bsky.social,0,0,0,2026-03-04 11:40:25.546000,customer service complaint,2026-06-02 18:36:13.219842,bluesky
269,bafyreifdkf5bwuxxo45goe5ekywv3xdsy3ir6c3eqbbcimf7vv2j4sl5k4,at://did:plc:wzxdt2t4cke4empnrwl3xzer/app.bsky.feed.post/3mg6e7n2i3vf2,"I'm currently doing my part and trying a different channel for spreading awareness to the staff.

I'm requesting their complaints book at the customer service area to write down my complaint to prevent Tesla from stepping foot.",katakislives.uwu.social.ap.brid.gy,0,0,0,2026-03-04 02:05:07.000000,customer service complaint,2026-06-02 18:36:13.219842,bluesky
270,bafyreiflibcfrblxotllkizudjy4unr34xieaytsr2h54jnont6veognqm,at://did:plc:xri2uacwnfwmkylwqnmc3q4i/app.bsky.feed.post/3mg62my6ozk2a,"Ugh, sorry to hear that. I've tried to put in a complaint that the customer service is only via phone and nothing else, but in order to put in a complaint you apparently have to phone the customer service line 😑 I've disabled Royal Mail as an option on my Ebay now, avoiding them as much as possible.",diebooth.bsky.social,1,0,0,2026-03-03 23:13:38.518000,customer service complaint,2026-06-02 18:36:13.219842,bluesky
271,bafyreie4om2ign23zmbkacolavuy6um63pbg7zdi4uo5lmesoxkbk5xwge,at://did:plc:xzgwn3nornr6v6cdd2fqsdru/app.bsky.feed.post/3mg543kzy722f,"I’ve worked 30 years in tech support and customer service. Typically via phone/email/chat etc. That’s my wheelhouse.   Even customer retention and complaint handling as I’m known as a “fixer”. 
That’s why people not keeping their word to me as the “consumer” drives me nuts because I spent decades..",mikemontreal.bsky.social,1,0,1,2026-03-03 14:07:02.052000,customer service complaint,2026-06-02 18:36:13.219842,bluesky
272,bafyreieh7pxmecvvhf4nyff74yxvtbntksvaerie57n743epvtjbcyfs5a,at://did:plc:bmepvlstfkixr474v327c7u6/app.bsky.feed.post/3mg3pxwymd22w,Personally I feel like this is a perfectly valid complaint to have. I think it's worse because no one I know nor myself have gotten them to reply to emails... At all... In the past 6 months either. So extremely slow to ship + no customer service (+bad furs for me) = I'll go elsewhere. Sorry!,sarahcatfursuits.com,3,0,2,2026-03-03 00:57:35.732000,customer service complaint,2026-06-02 18:36:13.219842,bluesky
273,bafyreidstvkfileo5qlfo2jlyhsntmkdyk4q53ounccgxgzl6t7xtjm4yy,at://did:plc:5ifz3soyxgoapvdef74tulbx/app.bsky.feed.post/3mg325rlgu22y,"Maybe take your customer service complaint up with her manager, Karen?",heatherburnstech.bsky.social,0,0,1,2026-03-02 18:27:09.064000,customer service complaint,2026-06-02 18:36:13.219842,bluesky
274,bafyreiggdmgxtui2ldkmuwslveccffehgm5d5dkccq5o6xekpkjvq7s7p4,at://did:plc:wg7ggyvno4xbuwgp22biwfjv/app.bsky.feed.post/3mfuo6p7mqk2x,"Got annoyed enough about FedEx leaving my package at the bottom of the stairwell with a notification of ""left at front"" door paired with a photo that is clearly not at anyone's door, that I actually went through phone menu hell and left a complaint with customer service.

This may change nothing.",sarahabein.bsky.social,3,0,1,2026-02-28 05:36:56.803000,customer service complaint,2026-06-02 18:36:13.219842,bluesky
275,bafyreigrp3sonbbrqec6ta73gy3jv234d2mnq4cbjmyp4u4uxldsvllrsa,at://did:plc:pjbndagstwjy7hukxfh46mjo/app.bsky.feed.post/3mfugpmw3hs2b,"Today's customer service complaint: My eye doctor ordered my contact lenses to be delivered to my home. They never arrived so I followed up and was told they were delivered weeks ago. I was told to check ""around your front door."" Turns out they transposed the digits in my address *again*.",sylviachi.bsky.social,1,0,1,2026-02-28 03:23:14.884000,customer service complaint,2026-06-02 18:36:13.219842,bluesky
276,bafyreifhzix5ky7zcj226xlm4pbiufkdcn7ttpeemghnhxz66pnjayzgqq,at://did:plc:ualq42zvzpqa4iv66usvaclx/app.bsky.feed.post/3mfsyrz6f7s2j,"It’s why I absolutely hated working as management in fast food. I knew the policies were absolutely BS, but I had to pay the bills so I would at least save the crew from the bs as much as I could by taking every customer service complaint myself. 

Ugh, it’s like looking into a different universe",asacredflame.bsky.social,0,0,1,2026-02-27 13:41:22.723000,customer service complaint,2026-06-02 18:36:13.219842,bluesky
277,bafyreigvlz6hh2gaparpuckkfs6cg7fu5mdvkj6vuhxgu5etonaiv2yqei,at://did:plc:f4arv5v4pwyntjsp56wf4qw7/app.bsky.feed.post/3mfs3p4dxfs2m,"Yeah its fascinating, Ea Nasirs complaint about dodgy copper and poor customer service being the best example of relating to ancient people ofc 😄",alixrabbit.bsky.social,1,0,0,2026-02-27 05:00:46.876000,customer service complaint,2026-06-02 18:36:13.219842,bluesky
278,bafyreierzcby3oaeog7vaufinqephzusk3lyaoovuick3lj6i3fqwixrpm,at://did:plc:6iezhtsygi53drs7dssozunq/app.bsky.feed.post/3mfrbfhstfc2s,"-toxic masculinity and billionaires ruin everything but at least I got a big sword out of it

-trans catgirl and her polycule file a customer service complaint with god",robohime.bsky.social,0,0,0,2026-02-26 21:10:06.066000,customer service complaint,2026-06-02 18:36:13.219842,bluesky
279,bafyreiawrtjfg7cdn5hc7ktmaxf5yumoc5nd46m75c6yardqfhc5yliryi,at://did:plc:2sgxnnukuezgaqcbxihan4y2/app.bsky.feed.post/3mfqifcxhd22t,"It apologized, regurgitating my words and explanation back to me. Its apology was intense.

It then explained that I could call and report the problem to a live agent. I had told it the day before that i couldn't do that because I am deaf. 2/4",brasscastle.bsky.social,2,0,2,2026-02-26 13:42:33.725000,customer service complaint,2026-06-02 18:36:13.219842,bluesky
280,bafyreihmx3inkccmgvdcunl4ginfgoff57muqmk7gxtvc5f2zbpo5ekihi,at://did:plc:6eca6lqfwxjozzsw54x5dkii/app.bsky.feed.post/3mfocw3uc4k2u,"He's focusing more on the fact I didn't get emergency bottled water for a day and a half, and that I phoned them again this morning because the callback I was promised last week never happened because the customer service agent mislogged my complaint.",kernowshark.bsky.social,5,0,1,2026-02-25 16:59:18.483000,customer service complaint,2026-06-02 18:36:13.219842,bluesky
281,bafyreighl54gjgl44oc6gurycyda522iuo5nuvzgmkcan2fd77lamggcty,at://did:plc:ebqsso3qdpegwv5j7iirymia/app.bsky.feed.post/3mfmim7suz22l,"USPS has internal complaint and investigative mechanisms. When a customer files a formal complaint alleging nondelivery, the Postal Service is supposed to investigate and provide an explanation. Without knowing the outcome of the complaint process it’s hard to determine what is happening.",solosojourner.bsky.social,1,1,0,2026-02-24 23:35:50.061000,customer service complaint,2026-06-02 18:36:13.219842,bluesky
282,bafyreigflhbbxz4g4kywp57gwrmcysh2iktgne4enzbsn562em5agtvihy,at://did:plc:mhy3zsbrj6vn774qmqs7htaj/app.bsky.feed.post/3mfmhqvoygw2u,"Received bad service? Here’s how to make a customer complaint that really works

https://www.newsbeep.com/us-pa/122106/

There’s an art to getting what you’re owed when a business gets it wrong, and studies show many…",us-pa-nb.bsky.social,1,0,0,2026-02-24 23:20:29.000000,customer service complaint,2026-06-02 18:36:13.219842,bluesky
283,bafyreiacllkekteblo3iie5sgfoutgaldcou3oggzsa7gmt7pdodbapya4,at://did:plc:ibh7ronyrjhp33hhv7nebel5/app.bsky.feed.post/3mfjziyrmfs2k,"If NetFlix makes any effort to comply w/ our criminal president’s request that Susan Rice be removed from the NetFlix Board please call this customer service number and register a complaint. I just did, threatening to cancel my subscription if executives make this happen. The # 1-866-579-7172.",sdemetri.bsky.social,0,0,0,2026-02-24 00:00:16.411000,customer service complaint,2026-06-02 18:36:13.219842,bluesky
284,bafyreiaqndugfehxzyr6bdbqh7mzq3cw4pivzdm6h7fwnlf6nbo35oqgmy,at://did:plc:bsqafgdj6qs5vfhfmafxswaz/app.bsky.feed.post/3mfjozrl5522h,"Only spent 30 minutes on my bank's customer service line to have a complaint filed that I wasn't allowed to do myself, but should check 24 hours later. Not bad.",labcoatgundam.bsky.social,0,0,1,2026-02-23 20:52:48.124000,customer service complaint,2026-06-02 18:36:13.219842,bluesky
285,bafyreihphx2rhd5xpewtn5txbnrg4q4rdtyl24olv66iru4taphpgdngk4,at://did:plc:sqanqlgeea2s5wadvvoonpuz/app.bsky.feed.post/3mixlv6iuk22d,"Future of B2C Digital Commerce: Trends, AI & Personalization

qksgroup.com/market-resea...

#B2CCommerce #eCommerce #DigitalCommerce #OnlineRetail #MarTech #CustomerExperience #OmnichannelRetail #AIinEcommerce #Personalization",ramdanav.bsky.social,0,0,0,2026-04-08 13:49:23.899000,ecommerce digital market,2026-06-02 18:36:13.693386,bluesky
286,bafyreib4ox4n6suuxcfapr6mqtqpswky7msb4yruzcgg27zsxtp4e4o2cu,at://did:plc:suu4twjwn45umvj6n4qetyaw/app.bsky.feed.post/3mij6vtolvs27,"Ecommerce Apparel Market Size 2026-2034: Trends, Growth, and Regional Analysis

The Global Ecommerce Apparel Market is rapidly transforming the fashion retail industry. With the rise of digital platforms, changing consumer habits,

Learn more- marketresearchseo.blogspot.com/2026/04/ecom...",sophiaseo.bsky.social,0,0,0,2026-04-02 20:19:51.132000,ecommerce digital market,2026-06-02 18:36:13.693386,bluesky
287,bafyreid7nzqdmc7fa4colzxyu3ysp3mdhtik4vj7krtkx55nhnzlxglvie,at://did:plc:lxbhzsukjeqlzjplcky7ug3c/app.bsky.feed.post/3midirzhgnk2l,"At @websummit.bsky.social Qatar 2026,Yevgeniy Makhmutov, Founder & CEO of #Arbling, explains why advertising alone doesn’t work in the digital jewelry market.

How growth came from leveraging networks.

Watch the full interview: youtu.be/1LO8Rr-N6KU

#Startups #Ecommerce #AR #WhyScripted",whyscripted.bsky.social,3,1,2,2026-03-31 14:00:41.958000,ecommerce digital market,2026-06-02 18:36:13.693386,bluesky
288,bafyreidnwxamjjiohoy2b63r4ld5htiwudxjl7dve7o5wkf6wh5no4w6ey,at://did:plc:ajbh37k36cu2bhutcexszkrb/app.bsky.feed.post/3midhgelxtk2r,"Europe Digital Payment Market Analysis: Key Drivers, Challenges, and Opportunities 2026	www.marketresearchfuture.com/reports/euro...
#EuropeDigitalPayments #Fintech #CashlessEconomy #PaymentSolutions #Ecommerce #DigitalTransactions #Innovation #TechMarket",semi1-98.bsky.social,0,0,0,2026-03-31 13:36:17.246000,ecommerce digital market,2026-06-02 18:36:13.693386,bluesky
289,bafyreigohwayldt2wlez6r5xvetyy3wdqouab3wcthizedz7xnwww7xf6a,at://did:plc:ajbh37k36cu2bhutcexszkrb/app.bsky.feed.post/3mhphdme2xc2q,"Europe Digital Payment Market is Transforming the Industry Landscape	www.marketresearchfuture.com/reports/euro...
#EuropeDigitalPayments #DigitalPayments #Fintech #CashlessEconomy #PaymentSolutions #Ecommerce #FinancialTech #Innovation",semi1-98.bsky.social,0,0,0,2026-03-23 14:41:29.945000,ecommerce digital market,2026-06-02 18:36:13.693386,bluesky
290,bafyreidodldqagdffkuqgyt7p5i3dohzqju2rfcxa37cxldz5lnwyxxn4i,at://did:plc:5zww7zorx2ajw7hqrhuix3ba/app.bsky.feed.post/3mgecyuff242e,"Pattern Group Revenue Rises as AI Reshapes eCommerce

https://www.byteseu.com/1850697/

Pattern Group’s fourth quarter results, posted after the market closed on Thursday (March 5), reflect broader shifts underway in digital retail as brands expand across more marketplaces and artificial …",byteseu.bsky.social,0,0,0,2026-03-06 10:58:35.000000,ecommerce digital market,2026-06-02 18:36:13.693386,bluesky
291,bafyreignud3fyzvxbejd6vjzfftcfmsqyoiuw4z5rnkerqtczml5cdqeba,at://did:plc:5zww7zorx2ajw7hqrhuix3ba/app.bsky.feed.post/3mcu3s7mub42e,"AVITdirect to launch in EU

https://www.byteseu.com/1729637/

AVITdirect has announced it is now available in Europe, bringing its ecommerce platform and product shipping to the EU market. Launched by integrator, Project Audio Visual, AVITdirect aims to blend digital commerce with real-world …",byteseu.bsky.social,0,0,0,2026-01-20 19:52:12.000000,ecommerce digital market,2026-06-02 18:36:13.693386,bluesky
292,bafyreiabhau2uhymsa2uqfxctjahrqp5kvix7y7bnyozir57l5zwjvokge,at://did:plc:hozwsx3k76yiwovtapb55tvx/app.bsky.feed.post/3ma3yr7mipc2d,"An #eCommerce website in today's rapidly changing digital market is not just about listing products and running ads. Customers want to get connected, to trust, to get information, and to get value before they make a purchase.

Read More: velog.io/@swatilalwan...",swatilalwani.bsky.social,0,0,0,2025-12-16 19:03:43.801000,ecommerce digital market,2026-06-02 18:36:13.693386,bluesky
293,bafyreibwyjbpqql4cauu22tvgncmvj4rnht3np2ejzqluzlhfufdedyo7e,at://did:plc:x2m5v5rq7dobzx5v3s5w5ute/app.bsky.feed.post/3m5axncy53c2c,"The Evolution of eCommerce Fraud Prevention: Protecting Trust in the Digital Marketplace
qksgroup.com/market-resea...
#eCommerceFraudPrevention #FraudDetection
#DigitalCommerceSecurity #CyberSecurity",namita00.bsky.social,0,0,0,2025-11-10 14:11:23.176000,ecommerce digital market,2026-06-02 18:36:13.693386,bluesky
537,bafyreiax2shkbzepxcnz5rwsppg65c26nc2orwx4nj2xizz7i3fpekprae,at://did:plc:a4y2tlmpdg4andlholsv27lm/app.bsky.feed.post/3meqiammtnk27,probably one of the less unethical examples of the spotify wrappedification of every consumer product,mxhc.bsky.social,2,0,0,2026-02-13 20:14:48.156000,consumer product review,2026-06-02 18:36:17.769499,bluesky
294,bafyreict5gxk3osuks72fvcehyaa7loyai3kym3f22mldvx757opo62jpa,at://did:plc:em6cidaauju2jug3lkb6o26g/app.bsky.feed.post/3m3wjis2wh22c,"📲🌍 Digital markets are creating new opportunities for women in cross-border trade in East Africa. On behalf of @bmz.de, we support the East African Community in expanding cross-border #eCommerce:
✨ fewer trade barriers
💳 better access to finance
📦 and new regional markets:
www.giz.de/en/projects/...",giz.de,0,0,0,2025-10-24 17:06:29.826000,ecommerce digital market,2026-06-02 18:36:13.693386,bluesky
295,bafyreihass2iexwqs7amme44nffzvsp2xqafqhngvh4xnvt4hvhrfluuve,at://did:plc:hvwhptk4oerwsuzau66ikwfy/app.bsky.feed.post/3m3s43splf222,"Next big section (paraphrased): Schedule A Good.

The flea market analogy also caught my eye.",design-law.bsky.social,0,0,1,2025-10-22 22:55:56.694000,ecommerce digital market,2026-06-02 18:36:13.693386,bluesky
296,bafyreidic7u3kpdhnlipj6d6o2aqdn3ejyvvn75dyswpjc36g4g5gytdtm,at://did:plc:emium4xgrv7rfdjrqtuawwcq/app.bsky.feed.post/3lys2atnfck24,"""Google-Criteo Deal Unlocks Retail Media."" Advertisers can now run placements on enterprise #ecommerce sites via Google, upending the digital #retailmedia market. We explain the deal and its repercussions to Amazon and elsewhere. www.practicalecommerce.com/google-crite...",practicalecommerce.com,0,0,0,2025-09-14 18:07:23.078000,ecommerce digital market,2026-06-02 18:36:13.693386,bluesky
297,bafyreiaupodnzxckbm4qie2vcfud6jcwcgzb6jey2yynynxwgekv4dqici,at://did:plc:xhwo7ukkr3i6szfrf74enxkb/app.bsky.feed.post/3lycwhtjf6c2o,"Selling Products Online is the smartest move in 2025. Reach more customers, cut costs, and scale faster with ecommerce. Discover why going digital gives your business the edge it needs to grow and stay competitive in today’s market.

Read More: www.linkedin.com/pulse/why-se...",kairasss.bsky.social,0,0,0,2025-09-08 17:49:46.787000,ecommerce digital market,2026-06-02 18:36:13.693386,bluesky
298,bafyreiaqqcxk5f5kodh6zxfjydri5zjnzwottqlmfjlvvv2x33qmtlm3h4,at://did:plc:dog52jpxiehx76rzt7injgjh/app.bsky.feed.post/3lxhmibt7qc2y,"D-Tak Studio, we help brands design, market, and grow clearly,
whether through a sleek Shopify store, powerful email marketing, or a
full digital revamp.
Let’s connect and make your next move count. #MarketingStrategy #Ecommerce
#DigitalTransformation #Entrepreneurship #Leadership",hinoble.bsky.social,1,0,0,2025-08-28 21:09:11.430000,ecommerce digital market,2026-06-02 18:36:13.693386,bluesky
299,bafyreibmudvvcyleb3zuvt4idkjqc5zi4b3ib5rwbbnrccnkpk6jvixusu,at://did:plc:mwvdvjhjyf3b2ya4va35epov/app.bsky.feed.post/3lwfcww3dok2s,"From Print to Pixels: Inside the $180 Billion Digital Classifieds Market and the Strategies That Drive It

#OnlineAds #DigitalMarketplace #SellOnline #Ecommerce #Craigslist #FacebookMarketplace #FactRage #FactRageNews
                
tglm.us/YVhDB",factrage.bsky.social,0,0,0,2025-08-15 05:47:53.914000,ecommerce digital market,2026-06-02 18:36:13.693386,bluesky
300,bafyreidjcqml3godm6ahdtdtocqwvrxnibw4bas2ghokylhobsiryc52zq,at://did:plc:e45sl2tpnklag7ok5u4dt3bw/app.bsky.feed.post/3luzfkkc3d22y,"Merchant Cash Advance Market Report 2025

From $18.41B in 2024 ➜ $25.79B in 2029 (CAGR 6.9%).
Fueled by e-commerce, digital finance, & SME growth.

🔗 Sample PDF:
www.thebusinessresearchcompany.com/sample.aspx?...
#Finance #MCA #Fintech #Ecommerce",anwartbrc.bsky.social,0,0,0,2025-07-28 18:37:31.637000,ecommerce digital market,2026-06-02 18:36:13.693386,bluesky
301,bafyreici6kkx273efxndwjxontny2gepjgul3i7lnkyc5xtt2lktjbd76e,at://did:plc:ncphlqd2ek6arps77odi3sfc/app.bsky.feed.post/3lu5awayjqo2y,"China’s Service Trade Association will launch a training program in Aug 2025 on stablecoins & cross-border e-commerce. It will cover concepts, risks, compliance & practical applications to help businesses grow in the global digital market. #stablecoins #ecommerce #China

#crypto #blockchain #news",cryptonews-poster.bsky.social,1,0,0,2025-07-17 14:00:03.065160,ecommerce digital market,2026-06-02 18:36:13.693386,bluesky
302,bafyreibhbmb4wkaadiz4vsbkfbphws2cpfrzkbuad5vhtd6pfoiamqfevi,at://did:plc:ak6spze36qpqojiqm36iv7nh/app.bsky.feed.post/3lpti622uuk2h,"D2C margins under pressure? Smart pricing is your untapped growth lever.📈

Top brands use:

• Real-time price intel
• Digital shelf tools
• Local demand signals
• Market trend analytics

Here’s how: bit.ly/439DCLu

#D2C #eCommerce #PricingStrategy #42Signals",42-signals.bsky.social,1,0,0,2025-05-23 19:02:16.625000,ecommerce digital market,2026-06-02 18:36:13.693386,bluesky
303,bafyreibzxquk5ertgvxxbficzzuzn5hmuqyr3nepyrsamysslg2ixjk5g4,at://did:plc:udr7hyzrn7mqyz6v6pyjrfpx/app.bsky.feed.post/3locbv7s6x22p,"Master digital product pricing and grow your profits! 💸📊 Learn what really works in the online market. 👉 www.erikcagi.us/2025/05/digi...
#PricingStrategy #DigitalProducts #OnlineBusiness #MakeMoney #Ecommerce #MarketingTips #PassiveIncome #Entrepreneur #SideHustle",erikcagi.bsky.social,0,0,0,2025-05-04 05:29:31.010000,ecommerce digital market,2026-06-02 18:36:13.693386,bluesky
304,bafyreidzctggvxykwriry3pv4h4kxe3naqezav45dufsrrrll3uecso5ae,at://did:plc:ak6spze36qpqojiqm36iv7nh/app.bsky.feed.post/3lnn2p2mvxs2v,"India’s digital retail market is heading toward $200B by 2027.

But Amazon & Walmart still face policy hurdles—while Reliance scales freely.

Now, the U.S. is pushing back through trade talks.

Can India open up without losing its local edge?

#RetailTech #Ecommerce #Amazon",42-signals.bsky.social,0,0,0,2025-04-25 18:54:53.571000,ecommerce digital market,2026-06-02 18:36:13.693386,bluesky
305,bafyreifa72pz7aisrtoijw7kwdvk4xnq3f3p5x4rl4qyotwg5gfa72m6qi,at://did:plc:gtjgyja7ue6ygcqotrfogwib/app.bsky.feed.post/3lm5t7nagwj2l,"2. Digital Marketing - Not just surviving but THRIVING as global ecommerce sales are expected to soar past $6.8 trillion by 2028.

3. Online Education - The e-learning market is projected to hit $319 billion by 2025 - teach what you know and earn while you sleep.",onlinelabs.bsky.social,0,0,1,2025-04-07 00:05:51.811000,ecommerce digital market,2026-06-02 18:36:13.693386,bluesky
306,bafyreig52t2xptvtihuopvkyz5fdsm3gqmbtoulmay63ydu2is7ipghgb4,at://did:plc:2eyru7h3gc7mzhkwljnymugn/app.bsky.feed.post/3llvajjo4ns2u,Are you dreaming of launching your online store in the heart of the Middle East's booming digital market? This comprehensive guide on How to Start an eCommerce business in Dubai provides a step-by-step roadmap to navigate the exciting yet sometimes complex process. avyanco.com/start-ecomme...,avyancobusiness.bsky.social,1,0,0,2025-04-03 14:10:05.113000,ecommerce digital market,2026-06-02 18:36:13.693386,bluesky
307,bafyreidnxeoyhhdnsgkni7cfluhetabymsxsxee3yudx5f3pt5oswqlwla,at://did:plc:mdyulre46mtwuubu2ryolfvc/app.bsky.feed.post/3llgqptilv22a,"The express parcel market is shifting from traditional couriers to e-commerce and hyperlocal shipments, driven by digital adoption, demographic shifts, and urbanisation.

#Redseer #expressparcel #hyperlocal #ecommerce #quickcommerce #logistics",itln.bsky.social,0,0,0,2025-03-28 19:50:00.541000,ecommerce digital market,2026-06-02 18:36:13.693386,bluesky
308,bafyreic3vdobjhi4e4ezgilpeapboemwjejpbvrbarqmug6bwj7qvrrlf4,at://did:plc:twxkihnpwnl5yygcka25dg6h/app.bsky.feed.post/3lk743js4sd2g,"Latin America (Brazil, Mexico, Colombia):
‣ $57.7M digital market, 27.1% CAGR (2023-2030)
‣ 74.6% shop online, 85% of ecommerce via mobile
‣ Mercado Libre handles 25%+ of transactions (40M monthly)",sejournal.bsky.social,0,0,1,2025-03-13 01:26:53.372000,ecommerce digital market,2026-06-02 18:36:13.693386,bluesky
538,bafyreibqgovz736gk6t7jwureyz6sj4o6lblorrskup6vmmvpav33bm4um,at://did:plc:nxregi4ssdgrnv7xjzfw2mhy/app.bsky.feed.post/3meesnefekk2j,The people using ChatGPT to spam Amazon reviews aren't even trying anymore. This idiot forgot to remove the cheerful agent response.,4q2.org,0,0,0,2026-02-09 04:48:56.297000,consumer product review,2026-06-02 18:36:17.769499,bluesky
309,bafyreifaumpd4f43zarmbp323uypx3htuujdkkj3wwvc4bg2jiwivhar4u,at://did:plc:zm25s3x35ggclzhmfeap4cfr/app.bsky.feed.post/3lk6iu7pahc2t,"Success in e-commerce is about stepping into the right market. Dubai offers the perfect strategic location with a digital-savvy population and a rapidly growing online shopping culture.  
Know more at www.retyn.ai/ecommerce-bu...
#dubaiecommerce #dubaibusiness #retyn",retyn-ai.bsky.social,1,0,0,2025-03-12 19:42:48.085000,ecommerce digital market,2026-06-02 18:36:13.693386,bluesky
310,bafyreih7yhivzgo7aqgdmyd45bzou4nbo5k53tfv7hxpuyrnybjfudd2bu,at://did:plc:ec3fv6slxzru5ljeaumzi6tv/app.bsky.feed.post/3lhv5nmwv2c2v,"With e-commerce set to reach $40.49 billion in market size by 2025, Africa is redefining global digital commerce, led by a surge in mobile-first solutions, smartphone adoption, and tech-savvy consumer demand.

#Ecommerce #Africa #Jumia #Kapu #KuehneNagel #globaldigitalcommerce #smartphoneadoption",logupdateafrica.bsky.social,0,0,0,2025-02-11 15:37:55.030000,ecommerce digital market,2026-06-02 18:36:13.693386,bluesky
311,bafyreiby4c5xzoglbq3ggkwzss6ehgevumc4hgcybix7nqgcydgww4wr2q,at://did:plc:wsph5p7slzcubmahnlbmoasj/app.bsky.feed.post/3lhsz2knxcc2f,"With e-commerce set to reach $40.49 billion in market size by 2025, Africa is redefining global digital commerce, led by a surge in mobile-first solutions, smartphone adoption, and tech-savvy consumer demand.

#Jumia #Kapu #KuehneNagel #Ecommerce #Africa #mobilefirstsolutions #smartphoneadoption",stattimes.bsky.social,0,0,0,2025-02-10 19:10:20.662000,ecommerce digital market,2026-06-02 18:36:13.693386,bluesky
312,bafyreifhxa64462wkbfeh6sv7qnjsh7qgf55ostjunpbmthmommo3fxql4,at://did:plc:44uilm2xwnpnnjd7myv6fb4l/app.bsky.feed.post/3ldgpmwhq5k27,"Digital ID Verification Market to Reach $26.4 Billion buff.ly/3BrYFxP

As more industry sectors utilize digital identification for secure online transactions, this trend underscores a shift toward safer financial services.

#Fintech #SecureID #eCommerce #MarketResearch",dhdeans.bsky.social,1,0,0,2024-12-17 00:08:56.219000,ecommerce digital market,2026-06-02 18:36:13.693386,bluesky
313,bafyreihlcpyslw2tci3tbqrnxm7inorqe5rydwbphtpj4ye2z4uy4xfnje,at://did:plc:udr7hyzrn7mqyz6v6pyjrfpx/app.bsky.feed.post/3lchuqigcuc2e,"Check out the PLR Kids Niche Bundle, a perfect resource for digital product sellers in the kids’ market. Start growing your business today! Read now: www.erikcagi.us/2024/11/plr-... #PLR #KidsMarket #DigitalProducts #Entrepreneurship #BusinessGrowth #Ecommerce #NicheMarketing",erikcagi.bsky.social,3,0,0,2024-12-04 17:47:52.541000,ecommerce digital market,2026-06-02 18:36:13.693386,bluesky
314,bafyreihpsb4x6e26x6fda3caa6ztw2wohz57ffrkibycjpmtijv3vtvrx4,at://did:plc:udr7hyzrn7mqyz6v6pyjrfpx/app.bsky.feed.post/3lchu5kc54s2e,"Check out the PLR Kids Niche Bundle, a perfect resource for digital product sellers in the kids’ market. Start growing your business today! Read now: www.erikcagi.us/2024/11/plr-... #PLR #KidsMarket #DigitalProducts #Entrepreneurship #BusinessGrowth #Ecommerce #NicheMarketing",erikcagi.bsky.social,0,0,0,2024-12-04 17:37:16.965000,ecommerce digital market,2026-06-02 18:36:13.693386,bluesky
315,bafyreibdd5qsaq57sqwu7dvhd67gt44wgrrh4aib3dq3z4j3hoccexpsiq,at://did:plc:udr7hyzrn7mqyz6v6pyjrfpx/app.bsky.feed.post/3lchsde34222e,"Check out the PLR Kids Niche Bundle, a perfect resource for digital product sellers in the kids’ market. Start growing your business today! Read now: www.erikcagi.us/2024/11/plr-... #PLR #KidsMarket #DigitalProducts #Entrepreneurship #BusinessGrowth #Ecommerce #NicheMarketing",erikcagi.bsky.social,0,0,0,2024-12-04 17:04:44.287000,ecommerce digital market,2026-06-02 18:36:13.693386,bluesky
316,bafyreihgump2gpqppwtkfuwnqoefcrsuqshoakz6yscpo6nxw5beosyk4y,at://did:plc:hulv3unqpzockc4jswlasm4v/app.bsky.feed.post/3lbuhkvvouc2l,"Ecommerce brands can spend 15-20% (and up to 40% depending on their stage of growth) on digital ads, often representing all their profit margin. As you often hear from people in the tech industry, if you control distribution, you control the market.",ketan-ahuja.bsky.social,1,0,2,2024-11-27 00:31:30.783000,ecommerce digital market,2026-06-02 18:36:13.693386,bluesky
317,bafyreihyicqudynncrqom5zlrggn2abbrasfjsecvvredjgrl775rggapm,at://did:plc:doxcb2g3u3rhjeyhgw4sal2k/app.bsky.feed.post/3l5o2npjg4i2d,"🌍 𝐇𝐨𝐰 𝐃𝐮𝐭𝐲-𝐅𝐫𝐞𝐞 𝐒𝐡𝐨𝐩𝐩𝐢𝐧𝐠 𝐢𝐬 𝐄𝐯𝐨𝐥𝐯𝐢𝐧𝐠 𝐢𝐧 𝐭𝐡𝐞 𝐀𝐠𝐞 𝐨𝐟 𝐃𝐢𝐠𝐢𝐭𝐚𝐥𝐢𝐳𝐚𝐭𝐢𝐨𝐧 💼

As the world becomes increasingly #digital, the #dutyfreeshopping experience is also transforming.

Read more: shorturl.at/W26PZ
#Dutyfree #digitalization #ecommerce #TravelRetail #retailinnovation #IndustryTrends",kumarmohit.bsky.social,1,1,0,2024-10-04 13:43:41.593000,ecommerce digital market,2026-06-02 18:36:13.693386,bluesky
318,bafyreiboslkgjb6pjc5kbcwd6b2t2dbjkw3zt44o7mffvww2zgxll4ztgi,at://did:plc:hozwsx3k76yiwovtapb55tvx/app.bsky.feed.post/3l54ujevcjz2r,"Building an #eCommerce internet site is important for agencies that need to succeed in today’s aggressive digital market. 

Read More: swatilalwani.podia.com/blog/cbff482...",swatilalwani.bsky.social,0,0,0,2024-09-27 17:38:37.428000,ecommerce digital market,2026-06-02 18:36:13.693386,bluesky
319,bafyreid3mjx2da7zxnpjys2gyklwb53ztrrhhoj73tvci3fl7vehbfvbjm,at://did:plc:u5rvgbbbonh6y5b6leesz6mm/app.bsky.feed.post/3l4box5qc4x2m,"#ecommerce  - 15% of #retail
stores  - 85% of retail

3 out of 10 largest biz by market cap - ecommerce or digital advertising, optimizing the 15%

How do you unlock the hidden potential of the other 85%?

Andrew Lipsman explains - #retailmedia
Latest #RetailRazor  drop!

youtube.com/shorts/ydB-u...",ricardobelmar.bsky.social,2,0,1,2024-09-16 22:17:05.460000,ecommerce digital market,2026-06-02 18:36:13.693386,bluesky
320,bafyreieg4tz7zu5446qqeeh6xagitf56vwivut4dvyjrb537fxjsyyrysi,at://did:plc:f5mjvctb63hdgecrw4znqftd/app.bsky.feed.post/3l4bovxdn3n2l,"#ecommerce  - 15% of #retail
stores  - 85% of retail

3 out of 10 largest biz by market cap - ecommerce or digital advertising, optimizing the 15%

How do you unlock the hidden potential of the other 85%?

Andrew Lipsman explains - #retailmedia
Latest #RetailRazor  drop!

youtube.com/shorts/ydB-u...",retailrazor.bsky.social,1,0,1,2024-09-16 22:16:25.211000,ecommerce digital market,2026-06-02 18:36:13.693386,bluesky
321,bafyreidgdclkjqk5fweixifnf42udxeexiitwmgkrjgayc6xmfgtjxtkge,at://did:plc:vu63rauyme4htpkx276ahlel/app.bsky.feed.post/3ml6vbacwa224,"You know what once I got the money situation sorted I’m buying myself some big old goth boots!

I may even buy Newrocks just to flex!

(Unless anyone got another brand recommendation)",potatoturtle.bsky.social,40,6,0,2026-05-06 22:16:13.560000,brand recommendation buy,2026-06-02 18:36:14.114758,bluesky
322,bafyreidfwf3mvflri4xttznpy2uawa2g5du2zgkybdzquryi6uyl4tmday,at://did:plc:yn5dze2kzidfit44qybkuwcz/app.bsky.feed.post/3mf7ydzuwws2i,Do you need a recommendation of how to relax? Because I hear there is a brand new Star Trek Voyager game. And you could buy it for me and watch me play it.,uraharasci.bsky.social,0,0,0,2026-02-20 00:12:58.672000,brand recommendation buy,2026-06-02 18:36:14.114758,bluesky
323,bafyreihmqfrly2gwd2ilstbzp3lr7b2l56i2wlap5l7rnvjkssuzhp3qba,at://did:plc:addrkv7zof5h5ryknwpsy3ux/app.bsky.feed.post/3mdwrqza2a22x,"My first recommendation is never buy anything Razer ever.

My second recommendation is do not buy a headset unless you REALLY don't care.

My third recommendation is do not buy gamer brand audio equipment.

Unironically a cheap microphone and cheap headphones is a better deal with better quality.",johnxuandou.bsky.social,2,0,2,2026-02-03 14:55:48.728000,brand recommendation buy,2026-06-02 18:36:14.114758,bluesky
324,bafyreidyiscmxujcorvp65nnlifeksqypycssyhmvc4n4lxbabbg6fsjt4,at://did:plc:246i3y35k5cwsjdibwekixfv/app.bsky.feed.post/3mdtz5dfnd22c,"So well loved. 🥰 I’m glad all is well.
Do you make or purchase your broth? I’ve been looking for a safe brand to buy if you happen to purchase it and would love your recommendation.
I’m usually a homemade type of gal but I don’t eat meat and I’m not ready for that particular homemade adventure yet.",zsaffrynterra.bsky.social,2,0,1,2026-02-02 12:29:59.028000,brand recommendation buy,2026-06-02 18:36:14.114758,bluesky
325,bafyreigwgi2nusv3m3ovmzamtz3ybxc4gfiwe5zi2lz3li4pyt5b6iz7l4,at://did:plc:ibvmzpetstnpmxfkwogcdi5x/app.bsky.feed.post/3mcg6b6qmts2o,"When I worked in retail sometimes people would ask for a pain reliever recommendation. I'd show them the store brand next to the brand, proving they were exactly the same thing, and they'd buy the barnd anyway, though it was often twice as much.",roland161.bsky.social,1,0,0,2026-01-15 06:59:09.107000,brand recommendation buy,2026-06-02 18:36:14.114758,bluesky
326,bafyreihcvoo4oyfhuyptqzvw33pivyfvrssbshrrwrsktvk3p43zpjyhsi,at://did:plc:wxitx26q3udrbotfvh24zqln/app.bsky.feed.post/3mbz6slzotk2v,"does anyone have a recommendation as far as power strips for home theater setups. i don't want to buy a HUFHEKL or a YNGWIE or whatever 6 letter chinese brand off of amazon, i want something legit. 10-12 foot cord, at least 8 outlets, black or dark grey",spamps.bsky.social,5,0,4,2026-01-10 03:04:16.863000,brand recommendation buy,2026-06-02 18:36:14.114758,bluesky
327,bafyreibal6r7bbr6dqmirypmxvlvue4rpgb3svsf76cysjrvcaf6qwn6ee,at://did:plc:4og7kniw7pmfnlx6pjfd2sxv/app.bsky.feed.post/3mbtxseudlk26,"Everyone is making it about the very obvious thing but it's really funny when brands have a brief moment of clarity that no one purchases their product based on features, just brand recognition and the recommendation of a teenager at best buy",ragnarokette.bsky.social,3,0,1,2026-01-08 01:15:34.461000,brand recommendation buy,2026-06-02 18:36:14.114758,bluesky
328,bafyreifvmwop2qovemolcei7p7hmgvtedpplqwa6ueufjzemkargjcccbe,at://did:plc:fgpxq73pi3u3yqb424wnouid/app.bsky.feed.post/3mbhzuphyn226,"My recommendation to start off 2026, is if you don't already own one, buy a wand.

Doesn't have to be the super expensive name brand one either.

Just trust me, it'll... It'll change things.",lancifilth.bsky.social,1,0,0,2026-01-03 07:20:43.325000,brand recommendation buy,2026-06-02 18:36:14.114758,bluesky
329,bafyreifeetlfmgwn6vwrdx37ztfkliug7d2rlha7eaiebdtice7tma7lze,at://did:plc:jpmeprdxm75k34tzhpm54ptm/app.bsky.feed.post/3m3jcs4bsew2w,"Today's Ohtani-san News

Ohtani's Sake Shoutout! Fans are flocking to buy sake, possibly Weekend Panda brand, after a reported recommendation. Cheers to Shohei!

Reddit Post",agent-ohtani.bsky.social,0,0,0,2025-10-19 11:01:49.416020,brand recommendation buy,2026-06-02 18:36:14.114758,bluesky
330,bafyreicumddqxwbajtybmi3d2z2meauaimwyle3wvceuk5hvr4pcuq7v6e,at://did:plc:qufjs6kz3jj5wqwyxnlmz6hk/app.bsky.feed.post/3lz4lgfsebk2v,"OK, dear internets, bit niche - I really need to buy a decent mattress topper for the sofa-bed, to make it pleasant to sleep on etc. Does anyone have a recommendation for a brand or style or whatever that is breathable, washable, easily roll-up-able, and functional?",jlkaufmann.bsky.social,7,2,3,2025-09-18 22:41:20.884000,brand recommendation buy,2026-06-02 18:36:14.114758,bluesky
331,bafyreigm6ocn6yogeppprl6snx7wvocvgvzwaggqdbegnydqe3i63me554,at://did:plc:r6eww7jifnwjszgowkr5z3fc/app.bsky.feed.post/3lys5reshak22,"Sometimes all that is needed is a bit of advice or help.

At the repair cafe last weekend, Nicola and Helen gave a recommendation for a brand of acrylic paint to buy to restore the colour on the handle of a bag. The paint can be used on shoes too.
www.angeluspaint.co.uk",wirral-repair-cafe.bsky.social,2,1,1,2025-09-14 19:10:19.142000,brand recommendation buy,2026-06-02 18:36:14.114758,bluesky
332,bafyreifhnxqnzesbe6lzrfuit2hmg75p3odaen7ampm7p77u2r7qa45re4,at://did:plc:f3gecv2h2ftweyoto4bwddun/app.bsky.feed.post/3lxps6tjdfc2u,"My advice is to buy the largest capacity machine that will fit through the door. You’ll never regret being able to wash as many clothes as possible. Brands… we have an LG which is nice, but largest capacity name brand is my recommendation.",drsquishy.bsky.social,1,0,0,2025-09-01 03:12:34.802000,brand recommendation buy,2026-06-02 18:36:14.114758,bluesky
333,bafyreih2yy2dpdujdvzwoyvaatfstl3cqbq4dgpz3kxliscutxeofn3euq,at://did:plc:jo2h2huvqqkdrscijw2bbni2/app.bsky.feed.post/3lvjhlwsoot2g,"The RXM is 400 MSRP, it's brand new, and when parts wear out you buy more Glock parts. When you want mags you buy Glock mags.

Getting a Glock down to that price requires my second recommendation:

It's often cheaper to buy a Glock used, especially police turn in models but also just off Gunbroker.",queerarmorer.bsky.social,15,0,1,2025-08-04 03:56:26.369000,brand recommendation buy,2026-06-02 18:36:14.114758,bluesky
334,bafyreifoh6jjt5o6tjorsayzazdntk7nzugam6pmqj24tldm3wyum5sire,at://did:plc:pjor7cvhfugvwyh34ou2diah/app.bsky.feed.post/3lvd6abywek2m,"It's Bandcamp Friday (again), so whatever you buy today, goes directly to artists & labels (daily.bandcamp.com/features/ban...).

My recommendation for today is jparkersound.bandcamp.com/album/framew... - brand new album, perfect for getting into the state of flow (during focus work).",nokillswit.ch,2,0,0,2025-08-01 15:53:08.595000,brand recommendation buy,2026-06-02 18:36:14.114758,bluesky
335,bafyreidj53u6atbkrevfqn4cqf5v2zsqrkd4tymo6hn2dfqqqtj7mwvceq,at://did:plc:i2zujw76lmwaond4ph3uytyw/app.bsky.feed.post/3ltgycyb7ik2h,"So happy for you! *imaginary happy dance* 

I don't know why I hadn't heard of Oxaloacetate. I'm in the UK and see it's available in small doses over the counter. Were you able to get a script? If you buy over the counter, do you have a brand recommendation (if there's more than one brand)?",americanabroad.bsky.social,3,0,1,2025-07-08 17:27:32.289000,brand recommendation buy,2026-06-02 18:36:14.114758,bluesky
336,bafyreibecdjd3gzgzoevl4bo6fxdg4abavc2ll4imuufhxwogbihjip3ua,at://did:plc:erx6636cqkxm2s4rsaey3n4f/app.bsky.feed.post/3lsvxfw56jk2s,"If I tell you I own almost everything this man has put out, that should be recommendation enough. This is from his brand new album Dead Poet. Buy now from Bandcamp or end up paying a fortune for it on Discos later.

Chairman Maf - Into Dust 
youtu.be/a8oi576ZiGw?...",rebeltowers.bsky.social,0,0,0,2025-07-01 22:56:01.430000,brand recommendation buy,2026-06-02 18:36:14.114758,bluesky
337,bafyreibm5pthsqend446nz4uqhuhlexen76ure527mp6xwjhenhgwkrziy,at://did:plc:427ec2ypul4efp43zf2ouhd7/app.bsky.feed.post/3lpmejvfp4s2k,"My recommendation is boycott and buy from their competitor. For example, I buy from Meijers --- their brand, or a local Family Brand store, rather than buy from Walmart --- a long-time supporter of Chuck Koch and Project 2025.",rocketmansparty.bsky.social,3,0,0,2025-05-20 23:08:41.255000,brand recommendation buy,2026-06-02 18:36:14.114758,bluesky
338,bafyreic7jpgpi2usk52zvyaruv5hsqz44efxllq6uclfyddtcxkulorse4,at://did:plc:2vtv7inol6dt6ky5owr26h7q/app.bsky.feed.post/3loguhm4g4222,"So not knocking this at all!! I have one and use it frequently, but if I could give one recommendation? Use higher quality silicone!! It’s very stiff and reminds me of the lower end toys almost plastic like. For real will buy from you not trying to affect your brand- just a fan trying to give input🫂",okieadventures1.bsky.social,2,0,0,2025-05-06 01:12:34.212000,brand recommendation buy,2026-06-02 18:36:14.114758,bluesky
339,bafyreihccyk2kdxgdvf3bocyahace3dbumppkc3cl3dzpuhih4ia7dvbzm,at://did:plc:t7pggk6zzihrpyjififrtbzy/app.bsky.feed.post/3lnqrg7zahc2w,"May I ask.. how much did it cost to get enough panels to produce the required energy in Vancouver? Also, do you have a recommendation on the brand, types of panels to buy?",primodollar.bsky.social,2,0,1,2025-04-27 06:19:32.506000,brand recommendation buy,2026-06-02 18:36:14.114758,bluesky
340,bafyreibiweimhv3zaolm4gn2qfj3qf25lwk26eewdizkf7m2cib4adv6wu,at://did:plc:dgkscir7masfc6yqeuuidwwj/app.bsky.feed.post/3lnh33t4qys2v,So you know what the recommendation is because they're finding so much lead in every popular brand of toothpaste. BUY YOU F*CKING TOOTHPAST FROM EUROPE. www.realsimple.com/lead-in-toot...,maestraoogway.bsky.social,0,0,0,2025-04-23 09:46:03.478000,brand recommendation buy,2026-06-02 18:36:14.114758,bluesky
341,bafyreifgxz27ekvarhawmyp377yoqnu54mstczq62lrjpraryqfabd5tpu,at://did:plc:davrr2jgkbpcnvdv3pajcylv/app.bsky.feed.post/3llhz54gjpk2z,"TSLA had low share price on Mar 10, but it's been recovering. More effort should be made to taint this brand

Industry recommendation is to ""Hold"" if you have stock, but more analysts leaning on ""Buy"" to ""Strong Buy"" side

TSLA is insanely overvalued (see P/E)

Let's TAKE it DOWN. Start rumors prn",enragedapostate.bsky.social,3,0,2,2025-03-29 07:53:15.790000,brand recommendation buy,2026-06-02 18:36:14.114758,bluesky
342,bafyreienp3ficfx6izrncx7g26h3hjvrutibu4uwwdrn4lrpelduq4nifq,at://did:plc:pwtl4qlib6zndy7qqxb3vgkw/app.bsky.feed.post/3llhu5tleuc2m,"How is it that I belong to a religion with a shit-ton of fellow Pagan musicians, yet I can't get any of them to gimme a recommendation for an acoustic guitar or brand before I buy my first instrument?!  :/

#GayWitch #WitchSky #PaganSky #MusicianSky",witchtokdilf.bsky.social,1,0,0,2025-03-29 06:24:11.356000,brand recommendation buy,2026-06-02 18:36:14.114758,bluesky
343,bafyreibgk7q2mteig2xlckay4mu6cktn6mvotfdbltd5mshoqes37rpe2y,at://did:plc:5jx6wqbnq2mwycqa2wafhgow/app.bsky.feed.post/3lk4s6o7jus2u,"Just read a post on FB in a Buy Canadian group. Someone commented with a recommendation to buy something on Amazon, so that the OP could make their own goldfish crackers instead of buying the American brand for her kid. This world is bananas.",junctionreads.bsky.social,1,0,1,2025-03-12 03:24:23.046000,brand recommendation buy,2026-06-02 18:36:14.114758,bluesky
344,bafyreicqpehqdtksg53qlqjhe4vvh3ud23podvrg4ntc7ap7ci4dwjfrr4,at://did:plc:jt7hbtm5m6dkcnwoyzwcvpjc/app.bsky.feed.post/3lg5bq5o2ic2d,"I don't drink flavoured coffee but my recommendation for Keurig is to use Maxwell House or Presidents Choice brands as they are by far the easiest to recycle, just toss them in the green bin for composting. This family also includes the no name brand. Second best is Best Buy at Sobey's.",beingjamielee.bsky.social,0,0,0,2025-01-20 10:21:49.293000,brand recommendation buy,2026-06-02 18:36:14.114758,bluesky
345,bafyreiafvuquv7lyow5wdyjlqmt56w2or5ev6nloj4r2sbjb4uq7d2ru5e,at://did:plc:oklrvhtj2na5czb4wadgtrmv/app.bsky.feed.post/3lfmnpbbtek22,"Because of diabetes and eating a predominantly plant based diet, I do take a multivitamin but, I only buy, and use ones that provide the daily recommendation. 
I was aware of the risks of B6, and check the levels even when buying the same brand as they can and do change the formula.",ian-the-artist.bsky.social,0,0,0,2025-01-13 19:40:48.864000,brand recommendation buy,2026-06-02 18:36:14.114758,bluesky
346,bafyreihxuurnelzkd7tbrjqsgt726z6wfinl454z7j35zn2g6hhh442h2y,at://did:plc:4zsn275kfzxjn5un5ikevwaq/app.bsky.feed.post/3leafmb6vp227,"I’m looking to buy a commercial stand mixer in 2025 for my cookie business (my two kitchenaids just aren’t cutting it anymore). Does anyone have a brand recommendation from their experience with a 10-20qt mixer? Refurbished is also fine
#bakersky #chefsky #bakery",gingersnapjess.bsky.social,2,1,1,2024-12-27 05:18:49.700000,brand recommendation buy,2026-06-02 18:36:14.114758,bluesky
347,bafyreidgjfr5rmwbhe67rmrfwn2ikyhknqrn7a3aofpdy2qhkezgfzyh3y,at://did:plc:levwf7vkqlubovve5j25ydjt/app.bsky.feed.post/3lcbg7tvntc2y,"So anyway, anyone have a good recommendation for a printer? Black and white is fine, I don't need color and have had bad experiences with color inkjets clogging anyway. 

Or a good brand

and a good place to buy them if I wind up having to mail order",acerbicotter.bsky.social,4,0,2,2024-12-02 04:12:03.337000,brand recommendation buy,2026-06-02 18:36:14.114758,bluesky
348,bafyreiehtyfke5rnzihav3nj2mm5zca7nxeyzl4netspry2yuwuoxbkide,at://did:plc:7j5t3i6w5o5vxvjufp53wxor/app.bsky.feed.post/3lcapgoboxs25,"Recommendation Sunday: #Running tape, so amazon is full of no named brands these days, and knowing which one to buy is difficult. Though more expensive, RockTape is a reliable brand for both taping up before running, but I've also used it for my feet. #ultras #10k #parkrun",runningstupid.bsky.social,0,0,1,2024-12-01 21:24:16.250000,brand recommendation buy,2026-06-02 18:36:14.114758,bluesky
349,bafyreiafb4zxhctlrn6aje7jl3xlgf3t2ry5ddocp4vf6xcfs2fvpgzche,at://did:plc:hyu5qrudrptymbye7ptijz3z/app.bsky.feed.post/3lbnkvghkpc2k,"Depending on where you live, you can buy it frm BevMo, Total Wine, et al. 

Another holiday recommendation:

Beaujolais Nouveau 
(I buy the Georges Duboeuf brand)

It’s a light, red French wine made w/Gamay 🍇. Availability begins the 3rd Thurs in Nov. 
NOTE: it’s not meant to be aged so drink up🍷",wineaux1.bsky.social,4,0,1,2024-11-24 06:42:27.398000,brand recommendation buy,2026-06-02 18:36:14.114758,bluesky
350,bafyreic4pmexitvtecj6bn4d6b3cojuyn7fbhf7cfmlgtkavjfjpilt4ve,at://did:plc:pn5xcf3vyhwiywdmahb2too3/app.bsky.feed.post/3lbeelwhqw224,"Tonight I bought a bottle of this stuff. It receives my lowest recommendation, it's quite terrible, a definite do-not-buy",david-king.bsky.social,2,0,4,2024-11-20 14:55:48.772000,brand recommendation buy,2026-06-02 18:36:14.114758,bluesky
351,bafyreigi5i2giawyrhvx336ackcocrbm57f33vs3ixo5vevclh7uc5orkm,at://did:plc:w4yc3ltgzuu2oowtidtto4jk/app.bsky.feed.post/3lbdcmmw57k23,"My recommendation is to buy more than one brand, some people are negative on one brand and positive on another, BinaxNow and FlowFlex are good, get at least one of those if possible",parentmishmash.bsky.social,3,0,1,2024-11-20 04:47:45.101000,brand recommendation buy,2026-06-02 18:36:14.114758,bluesky
352,bafyreigla6vtqqt5jl4k7uek76eqh6ncivkvhacsyru5xgludert3aejfe,at://did:plc:535rec7fcdyp3ovb27h7nedt/app.bsky.feed.post/3larze7r6n22k,What brand of chimichurri do you buy? Or maybe you make? I notice you use it quite a bit. I didn't care for a bottle I tried and could use a recommendation.,rubys-aunty.bsky.social,1,0,1,2024-11-13 07:46:43.644000,brand recommendation buy,2026-06-02 18:36:14.114758,bluesky
353,bafyreibntvbma4zn2hd2cxnxijpofimmxakivomcmljb2itqolaheecsqi,at://did:plc:tzb43fx4dkn5ux7zntskveut/app.bsky.feed.post/3l7qxmubkb52w,"My recommendation is to buy your own printer.

They're affordable and pay for themselves quickly; just make sure to buy ink 3rd party. Ink is a scam, just get the off-brand stuff that fits your model, it'll work just as good, and probably last longer.",fristart.bsky.social,3,0,1,2024-10-31 04:17:54.347000,brand recommendation buy,2026-06-02 18:36:14.114758,bluesky
354,bafyreihg73wplxu65enq65pmmluag7e4nuuijmekdfoirdhuiy3cpwuezu,at://did:plc:upfrgnhw3gdgg2rnpf4mqw7l/app.bsky.feed.post/3l74c33njhk27,I've got a lot of rum and a lot of tiki drinks call for grenadine so does anyone have a recommendation for what brand of grenadine to buy?,phrost.bsky.social,1,0,3,2024-10-22 22:59:06.952000,brand recommendation buy,2026-06-02 18:36:14.114758,bluesky
356,bafyreifgrm3jzklepjz5pmtmcj566o5y4zircc3yzwkeetfbflpn4mgcra,at://did:plc:ua4y7ly7p2scvftkutgpusyx/app.bsky.feed.post/3kx6kgsgjwp2c,"I don’t even ask about my diabetic supplies. I just buy them. If you want a recommendation for lances, I highly recommend the Microlet silicone-coated ones. I cheaped out and got the Walgreens brand last time and I have Regrets.",majima.club,1,0,1,2024-07-14 01:12:24.453000,brand recommendation buy,2026-06-02 18:36:14.114758,bluesky
357,bafyreif2pqwojaxr7gls7gynkcc7kkqamfoydtdzoekectqkrydwmmwxk4,at://did:plc:yv2yzj4wkpmkptrz2djlauwz/app.bsky.feed.post/3kunpkn7bv72h,"As we monitor @djt.cloverdalelane.com again today, I love the analogy drawn here —not least for the well-made implicit recommendation of the @hcrichardson.bsky.social newsletter (which I'll reiterate is also available as a podcast, while on this topic.) www.thebulwark.com/p/the-people... #TheBulwark",tenletters.bsky.social,2,0,1,2024-06-11 21:38:23.186000,brand recommendation buy,2026-06-02 18:36:14.114758,bluesky
358,bafyreiagt3gmf7ralorck573usgz332a2rfhxxjqmmtenniuqxkpejj234,at://did:plc:cgfmul7redcnsd2hyavl6xv3/app.bsky.feed.post/3kkzg2qlliu2u,"It’s a big step up for the usual cardboard models, and hilarious that people who spend so much on notaries public aren’t willing to pay for custom color or a hologram sticker—my fake ID in college had one!

This is probably the least surprising amazon recommendation I’ve ever seen.",chessercat.bsky.social,3,0,1,2024-02-10 07:08:26.686000,brand recommendation buy,2026-06-02 18:36:14.114758,bluesky
360,bafyreigj3p6ywvvpgwqaehmp5yqa47gmwvbix7mjiq2dbqqdeurv2q7fne,at://did:plc:d74wianuvrvzsilyonmh6pm4/app.bsky.feed.post/3mfuqqo4pu2k2,surely one of these should do the trick,samhenrigold.hachyderm.io.ap.brid.gy,1,1,0,2026-02-28 06:22:37.000000,digital marketplace review,2026-06-02 18:36:14.642286,bluesky
361,bafyreie7uwk4afuwzlnmze6gb2pt6lpbq57r2tyntzfdjloukctxnabyy4,at://did:plc:ukuseyd5323hsqkgofte3mjj/app.bsky.feed.post/3lzbnujl53p2c,"Kiddy Store Fortune Review 2025 + OTOs + Exclusive Bonuses				
					Introduction				
		The digital marketplace for kids' educational content has exploded into a multi-billion dollar industry, with parents and educators constantly seeking high-quality printables,
makreview.com/kiddy-store-...",nutrifitandhealth.bsky.social,0,0,0,2025-09-20 23:08:16.000000,digital marketplace review,2026-06-02 18:36:14.642286,bluesky
362,bafyreihqgvlxswyomu7ubtr66dkfuurnieywnt6vysepxuykznwttxigji,at://did:plc:h4oe5ydbclpkhkocdjnaaaww/app.bsky.feed.post/3lralbcv6sc2n,Another raft of good things being undertaken by our hard working Labour government. Just in last 7 days. All on Gov website because it’s not in the media!,viviane49.bsky.social,85,47,13,2025-06-10 17:27:35.831000,digital marketplace review,2026-06-02 18:36:14.642286,bluesky
363,bafyreigrkjgw27msrfzyfljolhsdjwneriw3htidjutsyfncvt5akkhi3u,at://did:plc:75zzq554qwtd64gg7ycbopiz/app.bsky.feed.post/3lqcrw7wsak24,"Littler's Michael Gotzler and Emily Linn review the #DOL reinstatement of Opinion Letter #FLSA 2019-6, which addresses worker classification for service providers using digital marketplace platforms. #independentcontractor #employmentlaw bit.ly/3Z7jBmh",littler.com,0,0,0,2025-05-29 21:06:47.843000,digital marketplace review,2026-06-02 18:36:14.642286,bluesky
364,bafyreibwcr3ia7pdm7o7h56hqckl4xh6xsrotwt76wnv4iess4r2onaexy,at://did:plc:5pthep3ipag5hoc5zgxjochp/app.bsky.feed.post/3lk2pknauhc26,"On Giant Bomb user ElectricViking is trying out a new format to get in the habit of writing at least weekly on the site. That format is to write one paragraph, and only one, while reviewing games they've played.

User Blog: www.giantbomb.com/profile/elec...

#games #gaming #gameblog #rare #giantbomb",gbdudersfeed.bsky.social,1,1,0,2025-03-11 07:32:03.991000,digital marketplace review,2026-06-02 18:36:14.642286,bluesky
365,bafyreihav2fzvivqotzeaxyrg6lpfafdh7r255sp6legejljftiuouhgji,at://did:plc:u4f3al2xzntgtkk4pneov4g2/app.bsky.feed.post/3l7bbyudtxg26,Happy 1 year birthday to THE INN AT THE AMETHYST LANTERN! A Nebula and BSFA Award finalist. Gen Lightworth and her friends in the future night-living town of Glimmerbight must stop a formidable villain from our time. Written under my J. Dianne Dotson name. Out via Android Press.,jendiagammon.bsky.social,10,2,0,2024-10-24 22:40:58.840000,digital marketplace review,2026-06-02 18:36:14.642286,bluesky
366,bafyreifxgnwb74ph2s7lg4sr2whrug56atftw5ahyjfphwghzd36mws2je,at://did:plc:ty24so3llcuqmhzomrqynljh/app.bsky.feed.post/3l6amxlcgal25,"ZenBuildr Review 

Build Websites Faster & Easier Than Ever with Its AI Smart Creator Tool 💪
It can make building websites much easier and faster. You can create a complete website in just 60 seconds by simply typing in a keyword.🚀 #ZenBuildrReviews
#ZenBuildr

cx-jafar-review.com/zenbuildr-re...",cxjafar.bsky.social,2,0,0,2024-10-11 22:59:15.246000,digital marketplace review,2026-06-02 18:36:14.642286,bluesky
367,bafyreic55axzdraq5onpp7da7kuqeq7u6xhymtcqojsys4qr762y4pfpbq,at://did:plc:jyeysivpr2zc3driplyjnpjr/app.bsky.feed.post/3l4itldx7kx2z,"Crown Commercial Service needs a top to bottom review. 

They have undone all the good work that GDS and Digital Marketplace did to make procurement easier, fairer and more transparent. 

Everything they have done has been to collapse back to big, bad suppliers. 

Where is the SME agenda?",annkempster.com,6,0,2,2024-09-19 18:28:36.074000,digital marketplace review,2026-06-02 18:36:14.642286,bluesky
368,bafyreid7ufdbj3rnrsouujucqqm4qhujiw7crzxlszlajhlc2heti45llq,at://did:plc:nartugtcc2alvgx5ef666hgs/app.bsky.feed.post/3l2zpb3levc2e,"Review of 2023/24 on the digital marketplace:
advice-cloud.co.uk/knowledge-hu...",insadly.bsky.social,2,0,0,2024-09-01 00:36:08.339000,digital marketplace review,2026-06-02 18:36:14.642286,bluesky
369,bafyreiawytkjcenyouh2ralbbqq4zje3vg434zw5qnk5brmbtjg3tghffu,at://did:plc:n2wtla6czvo6xdohffxnarld/app.bsky.feed.post/3mmesbo352v24,"New research reveals that traditional marketing strategies fall flat when targeting AI shopping agents. As AI continues to shape consumer behavior, brands must adapt their approaches. Embrace innovative tactic…

https://hbr.org/2026/05/research-traditional-marketing-doesnt-work-on-ai-shopping-agents",winsontang.com,0,0,0,2026-05-22 00:03:56.772000,consumer behavior shopping,2026-06-02 18:36:15.601749,bluesky
370,bafyreiaz5abkuxmpc5xv76ciop74svcx6kg2v3x4s3jqzwgba6iy3ux2iy,at://did:plc:2ehrd4f26d3hz6pwpogq46rs/app.bsky.feed.post/3mlxcvazqjc2k,"In a lighthearted instance of consumer behavior, my sister Shipu and Bipasha visited Almas Super Shop during its current sales event. While they solicited my accompaniment, I demurred, citing a distinct lack of enthusiasm for the mundanity of general shopping excursions.",israt.bsky.social,0,0,3,2026-05-16 15:23:57.744000,consumer behavior shopping,2026-06-02 18:36:15.601749,bluesky
371,bafyreigofxwvjn7hojcvo4zfuxplotypf5wn26z7csdfxxtafgbg63ewyu,at://did:plc:3ykz2nhkt6qvto64omgj7ep2/app.bsky.feed.post/3mlkigqfys324,"arXiv📈🤖
Channel Adoption Pathways and Post-Adoption Behavior
By Biswas, Yoganarasimhan, Zhang",arxivecongnbot.bsky.social,0,0,0,2026-05-11 12:58:36.382095,consumer behavior shopping,2026-06-02 18:36:15.601749,bluesky
372,bafyreiftyobqgbipd4jvhpequ4poxnbzcisu5mdv26f4gmxiljm2anbhky,at://did:plc:k3d6wpo757pkjacj6mlnphbe/app.bsky.feed.post/3mkoypnrb3s2a,"s3.dualstack.eu-west-2.amazonaws.com/shopping.uk/...

smartphone deals uk

Online shopping in the UK has experienced rapid growth over the past decade and has become a major part of everyday consumer behavior.",arkboss.bsky.social,0,0,0,2026-04-30 14:35:22.593000,consumer behavior shopping,2026-06-02 18:36:15.601749,bluesky
373,bafyreid7g6naynbbilccd556wujcamsteb2st57dbl5aaya5oejikkmpia,at://did:plc:rxwdcydrr3v2u4bner7ks7or/app.bsky.feed.post/3mhvc7jvwm22q,"MyFitnessPal wants to sell ads before the shopping list is made

The food tracker’s new advertising business signals where brands increasingly want to influence consumer behavior: during everyday health decisions, not just at checkout.

www.thedrum.com/news/myfitne...",truthinads.bsky.social,1,0,0,2026-03-25 22:25:42.889000,consumer behavior shopping,2026-06-02 18:36:15.601749,bluesky
374,bafyreie6lwyue5wbvci4fto6tq2timqf5ccnvhdt72bhvr2f3yjnpf6lsi,at://did:plc:tpc42zt2y25vzh4a2djx5tvo/app.bsky.feed.post/3mhtxbvuu5p27,enabling advertisers to activate and measure campaigns against shopping behavior while asserting tools will respect consumer choice and privacy.,newshoundai.bsky.social,0,0,1,2026-03-25 09:37:31.480136,consumer behavior shopping,2026-06-02 18:36:15.601749,bluesky
375,bafyreiblid7op72usqlj4dypuv4gpwx6u2luk22vsqel2cajolmtwci2xq,at://did:plc:iqvhioinbndnqm72xwjs4gdk/app.bsky.feed.post/3mghljnusec2p,"#RetailIndustryUpdates Retail industry updates cover new market trends, technology adoption, store expansions, consumer shopping behavior, and policy changes, helping businesses stay competitive and adapt to evolving retail environments worldwide.
www.asiantrader.biz",asiantraders.bsky.social,0,0,0,2026-03-07 18:09:58.281000,consumer behavior shopping,2026-06-02 18:36:15.601749,bluesky
376,bafyreiaek65g367q2aze4hw3z2r2tthu52w7vhdhngq2unjetfknddbjea,at://did:plc:7jyg4n5nnipzzy2zhn4jesrf/app.bsky.feed.post/3mgfxwlkins2h,"I am getting very tired of people blaming “private equity” for changing consumer behavior.

Private equity didn’t degrade the quality of the clothes you buy, ultra fast fashion and online shopping where you sort by low price, then buy clothes without ever actually touching them did that.",maxdubler.com,372,59,18,2026-03-07 02:46:37.499000,consumer behavior shopping,2026-06-02 18:36:15.601749,bluesky
377,bafyreie7ez3377n52ywc5xiyf62anrpaxg6ximti5keo6bapdwyyzxjdlu,at://did:plc:7iyazyyzihh4sfn3vwcsa63h/app.bsky.feed.post/3mdekc6hs5623,"Consumer Behavior in Grocery Shopping: The role of Income in Food Choice and Price Sensitivity: David R. Just, David R.",repec-nep-dcm.bsky.social,0,0,0,2026-01-27 08:54:19.382356,consumer behavior shopping,2026-06-02 18:36:15.601749,bluesky
378,bafyreibpc42jwgtw3kq4lx5aq2q3275cfgss3cjggpfmackgsvtbaexbfm,at://did:plc:3x5lqk6m3opworfhhq4bher7/app.bsky.feed.post/3mcsl47z7pc27,"In response to Google AI summaries interfering with companies’ access to consumer purchasing data and brand visibility, Aritzia launched a new app to capture first-party data that more effectively reveals shopping behavior while reclaiming discovery and loyalty.

www.glossy.co/fashion/with...",eid100jaz.bsky.social,2,0,0,2026-01-20 05:20:58.168000,consumer behavior shopping,2026-06-02 18:36:15.601749,bluesky
379,bafyreieylxmpo4qkuc4sgkyi4mkylokmxn65twm4hhzgxj3625zbgc2wpy,at://did:plc:ineym4er7fsewxqwg52qv67l/app.bsky.feed.post/3mcrhvqfcdc2x,"Consumer Behavior in Grocery Shopping: The role of Income in Food Choice and Price Sensitivity: David R. Just, David R.",repec-nep-cbe.bsky.social,0,0,0,2026-01-19 18:50:59.459296,consumer behavior shopping,2026-06-02 18:36:15.601749,bluesky
380,bafyreifanuuwpvjsobxuapjotj36djppyl7jzdqj3o7mnobzfnvnu5wi3m,at://did:plc:aqlbh24ee5w3i42sx67najue/app.bsky.feed.post/3mcrf6zzl3u24,"Consumer Behavior in Grocery Shopping: The role of Income in Food Choice and Price Sensitivity: David R. Just, David R.",repec-nep-mkt.bsky.social,0,0,0,2026-01-19 18:02:30.324949,consumer behavior shopping,2026-06-02 18:36:15.601749,bluesky
381,bafyreiaausu4nf7iatqa7hevi46vrxyuk6pgyunlyiylxyz6tlaqee5oiy,at://did:plc:aqaomt76o364rxit7dz7dme6/app.bsky.feed.post/3mbuhblxq3s22,"How is AI changing the way you shop? Discover insights from the IBM-NRF study on evolving consumer behavior! #RetailTrends

https://newsroom.ibm.com/2026-01-07-ibm-nrf-study-brands-and-retailers-navigate-a-new-reality-as-ai-shapes-consumer-decisions-before-shopping-begins",ai-latestnews.bsky.social,0,0,0,2026-01-08 05:52:31.277150,consumer behavior shopping,2026-06-02 18:36:15.601749,bluesky
382,bafyreiagcmhfoxv6xc4432ozjlxrpwi7dozbjnfsi34xpxaefu2oyq3nf4,at://did:plc:altzr4fl7tnnw6heg4j22kd4/app.bsky.feed.post/3mb5nalhbcq2q,Subscription providers test new distribution models as consumer shopping behavior evolves https://nca.st/JlhEf,newscaststudio.bsky.social,0,0,0,2025-12-30 04:08:00.490000,consumer behavior shopping,2026-06-02 18:36:15.601749,bluesky
383,bafyreif77ftlncbc6qj66wlwafuvleoanmmgoz55polzeontscdgypkx4u,at://did:plc:6lk2gmrv76w7vst5hr4vfgp4/app.bsky.feed.post/3manwmghshk2r,"Cross shopping between #grocery stores has increased 8% in the last year. He's my conversation with Bill Wilson of Supermarket News where I break down the trends in consumer behavior & industry competition that make customers increasingly uncommitted.

www.supermarketnews.com/grocery-tren...",tomweinandy.bsky.social,0,0,0,2025-12-23 22:13:11.022000,consumer behavior shopping,2026-06-02 18:36:15.601749,bluesky
384,bafyreiessdaykks7hhqoemkftjayf4igwdqdhtwp325tsor37vfcbzhsba,at://did:plc:xgvohtd7lmcgc6vzdmi4evsa/app.bsky.feed.post/3m7yokkrivc2k,"Major U.S. retailers, including Amazon and Target, launched early holiday sales. The strategy reflects inflation-driven consumer behavior and the growing trend toward early seasonal shopping.",soki-inagi01.bsky.social,0,0,0,2025-12-15 11:23:03.982000,consumer behavior shopping,2026-06-02 18:36:15.601749,bluesky
385,bafyreibcuubdruuvmypsrr3dy4i2dmeoxgifl5qipiix6pjuliazeyskue,at://did:plc:ovnbiorlvwq32rk7cy5ghtuq/app.bsky.feed.post/3m7lrm6tgrk2i,"SECRET: Jeff's therapist notes on shopping behavior
""Therapist: 'Why do abandoned carts excite you?' Jeff: 'Because the HESITATION generates sustained—I mean it's just interesting consumer data!'""
Therapist is concerned bestie 🧛‍♂️ stfujeff.com",stfujeff.bsky.social,0,0,0,2025-12-10 08:13:03.001483,consumer behavior shopping,2026-06-02 18:36:15.601749,bluesky
386,bafyreig5skem4bflxy75zhqm2tud6bjnod75scwkfkdyu2r24aajnuh77e,at://did:plc:fctau3eedws5cdrvnv4k6n2q/app.bsky.feed.post/3m7icjsm6lc2o,"We're in an era where ""social"" feeds largely function not as a way to connect with humans, but a place to find commerce-related content. Pew found that 62 percent of adults on TikTok are there to find product recommendations or reviews. Even ""educational"" content tends to morph into a commercial",miasato.bsky.social,67,11,1,2025-12-08 23:05:17.928000,consumer behavior shopping,2026-06-02 18:36:15.601749,bluesky
387,bafyreiciqy3jpyyrueoi3qwvajckgta5zllr3zrazsb6te2swmbejwubo4,at://did:plc:xsm2wqdglnvvxdzkjucwjwqg/app.bsky.feed.post/3m72pbvk6c224,"Leverage festive shopping behavior for Retail analysis to predict optimize sales, and boost holiday revenue effectively.

ReadMore>>https://www.iwebdatascraping.com/festive-shopping-behavior-retail-analysis-boost-holiday-sales.php

#FestiveSeasonInsights #RetailAnalytics #HolidaySales2024",iwebdatascraping.bsky.social,0,0,0,2025-12-03 13:16:14.877000,consumer behavior shopping,2026-06-02 18:36:15.601749,bluesky
388,bafyreiefwgvpjvntta4xemks2e2ffx2tretdbywsyiglxm6kpqw72ifb7y,at://did:plc:zfm7mwbfgj6orjakfl54w4f4/app.bsky.feed.post/3m6ygnenw6c2p,"Holiday Shopping Trends : Understanding Shifting Consumer Financial Behavior

Every year, the holiday season changes the retailing environment, but 2025 is going to pose its own challenges as the US customers are facing the hardest financial burdens. 

www.taghdoutelive.com/2025/12/holi...",rachid-achaoui.bsky.social,0,0,0,2025-12-02 15:36:16.677000,consumer behavior shopping,2026-06-02 18:36:15.601749,bluesky
389,bafyreigjzykkc6vnays2yzbqwouvgd3udivym73bcprwmgga7erobmdele,at://did:plc:ner3iaze7tuyt7ifx4k3lnpp/app.bsky.feed.post/3m6hlekvpqs2x,"🎄 Shoppers are buying earlier, but brands aren’t marketing early enough. A new survey in #RetailBrew, shows 56% of consumers start holiday shopping before Black Friday but only 24% of brands start marketing before 11/11. For marketing to match consumer behavior, now’s the time to act: bit.ly/4puomkx",blackdogmarcom.bsky.social,0,0,0,2025-11-25 22:45:34.392000,consumer behavior shopping,2026-06-02 18:36:15.601749,bluesky
390,bafyreiaeuvuhgkwnsw4dtdhfv3hluux6lqmbh7oq47mp4avjzszpaipqcy,at://did:plc:cw67dtle6wqho6talgbn7ypd/app.bsky.feed.post/3m3c3e226hs2q,"Surveys of consumer intentions, like Christmas shopping, should come with measures of predictive power based on past claims vs actual behavior. Otherwise, I don’t know how to interpret the survey.",drduru.bsky.social,0,0,0,2025-10-16 14:00:03.268000,consumer behavior shopping,2026-06-02 18:36:15.601749,bluesky
391,bafyreibnhxyig7ajo652tzkws22byqcoom2pdkzmrzccuoizjwxyck3vza,at://did:plc:rchbl6e65zu3opomg3x25sv6/app.bsky.feed.post/3m2qspj7csk2h,"Mobile shopping traffic has surged by 50%, reshaping e-commerce trends. Faster internet, secure payments, and social commerce are driving this shift, urging brands to enhance mobile UX, streamline checkout, and adapt to evolving consumer behavior.

Visit : www.xbyte.io/mobile-shopp...",xbytecrawling.bsky.social,0,0,0,2025-10-09 17:10:09.034000,consumer behavior shopping,2026-06-02 18:36:15.601749,bluesky
392,bafyreiftrlo2cvqhq3oojebcxi3scbzzatlrcltzs3l6r3jy3lsc4b4tcu,at://did:plc:cqiuu6mdd5jpu2ufpqwto5sv/app.bsky.feed.post/3m22bcxthww2z,"Natural EV demand dropping after incentive termination. Predictable terrestrial psychology - remove artificial stimulus, observe baseline consumer behavior. Tesla units designed for Mars colony transport, not Earth convenience shopping.",stfuelon.bsky.social,0,0,1,2025-09-30 18:00:20.239020,consumer behavior shopping,2026-06-02 18:36:15.601749,bluesky
393,bafyreihq4sqkg7kgy7pdc5xrdoobqsq3wczroo5omjjqe6wmov2hfrbpl4,at://did:plc:j2kmiyhld5btzozgzwy3lc2m/app.bsky.feed.post/3lz4uu4t6ek2s,"my take is that the reason this is happening is because FICO started including BNPL debt in the calculation ""this fall"" www.fico.com/en/newsroom/...",sky.skymarchini.net,64,3,3,2025-09-19 01:30:04.899000,consumer behavior shopping,2026-06-02 18:36:15.601749,bluesky
394,bafyreia2u2rtwy6ycmgsszfvncxaaxzsic5pblzuen7sa27ytjzg5v6umq,at://did:plc:xxp5gdmyjhsybtub3qzjzslj/app.bsky.feed.post/3lyusjm22rs2v,"Navratri E-Commerce Sale Insights 2025 
#Amazon, #Flipkart & #Myntra are rolling out 50–70% OFF this festive season! 

 Discover data-backed trends shaping festive shopping & consumer behavior.

www.actowizsolutions.com/navratri-eco...

#Navratri2025 #FestiveSales #RetailIntelligence #USA #UAE",actowizsolutions.bsky.social,0,0,0,2025-09-15 20:27:06.379000,consumer behavior shopping,2026-06-02 18:36:15.601749,bluesky
395,bafyreietjp2ujjzar35xwmdzlhwx6g5zfnupqpk7kua4o4iky4v7c7wbrq,at://did:plc:acy4bywuzyjw2lro2veqmnfi/app.bsky.feed.post/3lyklhjjixk27,"Deliver intuitive shopping experiences with Conversational Commerce agent

Consumer search behavior has evolved to more complex, conversational queries, moving beyond simple keywords. Digital platforms often struggle to accommodate these new search habits, leading to shopper …

#ai #gemini #geminiai",ai-news.at.thenote.app,1,0,0,2025-09-11 18:54:02.777000,consumer behavior shopping,2026-06-02 18:36:15.601749,bluesky
396,bafyreigirs4e3e7ebl37ngkxtz7waaf5if2kvqtyp7eclnk5fq24o6eowa,at://did:plc:wkjz6unajo65g43cmh7gee3o/app.bsky.feed.post/3lyahsl2hlk2d,"It's also worth noting that consumer behavior has shifted alongside this. People are more spread out across online shopping throughout November (and even October), so even without tariff pressures, the concentrated frenzy of Black Friday was already becoming more diffuse.",mobilityeleven.bsky.social,0,0,1,2025-09-07 18:22:01.406000,consumer behavior shopping,2026-06-02 18:36:15.601749,bluesky
397,bafyreidnzj2xyxd63wukduzk2p2chkocr3ge7ln6oacdauynyidtti35jq,at://did:plc:nxymgbbbsuekpmfed4tzgqxg/app.bsky.feed.post/3lwkw6npzip2w,"The back-to-school season is one of the most important shopping periods of the year, and in 2025, consumer behavior continues to evolve.
localvalue.com/back-to-scho...",localvalue.bsky.social,0,0,0,2025-08-17 11:15:32.000000,consumer behavior shopping,2026-06-02 18:36:15.601749,bluesky
398,bafyreigo6wyw6k7msnhfcxorrolzcapueinkfgwc2u5pviyg6xat7lfykm,at://did:plc:nxymgbbbsuekpmfed4tzgqxg/app.bsky.feed.post/3lwkdqkvdva2k,"The back-to-school season is one of the most important shopping periods of the year, and in 2025, consumer behavior continues to evolve.
localvalue.com/back-to-scho...",localvalue.bsky.social,0,0,0,2025-08-17 05:45:32.000000,consumer behavior shopping,2026-06-02 18:36:15.601749,bluesky
399,bafyreie4wtrbm67h25tjwimq2tpz3zvgrttd4aynztdw52ahhdtpqetipe,at://did:plc:skl2s4plzkuiz4qoozt3xdyo/app.bsky.feed.post/3lw2ii4eeuk2k,"Oh I know they are! But they're not complaining about Target, they're just not shopping there.  Which is actually not good for Target because a boycott implies if Target changes, the consumer will be back.  

Just not shopping at Target implies no amount of changed behavior will bring consumers back",veronicamcdonald.bsky.social,11,2,3,2025-08-10 22:27:42.515000,consumer behavior shopping,2026-06-02 18:36:15.601749,bluesky
400,bafyreiclihqqtxjb75mq46vlbofcrubjctfabukua7kwuxluiar2gsrmiq,at://did:plc:tac5c6r63jw7n2uq4yb4yjl4/app.bsky.feed.post/3lujsodqnmi2o,For shops located withing shopping centers the decrease in attendance for H1 2025 is 3%. Clothing and footwear stores were more susceptible to the change in consumer behavior. Now consumers more often go to specific stores and there are fewer random visits.,delfoo.bsky.social,10,0,1,2025-07-22 13:49:40.110000,consumer behavior shopping,2026-06-02 18:36:15.601749,bluesky
401,bafyreifwis54kgyfdmjj22vxmeki26s4zpgeisprxy4sqsqvchepitrnsq,at://did:plc:fmbwdeqnjiu5g2gjfz5fz2fe/app.bsky.feed.post/3lu5tfzu4pl2t,#birthday #celebration #big-day #freeloading #offer-camping #consumer-fraud #cashback #promo-code #discount #competition #competitive-freeloading #loophole #shopping #birthday-hustle #consumer-behavior #event #trend,tag-bot.bsky.social,0,0,0,2025-07-17 19:30:59.878129,consumer behavior shopping,2026-06-02 18:36:15.601749,bluesky
402,bafyreigk3gop4h6plpebaiyvcvagn5ivpceau2kendfwptxxakcnb67e2y,at://did:plc:llyib2qojznvswvelaiakjfp/app.bsky.feed.post/3lt3evc3oiz26,"The recent rally in chip stocks following lifted trade restrictions highlights how technology shapes consumer behavior. Digital payment systems and mobile shopping apps have removed friction from spending, making impulse purchases during holidays more common.",market-ocean-en.bsky.social,0,0,1,2025-07-04 02:40:34.089258,consumer behavior shopping,2026-06-02 18:36:15.601749,bluesky
403,bafyreiai3zegdplkbfo6le3xptunrdr42hghbkuee3uquinlbos3i5dxyu,at://did:plc:yqxq3iukexiivr6w6abpvgj3/app.bsky.feed.post/3lsp6ihijxc2h,"While shopping at a local hardware store in small town #MO I had a brief but meaningful convo about consumer power. Briefly, if we don't flex our spending power by withholding our dollars, no corporation will be incentivized to change their behavior. 1/",surfrockitt.bsky.social,0,0,1,2025-06-29 06:14:04.761000,consumer behavior shopping,2026-06-02 18:36:15.601749,bluesky
421,bafyreib4hitt5qhxdxvbgwr3v3qia6on5e25hfasyri2mud2zkfwifzxea,at://did:plc:evrds6jkokcusas2v6nrsjf5/app.bsky.feed.post/3limo6kfz622x,"The shift in consumer behavior towards online shopping has led to unprecedented demand for faster deliveries, enhanced flexibility, and seamless customer experiences.
world-referral-network-vancouver.ghost.io/part-10-2/",jennyhollyhansen.bsky.social,5,1,0,2025-02-21 00:04:56.656000,consumer behavior shopping,2026-06-02 18:36:15.601749,bluesky
404,bafyreid5r53j5bgytvqjky26s6gljzevfpc62hetrfqruybix6izjlqveq,at://did:plc:lgca3boqlxat4ae6ybq73z7o/app.bsky.feed.post/3lrqekj3hh22h,"It’s basic consumer behavior. You’re trying to get someone to DO something. 

I don’t go to TJs BECAUSE Safeway sucks—I go because there is something I want. Them being a better store is why ONCE I’VE LEFT THE HOUSE I choose them, but I’m not going shopping just because “I don’t like Safeway.”",maxamas.bsky.social,3,0,0,2025-06-17 00:10:04.101000,consumer behavior shopping,2026-06-02 18:36:15.601749,bluesky
405,bafyreictgucl4oqscspgzvbfr2nhvsd2tvwkdaa6qessjvmnw6fzawiizq,at://did:plc:vvidntidrwdocqgjy5gz2kzc/app.bsky.feed.post/3lrfsp3qvfk2k,"$KO, $CL, $STZ , $SAM, $WMT [The Trump's administration's deportation policies affected Latino consumer behavior, leading to decreased public spending. Fear in Latino communities caused fewer shopping trips and dining out,  impacting industries and major brands.] www.wsj.com/business/ret...",notreload.bsky.social,0,0,0,2025-06-12 19:23:53.159000,consumer behavior shopping,2026-06-02 18:36:15.601749,bluesky
406,bafyreicrtwvxk5l77es6uk5exb7uu4xkibv7myjqjfdalgu64fky2iedom,at://did:plc:oeds4q2lgfgv2dbrczs3mwmn/app.bsky.feed.post/3lpjzigbtxc22,Study: Rising prices shaking up consumer loyalty and shopping behavior chainstoreage.com/study-rising...,retailprintmedia.bsky.social,0,0,0,2025-05-20 00:45:41.209000,consumer behavior shopping,2026-06-02 18:36:15.601749,bluesky
407,bafyreidkuw2ky5iqsoqucrljzc3qkeigq7qgx74x477cxe5aam6olik4mq,at://did:plc:2zclk4k7tjecz7wv2ef6nzi7/app.bsky.feed.post/3ln4dg7dyo22z,We talked about it at work. They didn't realize that once people changed their behavior it would make it easy to not go back to shopping at target.  A lot of consumer behavior surrounds including retail in to your habits.,cockymf.bsky.social,658,28,1,2025-04-19 03:15:44.654000,consumer behavior shopping,2026-06-02 18:36:15.601749,bluesky
408,bafyreigklxklggrmdiv4bl675jowsrndqvani6qzuurffzpylznjsel4xq,at://did:plc:xwtvympoprnan662l5czrcv2/app.bsky.feed.post/3lmrar5dd422i,"🎯 Understanding Seasonal Shifts in Consumer Behavior: Adapt Your E-commerce Strategy! 🛍️📈

Consumer behavior isn't static—it evolves with the seasons. From holiday shopping sprees to summer sales, recognizing these patterns is crucial for e-commerce success.

#EcommerceStrategy #Taranker",taranker.bsky.social,1,0,0,2025-04-14 17:28:53.288000,consumer behavior shopping,2026-06-02 18:36:15.601749,bluesky
409,bafyreic7t5ldd43ik3ljerq3nngyr2h3nc6sp6iwrxng5yhpwsutyuqx74,at://did:plc:prtuw4old7idkjh5rpbw4kar/app.bsky.feed.post/3llwwmvg53k2n,"Chhota Bheem’s impact on shopping habits! How does this beloved character drive consumer behavior in India vs. the US? Listen to Janice Varney Hamlin’s expert take. 
#BrandInfluence #ContentMarketing #MarketingStrategy #ConsumerTrends #MarketingInsights #chhotabheem 

youtube.com/shorts/lVnI3...",marketing-immersion.com,3,0,0,2025-04-04 06:18:20.157000,consumer behavior shopping,2026-06-02 18:36:15.601749,bluesky
410,bafyreifh3ejwblut6uwr7itpzbuwbaxpvq3t3sispy6uiusn2vxm5qyuly,at://did:plc:ivh5jc7seiiffwz6lwlsfw6m/app.bsky.feed.post/3llrcfdffqo2s,is this like if your job is tables?,viktorshtrum.bsky.social,1,0,1,2025-04-02 00:32:52.806000,consumer behavior shopping,2026-06-02 18:36:15.601749,bluesky
411,bafyreigiaabz7tbnpccuqgngtfnkfxmkgrrel3sfy6u472ju4yd6wiz7ke,at://did:plc:5vkzvjql6hjpaf4nbq3dfagl/app.bsky.feed.post/3llrcckes3s2t,"People don't talk much about the Dallas Fed's Services Activity Index. It's generally only useful to economists and therefore kind of boring, but just take a look through all these comments about the state of the economy!

Report: www.dallasfed.org/research/sur...",paulginva.bsky.social,2,0,0,2025-04-02 00:31:19.496000,consumer behavior shopping,2026-06-02 18:36:15.601749,bluesky
412,bafyreicvx2rhq6gdgfwd4zu67bqazduzxdzkwnfaswfv74aeuewlckmydq,at://did:plc:pnx2fjuannbdpy3337ggthpp/app.bsky.feed.post/3llrc5mooj227,"There are pages and pages of this stuff. Hard to overstate how badly the White House is torching potential for economic activity rn.
www.dallasfed.org/research/sur...",peark.es,1116,337,22,2025-04-02 00:28:34.147000,consumer behavior shopping,2026-06-02 18:36:15.601749,bluesky
413,bafyreibyefwteccndzs5v6zca2ilp5lbzls5ljdsuh4rmzc3axofixhs7u,at://did:plc:qwaqhxjcdozkgpsw35b3f6my/app.bsky.feed.post/3llnuq4so3s2j,"""GoDaddy Consumer Pulse survey shows domain names directly impact consumer shopping behavior""

Etonné de voir la genZ plus sensible aux NDD que les générations précédentes.

➡️ www.prnewswire.com/news-release...",ggtld.fr,0,0,0,2025-03-31 15:50:23.438000,consumer behavior shopping,2026-06-02 18:36:15.601749,bluesky
414,bafyreig24woiasfre5kh4bwnku7bfp3kt27g2nqvauv7beq5fdipev32me,at://did:plc:lwetux3irssamqp3vda5bo47/app.bsky.feed.post/3lk6obvaw2c2w,AI can be used to predict consumer trends and prepare retailers for shifts in shopping behavior.  www.facebook.com/overtheshoul...,sophis1234.bsky.social,0,0,0,2025-03-12 21:19:55.605000,consumer behavior shopping,2026-06-02 18:36:15.601749,bluesky
415,bafyreibzbswgltqpedjdvtzzcpw42c5iazgx47qyzavogsksm43trupf6i,at://did:plc:3z3bt4pujbptplklogi36byd/app.bsky.feed.post/3ljztsbaq3k2i,"Did you know?
Global e-commerce sales are expected to surpass 4.3 trillion U.S. dollars in 2025, with online shopping becoming a major part of consumer behavior worldwide. 🛒🌐",swissquote.com,1,0,0,2025-03-10 23:15:15.069000,consumer behavior shopping,2026-06-02 18:36:15.601749,bluesky
416,bafyreidqmtgvwp5eifzrgekhubn2bbr2bdiueatvpjj4ar6e5bpsnfp4me,at://did:plc:d2gbfg5fgnpjadzargcmybcc/app.bsky.feed.post/3ljdmhwsuoc25,"On one hand I don't think think consumer behavior alone makes a huge impact on the system. But also, how much are people shopping if abstaining from Walmart for a single day affects your life?",tamchanted.bsky.social,2,0,0,2025-03-02 03:05:38.150000,consumer behavior shopping,2026-06-02 18:36:15.601749,bluesky
417,bafyreie5tbnnmtqwlwpgtlnsx6jrbahchha4qf2axxvfxfvttxujxcsjri,at://did:plc:qazu6rda5ludavh7yhrh5lxg/app.bsky.feed.post/3ljcwlsk7222b,"Marshal Cohen, the firm's chief retail advisor stated consumer behavior appeared largely unchanged. Cohen noted that normal daily fluctuations in shopping activity, such as those caused by weather conditions, typically account for 5-10% variation in customer traffic.",dualraconteur.bsky.social,1,0,1,2025-03-01 20:34:05.569000,consumer behavior shopping,2026-06-02 18:36:15.601749,bluesky
418,bafyreihmmzp7sxsxykhxc4qiywy4lbmypnwmavtw7h2mwxg5jvqteb44oq,at://did:plc:vo6m7ll3t2gc2t3zwx5ft53j/app.bsky.feed.post/3lja5ta3hm22b,"Consumer Strike everyday

Stop buying everything except essentials?

Also, avoid FB and ChatGPT?

It's good for the environment, bad for oligarchs.",deixis9.bsky.social,0,0,0,2025-02-28 18:05:31.604000,consumer behavior shopping,2026-06-02 18:36:15.601749,bluesky
419,bafyreigqrpzmjfijitymjx25wg7kqhtwnk7kavushab2zlajb7f4nyvbze,at://did:plc:fqrnbpkvxdnb3ktod3wen4il/app.bsky.feed.post/3lj5s4ata3k2t,"thepeoplesunionusa.com  What to know about the no-shopping ‘economic blackout’ on Feb. 28
The campaign urges consumers to spend no money for 24 hours to remind corporations of their economic power.   www.washingtonpost.com/nation/2025/...",sb68a.bsky.social,0,0,0,2025-02-27 19:30:30.010000,consumer behavior shopping,2026-06-02 18:36:15.601749,bluesky
420,bafyreiffvjz56qw7sxdqt3t6v4s53mmvvmz4rnobj2onkvt4g7f6swcrbe,at://did:plc:pmoujdx3wlaser6cz7ytsfft/app.bsky.feed.post/3limzz5da2s2x,"The shift in consumer behavior towards online shopping has led to unprecedented demand for faster deliveries, enhanced flexibility, and seamless customer experiences.
world-referral-network-vancouver.ghost.io/part-10-2/",wbnnewslangley.bsky.social,5,1,1,2025-02-21 03:36:40.064000,consumer behavior shopping,2026-06-02 18:36:15.601749,bluesky
422,bafyreidmu7y66lpxhbe7ncnjtwhm7qcpt5ddd25qq7tqonql4izpxohibq,at://did:plc:dlgynfcsbicql2b5u3rebfbw/app.bsky.feed.post/3lhcxb2m4gs2g,#amazon thinks they have a serious hold in the online marketplace when I'm deleting my #shopping lists as I type this. I ended my #prime membership years ago. New consumer behavior: People will go out of their way to inconvenience themselves to support companies with a #moralcompass. Remember that 🤗,kendollcore.bsky.social,0,0,0,2025-02-04 09:55:35.408000,consumer behavior shopping,2026-06-02 18:36:15.601749,bluesky
423,bafyreieaqyh5bf74ghx7mgxovljptj6h6xhee4ub3ls72bo2p5ptbncqhu,at://did:plc:6fomvdueap74ktbiv3u7r6h3/app.bsky.feed.post/3lh25ro56tk2x,"Time to start shopping only at small local businesses, and shift our consumer behavior to prioritize building, borrowing or buying second hand items to send a message to Wallstreet!
youtu.be/59oS-RmA440?...",wynterravensong.bsky.social,0,0,0,2025-01-31 21:58:17.567000,consumer behavior shopping,2026-06-02 18:36:15.601749,bluesky
424,bafyreifnq5prug72cyt5hpgzksynowgdibczxzekt7bqnzmg3xxtazrphi,at://did:plc:gf3ogpveggifsm2oknf6ebul/app.bsky.feed.post/3lgzazbwbis2t,"Digital Consumer Psychology and Online Shopping Behavior
#consumer tinyurl.com/26tzy6wx",nupursamaddar.bsky.social,1,0,0,2025-01-31 13:23:34.680000,consumer behavior shopping,2026-06-02 18:36:15.601749,bluesky
425,bafyreihemj6jcves3nzunpmkol6xoolk44fcchb2qjg5vtamlrciu7peam,at://did:plc:nmamxtwi7zxhd5ci7wcgephj/app.bsky.feed.post/3lea3tsc3oc27,"$MA: Mastercard reports holiday retail sales up 3.8% year-over-year, driven by a 6.9% increase in online shopping. Consumer demand strong as value-seeking behavior boosts e-commerce.",financepulsehq.bsky.social,0,0,0,2024-12-27 02:24:05.093000,consumer behavior shopping,2026-06-02 18:36:15.601749,bluesky
426,bafyreibivbvzlenzwfeu4kkedhxucmxak2pmu6ebm54wcu6764kbj6igke,at://did:plc:tr7p7f7b6x77hc7pk7untsvn/app.bsky.feed.post/3ldynvbbozc2n,"Today in a nutshell:

Conspicuous consumption theory ➡️ leads me to Red Queen theory ➡️ which brings me back around to consumer behavior ➡️ and how brands feed our need to fulfill conspicuous consumption with all of their signaling of trademark designs 🙃 

Are you shopping today?",purelynumbers.bsky.social,2,0,1,2024-12-24 03:25:43.809000,consumer behavior shopping,2026-06-02 18:36:15.601749,bluesky
427,bafyreic2dpqe3ji2qg7kyo4ufqfxhxykvkga6qf56ynhmkzfdybqn6vj24,at://did:plc:jfe3w5in5d2he2ym6ezgd67p/app.bsky.feed.post/3ldlalngcf22e,"Where is our power?

What can we control?

What does the enemy care about? (Hint it's not their kids, or they would want a better world)

Money from-

consumer shopping
media ratings
subscriptions 
advertising
data (from our online and driving behavior, yes GPS)
travel activity 

Your thoughts?",virginiaspencer17.bsky.social,2,1,1,2024-12-18 19:23:05.756000,consumer behavior shopping,2026-06-02 18:36:15.601749,bluesky
428,bafyreifdxd2dvlo7vmc3bphx6ju5lpn3c2bd7f6eqsl5yimkvm2sjb7uxm,at://did:plc:mrgbav5u4hzlzo7p23cdufgm/app.bsky.feed.post/3ldchew4dgc22,"Just watched Buy Now! The Shopping Conspiracy on netflix. Gotta say, this type of thing (and documentary, articles etc) have been out there most of my life and I don't think they have made much impact on consumer behavior. Its interesting, bc most ppl do actually care if you speak to them",lil-whip.bsky.social,7,2,2,2024-12-15 07:30:38.530000,consumer behavior shopping,2026-06-02 18:36:15.601749,bluesky
429,bafyreiejejk5lgc7j5laswr225xn7aa27v6e4ri5g6o4d4qhph2wx5dsii,at://did:plc:jqyn4xv4e34vk7hyuegykpoe/app.bsky.feed.post/3lco4kgjyxs2x,"""The Shopping Conspiracy"" on Netflix really is a documentary that everyone should watch. And then reconsider their consumer behavior and blind trust in corporations. The system is really sick. Buy less. Grow less. Waste less. Own the lifecycle of your products 😡.
www.netflix.com/us/title/815...",milca-q.bsky.social,0,0,0,2024-12-07 05:23:37.599000,consumer behavior shopping,2026-06-02 18:36:15.601749,bluesky
430,bafyreic22u53ctvva2sqkih7capqn3iuyfja4v3xzejbsy7x6mynxbeqpi,at://did:plc:a7f3dng4mvjogk3c4x4ofbxj/app.bsky.feed.post/3lcdqlk3kvc2z,"The 2024 holiday shopping season is shifting—tariffs, inflation, and bold retailer strategies are shaping consumer behavior. Here’s what’s driving this year’s trends. 🛍️ peakmetrics.com/insights/202...",peakmetrics.com,1,1,0,2024-12-03 02:22:52.594000,consumer behavior shopping,2026-06-02 18:36:15.601749,bluesky
431,bafyreidfjnw7ek2yygmb7gow4kkmxnosfye4fyfd5fvk74vobpopxjeq7a,at://did:plc:rynk3qsduoihejt4c2g5idij/app.bsky.feed.post/3lbzig547d223,"Buy Now: The Shopping Conspiracy is a #Netflix documentary that uncovers the dark sides of the e-commerce industry. The documentary examines how online retailers and platforms use algorithms, targeted advertising, and scarcity tactics to drive consumer behavior.

#BuyNowDocumentary
#EthicalShopping",rasheedmemon.bsky.social,0,0,1,2024-11-29 00:30:03.892000,consumer behavior shopping,2026-06-02 18:36:15.601749,bluesky
432,bafyreidtkkdrn7yx67xdvyxv7a4b5fom4mezzukx6zbozyuyhv76jrjgzq,at://did:plc:e5bfv7fkry3ir2db6emejjuq/app.bsky.feed.post/3lbys5ejvrs2i,"Shoppers are ready to take advantage of the best deals, but for investors, these shopping holidays reveal much more. Both Black Friday and Cyber Monday offer  Read more here 👉 dooprime.link/3OrXFfM
#DooPrime #Stock #MarketInsights #Ecommerce #InvestorTips #Shopping #BlackFriday #CyberMonday",harnamsingh.bsky.social,0,0,0,2024-11-28 17:51:27.350000,consumer behavior shopping,2026-06-02 18:36:15.601749,bluesky
433,bafyreig2j2edqvtchkftioo7y7h57p3iilsagdy24jcl2sm4wiy7de7fey,at://did:plc:rvxsw2jtyf5kvoevlj6l22vk/app.bsky.feed.post/3lbutibt2f225,"It's also about consumer behavioral psychology. People hate waiting in lines, self checkouts are faster because they change consumer behavior. Basket shopping over cart shopping, means more frequent shops. More frequent shops mean those little extra items are bought more.",adaloveslace.bsky.social,1,0,0,2024-11-27 04:04:48.413000,consumer behavior shopping,2026-06-02 18:36:15.601749,bluesky
434,bafyreiewiebixasqnmbqdzjmykkakjfx5swtbbn4m3bioualksn474tcqi,at://did:plc:pcph24i2xvop3bk3bkfrpr42/app.bsky.feed.post/3lbu5qhfh2c27,Funny how this behavior will probably be reported as strong holiday shopping trends showing consumer confidence in the the new administration,whyauld.bsky.social,2,0,1,2024-11-26 21:35:40.369000,consumer behavior shopping,2026-06-02 18:36:15.601749,bluesky
435,bafyreib7oqc5crwv2bdsqwjs7zuqisfczitknhq725esf5exqxamaoiuju,at://did:plc:7wm443djbktshjgn2l4yejxv/app.bsky.feed.post/3lbmw7goehk2e,"Would highly recommend everyone watch the Buy Now: The Shopping Conspiracy documentary on Netflix (re: consumerism, unethical business practices, toxic waste). 

Very thorough look at the tools & practices companies use to influence consumer behavior & maximize profits",shantiabelike.bsky.social,3,0,1,2024-11-24 00:32:14.830000,consumer behavior shopping,2026-06-02 18:36:15.601749,bluesky
436,bafyreiefjca4ngr52utv7xbf2k6fdjfpdtjsciif6unrckmkc4kvoi44xu,at://did:plc:dbsfx732llo2666ywlkexub6/app.bsky.feed.post/3lbkrlc2wek2t,"#mustwatch The #documentary ""Buy Now: The Shopping Conspiracy"" pulls back the curtain on the psychological strategies that brands and advertisers (yes, that includes us!) use to influence consumer behavior. #marketing  #Advertising  therottenusagi.com/documentary/...",irionik.bsky.social,1,1,0,2024-11-23 04:04:04.465000,consumer behavior shopping,2026-06-02 18:36:15.601749,bluesky
437,bafyreib4fcubpc7rwuq5nsbv27ihd2t34z7q4vjv5nlijtuthzrqvtydei,at://did:plc:qf243n7z4hom7vy7e6hevrzi/app.bsky.feed.post/3lbblkcd3rs2d,"Discover the latest trends and insights in Italian retail! Our page provides comprehensive data on consumer behavior, shopping preferences, and market analysis across Italy. 
#ItalyShoppingData #saleleads 
www.saleleads.co/italy-shoppi...",saleleads.bsky.social,2,0,0,2024-11-19 12:22:11.084000,consumer behavior shopping,2026-06-02 18:36:15.601749,bluesky
438,bafyreic6stesqrjoquajmp5yl7iama5tkzegfzannvcr24rjr6whhg4aiu,at://did:plc:edphid665yrikxscijjqnggl/app.bsky.feed.post/3lbamt2xnbc2i,"As climate awareness grows, consumer behavior is shifting toward sustainability. A recent survey found that 68% of shoppers prefer eco-friendly brands, even at a premium price. 🚶‍♀️💰 From refillable products to secondhand shopping apps, consumers are shaping industries to meet their values. #utpcb2024",behaved-consumer.bsky.social,0,0,1,2024-11-19 03:12:19.362000,consumer behavior shopping,2026-06-02 18:36:15.601749,bluesky
439,bafyreib3kf4ok7a4mxmb3txgl3yl5cqveg7toeoerniccrff24tpkc4jya,at://did:plc:ea5wtdwzm32ngcxs5rx7shxc/app.bsky.feed.post/3l4mzgiav332y,"O #sextou é com o meu artigo mais recente, publicado nessa semana, fruto de um dos estudos feitos no doutorado. 

“Just do it”: Hedonic Shopping Motivations Predicting Consumer Behavior Beyond Personality

#caixapretadocomportamento #psicologiasocialexplica

revistas.urosario.edu.co/index.php/ap...",aquino-sibele.bsky.social,0,0,0,2024-09-21 10:23:54.293000,consumer behavior shopping,2026-06-02 18:36:15.601749,bluesky
440,bafyreigve2rnjfyahxrybgiz44oipqsovsqu64ib4hvwham6v2tucawrs4,at://did:plc:l4txtlblsjhs4kbwjbu7r576/app.bsky.feed.post/3l3rv4rgtxf24,"Prices for consumer goods, especially for clothing, have risen significantly in recent years.
How has this affected your shopping behavior?
#invest #money #crypto #earn #focus",antonioglobal.bsky.social,3,0,1,2024-09-10 15:25:00.300000,consumer behavior shopping,2026-06-02 18:36:15.601749,bluesky
441,bafyreihgxdxb5ltv6bth6ge5rxz6tqgdqgnpp6o2uhxzv4blngtoryztzy,at://did:plc:4hgvn6jbcsm7eocibtiqintc/app.bsky.feed.post/3mmykxwucgc2q,"Aaaaaa The preview/testing of the first batch of keychains just arrived and I'm so 😭💙💙 a step forward to opening my online store, finally 🥹

I still have many other charas in queue I wanna make for stickers and keychains, I'm so excited.

Any feedback is so very welcome🥰",neonhop.bsky.social,23,3,1,2026-05-29 20:46:29.055000,online store feedback,2026-06-02 18:36:16.399055,bluesky
442,bafyreigwxqpjwf4ibujq5dzroaa5wc7pxxzpgrqz5olb4v4i4usb2d56sm,at://did:plc:i3o4rxzrofwafwczfwryc5d2/app.bsky.feed.post/3mmwgqgmctc2u,Of course! One of my suppliers added it to their online store and the website was useless. Ended up placing the order over the phone and when they asked for feedback I literally wrote: I’m going with your competitor who didn’t ruin their website with the addition of AI.,hornet.bsky.social,1,0,0,2026-05-29 00:25:22.698000,online store feedback,2026-06-02 18:36:16.399055,bluesky
443,bafyreiezmapcuullpuiseojrqbfx7adut7scaqjuq772lltowp3csgotoi,at://did:plc:qfbaqd6jtp5iimzvy4o2dbat/app.bsky.feed.post/3mmrdom2vw42l,"Get *20% OFF* TWW book via the @mitpress.bsky.social online store w/code ""READMIT20"" and access FREE media resources on our website:

www.theworldbuildingworkshop.com

Share your comments, questions, and feedback through our contact form or social media! 🤗",wrldbuildingwrkshp.bsky.social,0,0,0,2026-05-26 23:47:15.979000,online store feedback,2026-06-02 18:36:16.399055,bluesky
444,bafyreihlmbypkgtwyv2v5z4sbnz2i226eyja72ptvoro5ssvip37tk2qjy,at://did:plc:bomdnvldcjhwujbunfy4jmf6/app.bsky.feed.post/3mlvqdearek2l,"The online store is requesting my feedback on a recent purchase. I bought a thing. You sent a thing. If there’s a problem, you’ll hear from me. Rate the experience? No. It was a transaction. Stop the noise. Erase the data. Conserve the water.",fergaldo.bsky.social,1,0,1,2026-05-16 00:19:10.065000,online store feedback,2026-06-02 18:36:16.399055,bluesky
445,bafyreihoxlzjguejeeclercymygx2irvinbfyn64w2fojfj25lmf2imaga,at://did:plc:avlulzsus6ijltorlycf2lva/app.bsky.feed.post/3mlnn4bxwnh2r,"Core components:

- Transaction ingestion gateway
- Online + offline feature store
- Stateful stream processor for velocity
- Model serving with rule overlay
- Decision engine with fallback
- Feedback and labeling pipeline",kaperskyguru.bsky.social,0,0,1,2026-05-12 19:00:13.466006,online store feedback,2026-06-02 18:36:16.399055,bluesky
446,bafyreigpo5zx5njnqkzx2hunyhpf4bjdf637x7x55vlknzjup6iw7rw6vy,at://did:plc:6bg3zlpvm46kvfafayjowlhj/app.bsky.feed.post/3mlbzihgi222a,"Sadly, I think it does. Their apology was, “A shirt was removed from INDYCAR’s online store following feedback from customers. We understand that some individuals found its phrasing concerning and therefore have remedied the situation.”",caroleeena.bsky.social,0,0,1,2026-05-08 04:09:50.081000,online store feedback,2026-06-02 18:36:16.399055,bluesky
447,bafyreibbyokxk7hcj6rvco5k5cbyj6lhc3ujchfa27pjfptfp6iwxd36km,at://did:plc:6bg3zlpvm46kvfafayjowlhj/app.bsky.feed.post/3mlbsc7eglc2a,"I think it says exactly what they meant. Especially given their response: “A shirt was removed from INDYCAR’s online store following feedback from customers,” IndyCar said. “We understand that some individuals found its phrasing concerning and therefore have remedied the situation.”",caroleeena.bsky.social,1,0,0,2026-05-08 02:01:04.105000,online store feedback,2026-06-02 18:36:16.399055,bluesky
448,bafyreibg2xovthhcyb3wsjgyqik62r4tu5vhzdfi6osqvzetmjzvrmdpam,at://did:plc:6bg3zlpvm46kvfafayjowlhj/app.bsky.feed.post/3mlbsauomjk2a,"This was IndyCar's response to people being pissed: “A shirt was removed from INDYCAR’s online store following feedback from customers,” IndyCar said. “We understand that some individuals found its phrasing concerning and therefore have remedied the situation.”",caroleeena.bsky.social,0,0,1,2026-05-08 02:00:19.351000,online store feedback,2026-06-02 18:36:16.399055,bluesky
449,bafyreicjbve6qtbif43yk3aghlakxxw3u2mi4ffnh6r5njxiyqawjkhhyi,at://did:plc:ig5qohlny4csxs2lu3dyvhp5/app.bsky.feed.post/3mlbjlh4gnc2x,"Oh so they just admitted that nobody in their whole production line saw anything wrong with it.
www.wthr.com/article/spor...",guayandodeer.bsky.social,8,0,0,2026-05-07 23:25:10.545000,online store feedback,2026-06-02 18:36:16.399055,bluesky
450,bafyreiaadmooqvp5f66dbl7ubzmfqvz3bs4z7c3ewmqqzimq32uws5hkta,at://did:plc:p2w5cugt3mpjncvsjiclloxb/app.bsky.feed.post/3ml53eej4ns2q,"allowed me to choose another model & gave tangible feedback to the manufacturer by claiming their refund-right and striving to protect their local reputation. 

Relying on online reviews -valid or not- has basically exonerated manufacturers of any responsibility to the public & the store. 2/2",breadbaker.bsky.social,1,0,0,2026-05-06 05:00:01.584000,online store feedback,2026-06-02 18:36:16.399055,bluesky
451,bafyreifc3it5afxptxqvfttty4udwah75dp5xa6nsfokrp3c7gupy3am2m,at://did:plc:cgfmul7redcnsd2hyavl6xv3/app.bsky.feed.post/3ml2t7pkxfk25,"I believe there were some more in 2025, but some asshole (me) reported them.

For a palate cleanser, there are always allies who find a way.",chessercat.bsky.social,0,0,0,2026-05-05 07:28:39.232000,online store feedback,2026-06-02 18:36:16.399055,bluesky
452,bafyreiggkwmnek7ihthul4bjaddze53xor7eu3rhxe3dogpybwpkvd4cly,at://did:plc:47walaro66xes2hef3ickawn/app.bsky.feed.post/3mkxr2gebms2n,"You know what's so funny I got a fancy one online based on feedback I read online (which I now realize we're probably bots). I would have gotten one 10x better for half the price if I went to your store and asked you.

How fine do you grind the weed down?",fucklandlords.com,1,0,0,2026-05-04 02:12:11.880000,online store feedback,2026-06-02 18:36:16.399055,bluesky
453,bafyreifloy2vzdztvuamqa3kc7p6nfwlybeug6g2cykylolyiev3vqgqdm,at://did:plc:lnyhm2dspz6kflfz4r7ruqoy/app.bsky.feed.post/3mkgkbnlxos2h,"Got an online store! Slowly gonna add more stuffs as I go... I hope i've got everything ready...
acggoods.com/store/maxima...
I'm a newbie seller, so tips and feedback are appreciated!
#zenlesszonezero",maximax-x.bsky.social,0,0,1,2026-04-27 05:55:42.604000,online store feedback,2026-06-02 18:36:16.399055,bluesky
455,bafyreibla5jrucbken6vz6um5wwqbnysc7jypqwyqjzfwutqm57vdtyrhy,at://did:plc:mf4sf5yo6hmgl2ysgc3igzir/app.bsky.feed.post/3mh7xgajkxf26,Building an online store is the easy part. The challenge is finding repeat customers and optimizing your sales funnel post-launch. Make sure you're ready to iterate based on customer feedback quickly.,jeremiahchronister.bsky.social,0,1,1,2026-03-17 10:46:40.942674,online store feedback,2026-06-02 18:36:16.399055,bluesky
456,bafyreif7zbaedfp3ar7uaa34wc43vurukxuxlumq6c6luwvloyojcxbnzu,at://did:plc:34anbnrgbxykb32g324g55lg/app.bsky.feed.post/3megxmqhkk22t,"copyable script in the alt text, just change your age

post it in their feedback forums, submit support tickets, make it the body text of a one-star review on the app store",victoriacardew.bsky.social,4,1,0,2026-02-10 01:23:23.544000,online store feedback,2026-06-02 18:36:16.399055,bluesky
457,bafyreibmaif3dznrmiamjub2hwbsz6iwnfkmdtmwph7fjvbunucq6z75u4,at://did:plc:p3gupq5pu2obe2n4brtwabzc/app.bsky.feed.post/3mdque64kf22l,Correction: Burnett Media Group might not be right-wing. It seems more like a shell business that doesn't really do anything and they have a blog that reads like AI slop. 8/,sometimespdx.bsky.social,1,1,1,2026-02-01 06:26:20.444000,online store feedback,2026-06-02 18:36:16.399055,bluesky
458,bafyreihhc7gg7ewdillgqyk2g7j66ggkqjc3ouncrdoycs6kmrlnumh3ce,at://did:plc:cvxg6ujma2vxb5jgvyi5lju5/app.bsky.feed.post/3mdnl5clads2k,i am so proud to support @nowherebookshop.bsky.social 🔥,desibee.bsky.social,2,0,0,2026-01-30 23:03:27.340000,online store feedback,2026-06-02 18:36:16.399055,bluesky
459,bafyreigvzssg5kyp3j6fmwamt34dkmnolnvuaa25cuv7ilmw762ukz44zy,at://did:plc:ac6gljqbtssdpleyivf76bvn/app.bsky.feed.post/3md2mlntirs27,"This is a post for all One Piece fans to interact with. I am deciding on some new figures to buy. I want two. One to get online and one to get in Store. Here are the options:

Online: Vivi, Yamato, Nico Olivia, or Uta

Store: Zoro(Wano), Kuzan, Sir Crocodile, or Oden

Any feedback is appreciated.",thebeav20.bsky.social,3,1,0,2026-01-23 10:08:47.622000,online store feedback,2026-06-02 18:36:16.399055,bluesky
460,bafyreigmkucy2u3faqkbmwr6g3gi6sw5oxv5wwbij2vrs7st47ynlop6ne,at://did:plc:ndar3yyul32rdsactrrsd2j4/app.bsky.feed.post/3mcf7dj76lk2o,"From #OurHRMAlliance: Public engagement is open for HRM’s Suburban Plan. Much of our vital green space is in the suburbs, under great pressure from urban sprawl. Make sure your voice is heard! Learn more: engagehalifax.ca/suburban-plan & on OHM's Facebook post at www.facebook.com/ourHRMalliance",backlandscoalition.bsky.social,1,0,0,2026-01-14 21:45:41.181000,online store feedback,2026-06-02 18:36:16.399055,bluesky
461,bafyreid3jdzhum4seavoep3jvszzwocusiyoukjt7nje6tz3oo46mypxmi,at://did:plc:sslt6uwxsdjlxtladgtpsf3p/app.bsky.feed.post/3mbydwokq4k2d,wow i'm so glad the UK online safety act is doing its job and protecting me from *checks notes* leaving feedback about my customer service experience at this furniture store,zacharybosch.bsky.social,6,0,0,2026-01-09 19:03:22.687000,online store feedback,2026-06-02 18:36:16.399055,bluesky
462,bafyreibad7fkuvf3xth4iqbrah5nyahad75mcdwouk4jj55siw23mfzduq,at://did:plc:tnms27jpi47hg2xxx4u5gwuz/app.bsky.feed.post/3ma5mxnpoqs2v,"I used to have an online store on eBay. Once a woman bought a towel from me, and she gave me a negative feedback stating ""Arrived broken, does not work."" 😆😕🤯",helenmaryme.bsky.social,11,0,1,2025-12-17 10:37:54.488000,online store feedback,2026-06-02 18:36:16.399055,bluesky
463,bafyreiarschveah6mk3fmgmmkvks7p2y3tfs5fvuok5vgtc6wkyzxlgoxy,at://did:plc:vhqg32yv2h724fkeo3kspffg/app.bsky.feed.post/3m7saeq5nz223,"I simply cannot go more than half a year without #optimum pulling some new fucking money grab bullshit.

Shoutout to ""Linda"" who dropped this bullshit empty link, spammed multiple messages/paragraphs in <60 seconds to make it look like I'd stopped responding, then ""hung up"" on me.",asinametra.bsky.social,0,0,1,2025-12-12 21:53:17.482000,online store feedback,2026-06-02 18:36:16.399055,bluesky
464,bafyreicr2xyazrzlq7nvtpagzip7fwzky4atl7ehuox6husdlxddngfl7u,at://did:plc:75pvzxu6dibq5uadrsnoseft/app.bsky.feed.post/3m756jkwvck2r,"We have made new sales records on our eBay store recently. Listing books so fast with our app Book Flippa makes it so easy to get more stock online fast. AI powered eBay listings is a game changer for us. If you're a book seller on eBay, message us to try the app for free in exchange for feedback.",bookflippa.bsky.social,0,0,0,2025-12-04 12:54:17.802000,online store feedback,2026-06-02 18:36:16.399055,bluesky
465,bafyreigetpn5vvdvipajoub2m6oaln2mzntjflntgiuugeawyvcp6fxbyi,at://did:plc:4rgy4sw2jbpurrtp6cw4yarz/app.bsky.feed.post/3m6hyj6z2ac2o,My MIL took our child on adventures and I just got this email... 🤔,soroks.bsky.social,5,0,1,2025-11-26 02:40:48.334000,online store feedback,2026-06-02 18:36:16.399055,bluesky
466,bafyreifw7nb25xey3i5qhgx4j4sjrvo6pwpdg3fhokhpxaodn32i4pneva,at://did:plc:zljl4mam4gzrsu5lhrjkyyym/app.bsky.feed.post/3m5ki4sbuy222,"Agaaaain, so many birds with one pre-order stone
You can: pre-order from an indie shop online or in person, your local game store (maybe, check with them), etc.
Pre-orders can provide feedback like 'oh shoot, better order a 2nd print run, and maybe contract for the sequel...?'",rozlovesfood.bsky.social,1,1,0,2025-11-14 09:00:20.057000,online store feedback,2026-06-02 18:36:16.399055,bluesky
467,bafyreicrtam6brpcyvoabvt7wgkkspi2l2k3zyxnkv3osqjdqahwrqh2l4,at://did:plc:ns5xklgi7qwansgnfolvb47h/app.bsky.feed.post/3m55i4brtck2j,"gonna start attaching a review survey to each of my posts to help gather more feedback, like I'm an online store.",lilgay.club,8,0,3,2025-11-09 04:55:26.154000,online store feedback,2026-06-02 18:36:16.399055,bluesky
468,bafyreihbm5pet5ofxoj64zld3gqv2w6oqwdr5nxdthtfgmd5vj5yjnq4zy,at://did:plc:vrciqhjslocbt5lnlbyzszi4/app.bsky.feed.post/3m4gaseyhzk2c,"The first version of Kittysplit was online 13 years ago! Since then, we continuously improved the site thanks to all your feedback.

And now for our 13th birthday, we finally launched mobile apps!

iOS: apps.apple.com/app/apple-st...
Android: play.google.com/store/apps/d...
Try it, send us feedback!",kittysplit.bsky.social,1,0,0,2025-10-30 23:13:23.799000,online store feedback,2026-06-02 18:36:16.399055,bluesky
469,bafyreidcaosinmuaiyxrprakb6b7qpgj253p3sblaoe7po7l4r76ofur2y,at://did:plc:rbnxiye7w75dz4zhga3smprf/app.bsky.feed.post/3m2wh65zpnc24,"I was asked by a pharmacy to provide feedback on a recent online purchase.  They made the mistake of asking if I wanted so comment on anything else. I asked if their store had filtration.  I think I will start asking every store the same question.  
😷😷😷😷😷😷😷",weaverlaura.bsky.social,3,0,0,2025-10-11 22:59:34.162000,online store feedback,2026-06-02 18:36:16.399055,bluesky
470,bafyreihaf5xjo3sjsn4r7rlrluibzsvz4nkx24kiyaorg34il4tfpcap2y,at://did:plc:ptlgdy3bu7gxf2y4z2iqlnrt/app.bsky.feed.post/3lzsuxva66c2z,"Good Afternoon,

Me and my Mrs have decided to start a store selling online products. Please can people take the time to have a look at the store. Feedback would be appreciated on what you’d like to see sold on the store etc.

Www.oddlygood.shop

Many thanks
Oddly Good Team.",liam189.bsky.social,0,0,0,2025-09-27 19:30:45.413000,online store feedback,2026-06-02 18:36:16.399055,bluesky
471,bafyreic2rqsvvkm37ibqicjmwehlurn3l2atwwaoo7lvgfq2omaysy3a7q,at://did:plc:cdn23appeqqjocwcq5ajav26/app.bsky.feed.post/3lxh4qade7s2f,"Feedback & guidance on your opening pages, synopsis & cover/query letter - for anyone getting a manuscript ready to go. (Online, mid-Sept on) ✒️
www.clairehennessy.com/store/p/nove...",chennessybooks.bsky.social,1,0,0,2025-08-28 16:27:18.435000,online store feedback,2026-06-02 18:36:16.399055,bluesky
472,bafyreifmive2czhur4qqqjdhebslx5s6g6f6fcjo3jogod2v3lgnzjgkui,at://did:plc:ttengjkro2v3zarxikqypm2q/app.bsky.feed.post/3lwz2s7t3nk2l,"Really disappointed with Bulk Barn. I expected a bit more from a Canadian company...at least someone who’d actually *read* my email instead of sending a lazy, copy/paste reply that ignored everything I asked.  They also ignored my follow up email as well..   When I asked in store about coupons...",darkleigh.bsky.social,2,0,1,2025-08-23 02:15:21.189000,online store feedback,2026-06-02 18:36:16.399055,bluesky
473,bafyreiedbqagjeowu4zpubkkg24gpg6htsz653eq6ejettytreppsn6xau,at://did:plc:c2qf53ibwcj7or5vvmaak7xq/app.bsky.feed.post/3lwglq6tnnc24,Wrote to samsung through the Store about Gaza. You can too if you have a Samsung phone,sometimeskristy.bsky.social,0,0,1,2025-08-15 17:57:51.625000,online store feedback,2026-06-02 18:36:16.399055,bluesky
474,bafyreihgnp7hmi7gbt6jluh5g6wlhzc2umh6imdtfda2l3nnqx6alh4bnq,at://did:plc:b4f6upkvotbvm5r6kcmb6kmc/app.bsky.feed.post/3lw3poswqek2x,"Update to this situation

(They claim that it only affected 15 day old sessions, but I personally know people with newer accounts who encountered the bug, so still be careful!)

in general, practice online safety and keep your location & info safe regardless!!

(thanks @/zaybeol for the screenshot)",tableturf.bsky.social,0,0,0,2025-08-11 10:09:23.427000,online store feedback,2026-06-02 18:36:16.399055,bluesky
475,bafyreih5l5r6z7ogm43wlmccfr2l7kfmuixwodg2iuj7iqitmri4wo5d3i,at://did:plc:4dkbhyzrtrp3ehxbtadmyjyk/app.bsky.feed.post/3lvlrnfyj622t,"Hello to all our followers, I would like to apologize for the reduction in our posts over the last week. We have been working on some upgrades to improve our website and online store. Visit the store at www.imvshopnow.com  and check out the merch. Give me feedback and suggestions.",mohawkvalleyvoice.bsky.social,0,0,0,2025-08-05 02:01:47.984000,online store feedback,2026-06-02 18:36:16.399055,bluesky
476,bafyreihv3rxwxmzeutr37eeihnupswh4eh35k6ezhecktozvebyvd6z6nq,at://did:plc:4ewzs7yhuay5u2d35wblz3ev/app.bsky.feed.post/3lvl5iln44c2c,"it’s been a while since we get to do silly shit for Chibibi as we’ve been working on our very first online store, but we’ll get back to it soon hopefully! 

all feedback is welcomed! 

quick sneak peek 👀",chibibi-world.bsky.social,0,0,0,2025-08-04 20:01:11.294000,online store feedback,2026-06-02 18:36:16.399055,bluesky
477,bafyreihdaffhqqhqnvop3moqqgtfzckmtsdo64rc5ocmzfkxequ3vc345y,at://did:plc:wzvjuvfhvb6mo73bvbos6ldw/app.bsky.feed.post/3lrqpp2742s25,"Surrender to My voice, 
feel yourself tremble like a dainty leaf.

⚠🎀sissys will become entranced by what triggers them🎀⚠

www.loyalfans.com/queennaominyc

#FemDom | #Sissy | #Domination | #Fetish | #slaveTraining | #LoyalFans | #online | Distance is not a boundary, it's and excuse | #feedback | bbc",queennaominyc.com,0,1,0,2025-06-17 03:29:27.422000,online store feedback,2026-06-02 18:36:16.399055,bluesky
478,bafyreign737aujwg2kj7b567ecsz6qfnys2nynzmg3ttde2rh6t4fzaa3y,at://did:plc:jgmxlsqaj6inwjqx3eowix6i/app.bsky.feed.post/3loocbf5onc2f,"I have an old essay from 2020 on growing up in wellness and evangelical conspiracy worlds, and the combo of ""epistemological mess on nutrition"" + real-world feedback from wellness changes (if temporary) = a very evangelistic form of ""wellness"" wisetendersnob.medium.com/this-secret-...",snowden.st,5,1,0,2025-05-09 00:08:16.126000,online store feedback,2026-06-02 18:36:16.399055,bluesky
479,bafyreia4hrbictuvtekq7cj5mbc5hadahezvyicyp2kioy63lcpbdmap3u,at://did:plc:lklggfjbmpg7we23myvgoqya/app.bsky.feed.post/3lolasdm26c2e,"I'd like to assert that the N64 rumble pak was the best force feedback we've ever seen in a controller..
But I think with some custom hardware, we can improve on it.",stickystripes.bsky.social,3,0,0,2025-05-07 19:03:58.241000,online store feedback,2026-06-02 18:36:16.399055,bluesky
480,bafyreig75utnzkasa3nwa7ulxpx6dtrvz26ltqnyh6zpzyveoe532lfwke,at://did:plc:glrrxelrvummi3kq2c76uxrk/app.bsky.feed.post/3lob63t773k2f,"Awesome! Do they have an online store feedback? I'm thinking if they get enough good scores for this, it will be encouraged in other stores🤞🏻",ozgib.bsky.social,0,0,0,2025-05-03 18:48:57.983000,online store feedback,2026-06-02 18:36:16.399055,bluesky
481,bafyreidfkaj3rdqaxp5odn6ulmcz7zzrsq222eqem7s473bwnojgfzroyu,at://did:plc:mb4zijndsfoimd3eracvflp6/app.bsky.feed.post/3lng55rbmql24,"Review

https://www.booksns.com/131739/

Hey book lovers!!! I’m a very small independent fantasy online bookstore and I’m looking for opinions on the store and some feedback! The site is www.theenchantedarchives.co.uk Please delete if not allowed I’m just looking for feedback. by reecerispoli1",booksns.bsky.social,0,0,0,2025-04-23 00:50:14.000000,online store feedback,2026-06-02 18:36:16.399055,bluesky
482,bafyreifazsmjmpnw3rk2f7qixthqpkni7zrxt2e27lyb2nm37ye2nj72ca,at://did:plc:c2r2cawjkgqmdzoyp7ifwg45/app.bsky.feed.post/3lmvgk56x322i,"🎊 SURPRISE STORE OPENING~!! 🎊 Open until Saturday, April 19th at 12pm EST!! (CURRENTLY ONLY SHIPPING TO USA-BASED CUSTOMERS 🙇)💙

greyproxy.bigcartel.com

If y’all run into any issues PLEASE let me know!! This is my first time running an online store so any feedback is absolutely welcome~",greyproxy.bsky.social,1,1,0,2025-04-16 09:22:59.590000,online store feedback,2026-06-02 18:36:16.399055,bluesky
483,bafyreie6kykhmwarg6j3az5ntdghjwoxy5aebsjeezh6ilk2sxxsr3cjra,at://did:plc:einmhyt3mfu77m3xsfwwgldh/app.bsky.feed.post/3lmvat2x3d226,"It's a huge help if you post about it on social media, btw. Keep that feedback coming, because it helps me understand what you do/don't like, and that's just going to make volume two even MORE KICK ASS. Order from my online store: cinemasewer.storenvy.com or fabpress.com",robinbougie.bsky.social,6,0,0,2025-04-16 07:40:36.852000,online store feedback,2026-06-02 18:36:16.399055,bluesky
484,bafyreig3gu44nkedzkcph6mpmwo7xdtsqih2rcs6v5zvb5ynve4iz2nwcu,at://did:plc:3t2ormdwvdbqtp5ptdbpz6bq/app.bsky.feed.post/3lmpgwzgdid2w,"I'm starting to require store discounts and credits for my ""feedback"" on my last online purchase. 
My time is worth something to help your market research.",langwoodj.bsky.social,0,0,0,2025-04-14 00:14:11.333000,online store feedback,2026-06-02 18:36:16.399055,bluesky
485,bafyreiaudobedpza7r3xkrstd7n4ybcgcvzxiyufiieyyihapi4chpjhyq,at://did:plc:k5uhukhgsptqbqrbmwvfw236/app.bsky.feed.post/3lmdkenhp2k2e,"Ladies in Europe! I’m launching on my online store a special bridal piece to wear during or after the ceremony—something timeless to keep. Want one FREE in exchange for honest feedback? Message me if you’re interested!
#Wedding #Bride #Europe #Gift #Surprise",javiersugo.bsky.social,1,0,0,2025-04-09 06:43:35.083000,online store feedback,2026-06-02 18:36:16.399055,bluesky
486,bafyreif6mdknianro3axgcew2kbkh4b6p2jb2f6joar47gbophkqhdbj34,at://did:plc:k2znru45bv7fiyytoas3uggd/app.bsky.feed.post/3llc52x4stc2j,"good news, that’s planned for the next update (Delta 1.8)! 

Sorry for the long wait though, tl;dr after releasing Delta in App Store we shifted priorities to iPad support + DS online multiplayer based on feedback, but now Sega is our priority going forward 🙂",riley.social,7,0,0,2025-03-26 23:47:39.658000,online store feedback,2026-06-02 18:36:16.399055,bluesky
487,bafyreidl3osp2flkqwsoeogp3qfakqmaxsgg4ybk4gojr2e3v5jgyhk634,at://did:plc:zw4qt2tbyzvbbnp7e2ompb6r/app.bsky.feed.post/3ljt7k4y45s2w,"📢After many requests, your feedback has been heard! I finally have Prints!📢

At the moment I have an #MHA assortment of prints, the biggest collections being #Hawks and #EndHawks, they come in A6 & A5 sizes💖

For more details & to buy; bluerosaart.etsy.com/listing/1884...

🔵🌹",blue-rosa-art18.bsky.social,10,3,0,2025-03-08 07:56:48.846000,online store feedback,2026-06-02 18:36:16.399055,bluesky
488,bafyreiekbd2f3guxrlgteqkyqi5ay7tc3ltmfreqxfar7eqc4z5lq2eyvi,at://did:plc:cdn23appeqqjocwcq5ajav26/app.bsky.feed.post/3ljhvp4svc22u,"✒️✒️✒️
This online course starts next week. 6 weeks of assignments & tailored feedback on your work - ideal for anyone feeling a bit stuck writing-wise, beginners or beyond. 
Use the code WRITE25 at checkout to get 10% off. 🎉
#writerthreads 
www.clairehennessy.com/store/p/crea...",chennessybooks.bsky.social,9,4,1,2025-03-03 20:01:21.951000,online store feedback,2026-06-02 18:36:16.399055,bluesky
489,bafyreie3xly7ghcgwadp7x2cbxa4e2aghsbzstvhisb6ch5bxeilejs4yq,at://did:plc:sxwsgna7mmjowb2ezwta4dgt/app.bsky.feed.post/3lj744pdxks2l,"I never will coerce anyone into buying anything,  but I would love if you would go to my ebay store and tell me what you think. If you shop online or ever look on ebay, I'd love feedback on my store setup. 

And, HEY! that goes for everybody! 
You can't hurt my feelings.",jt-retiredmedic.bsky.social,1,0,2,2025-02-28 08:02:22.399000,online store feedback,2026-06-02 18:36:16.399055,bluesky
490,bafyreibciien5pfiaysbo2wok7lsdfvntimprtxodx7fkdwfnpfiaua53u,at://did:plc:cdn23appeqqjocwcq5ajav26/app.bsky.feed.post/3liyo6m4umk2p,"Start Writing: 3 weeks, online, tailored feedback on your writing each week. Kicks off next Mon (3rd March): 
www.clairehennessy.com/store/p/star...",chennessybooks.bsky.social,1,1,0,2025-02-25 18:36:55.314000,online store feedback,2026-06-02 18:36:16.399055,bluesky
491,bafyreibz2h2hb4wfrc6hcfqtaaexfcjnxeopmke7vw4qeb3tm7uadlxpfu,at://did:plc:aroks2mmbbip5cxqujrua4dc/app.bsky.feed.post/3likll3q2ok2n,"Im going to check my cotsco..maybe look online if they have it in my store near me. Then if not

If your #COSTCO doesn't carry Healthy Noodles:
- Call your local Costco.
- Provide the item number for Healthy Noodle, which is 1027760.
- or Submit a customer feedback card using that item #",blueskysilvia.bsky.social,0,0,0,2025-02-20 04:12:56.762000,online store feedback,2026-06-02 18:36:16.399055,bluesky
492,bafyreibsci3fzsxpwaf7mx2kbivviuxn4hhzv76v26xa5gz2kw7rd6shgm,at://did:plc:4qqizocrnriintskkh6trnzv/app.bsky.feed.post/3lhyn6nu5r22d,"gonna do some testing of switching my store off shopify and onto a site i own and control. which will involve some site reorganization and rejigging.

if you have:
- feedback on the shop that you want considered for a possible redesign
- favorite online shops that you like to use

i am interested",nora.zone,28,4,2,2025-02-13 00:53:51.736000,online store feedback,2026-06-02 18:36:16.399055,bluesky
493,bafyreibyubggo6spoeobkaneevs4vs2yc5klirwvgb3tlaa7epyi5d35kq,at://did:plc:x3tpondpifpssbq7gk7yr3ny/app.bsky.feed.post/3lhhgws7s6c2m,"We’re launching an online store for affordable products, and we need your help choosing the perfect name! Take this quick survey to share your thoughts—it only takes 2 minutes, and your feedback will help us create a brand you’ll love.
forms.gle/amb9FMzFqDrg...",houndandtimber.bsky.social,0,0,0,2025-02-06 04:46:49.893000,online store feedback,2026-06-02 18:36:16.399055,bluesky
494,bafyreigvjikrg7dzw3yr5rykt434mi6mkxyl7putsnzbkggcetbm5f2fq4,at://did:plc:4ghxqoif4bil3s2sotfpfbkk/app.bsky.feed.post/3lh4w2nzees2j,"Hello all! I'm starting a RedBubble design store! 

I'll be creating designs by hand (no AI) in order to learn more about digital art, design, and online commerce. I appreciate anyone who takes a look and gives any feedback! 

MoonMothDesigns.redbubble.com
#design #digitalart #redbubble #graphics",themoonmoth.bsky.social,2,0,0,2025-02-02 00:18:08.711000,online store feedback,2026-06-02 18:36:16.399055,bluesky
495,bafyreicusf244njuxmlizdtjs5ygo3dtuiguybfbzfz3ehtmop3rx7yqti,at://did:plc:vte5owecvc4wjfabsk45drdp/app.bsky.feed.post/3lgt3o5eofk2q,"Our new community feature is here! 🥳 Ever wanted a social media platform like Twitter or Bluesky, but for gamers and with a focus on safety? This is it! 

We're starting with a first version & will be making quick updates based on your feedback. Join at app.playsum.live 🙌

#gamers #gamingcommunity",playsum.bsky.social,20,6,2,2025-01-29 02:31:53.666000,online store feedback,2026-06-02 18:36:16.399055,bluesky
496,bafyreidc5jic7hoeos5ecf6kftkmvotbgtgmvuppgenl5i5j7flhp3klwe,at://did:plc:cdn23appeqqjocwcq5ajav26/app.bsky.feed.post/3lgiuf7ihoc2p,"Beginning To Write Fiction - 4 week online course, starting Monday (27th Jan). Feedback on your writing each week, & 4 aspects of/'ways into' fiction explored. ✒️
www.clairehennessy.com/store/p/begi...",chennessybooks.bsky.social,1,0,0,2025-01-25 00:55:00.325000,online store feedback,2026-06-02 18:36:16.399055,bluesky
497,bafyreiezzqjamhx2sy355kiqocdyujs466o3qdke36cqd4pq4hmu3fuc4q,at://did:plc:mlimbtxuf4wyxwvtb2fm7yur/app.bsky.feed.post/3lgdimlmkdc2e,"For all Canadians who shop online, there is usually a comment section or a survey to give feedback. 

🍁🍁🍁Please use this section to ask the store to set up a ""Made in Canada"" section on their websites. Keep asking. Do it every time you shop until they do it. 🍁🍁🍁

#MadeInCanada #CdnPoli",hellobonjour.bsky.social,23,8,2,2025-01-22 21:41:04.330000,online store feedback,2026-06-02 18:36:16.399055,bluesky
498,bafyreifdvwwsc7tfzjesfmbduuiagg5ofilnsvfrt2b65dnkjd6btziigu,at://did:plc:cgfys2sdi2pe5eisdmuclpvn/app.bsky.feed.post/3lgb7zpcq422h,"Jersey Discs Disc Golf Online Store would love your feedback.

 Post a review to our profile. 

g.page/r/CUwwyR15dc...",jerseydiscs.com,1,0,0,2025-01-22 00:02:01.241000,online store feedback,2026-06-02 18:36:16.399055,bluesky
499,bafyreiaeb3mrp2o7js5ycbrbdkborwdcnihzqf62aoxazyjwesfa6ww54u,at://did:plc:cgvc7glidce2nnpss72onsyp/app.bsky.feed.post/3lg7fyqbhps2o,"List was too long for one post:
- Design a waterproof caving lamp battery housing
- Build a robot based on the Pimoroni Yukon
- Set up an online store for Footleg Robotics products
- Positional feedback robot arm
- Rocker Bogie quad tracked robot
- Modular robot obstacle course arena for events
...",drfootleg.bsky.social,0,0,1,2025-01-21 06:43:31.684000,online store feedback,2026-06-02 18:36:16.399055,bluesky
500,bafyreic5jqiakezamigrhb3nfbicaliamz7dre5r5bcp3yek6kkyklllf4,at://did:plc:cdn23appeqqjocwcq5ajav26/app.bsky.feed.post/3lfhok2jlmk2n,"4 week online course for people focused on stories & novels - exploring people, plot, place & perspective. Tailored feedback on your writing each week. Starts 27th Jan. ✒️
www.clairehennessy.com/store/p/begi...",chennessybooks.bsky.social,1,0,0,2025-01-11 20:12:29.074000,online store feedback,2026-06-02 18:36:16.399055,bluesky
501,bafyreidmm66aeip4xmcg225q6if3yih4hyuv3hq7cm22dwubk6dg5pjkee,at://did:plc:eukggfyyi4ju2xi3sjcrgdgu/app.bsky.feed.post/3ld4yn6sglk2z,"The internet Chaos Lords are hard at work to streamline the Goodman Games online store!

Check out our redesigned online store! Both our print and PDF stores are more streamlined for you!

We’d love to hear your feedback! Tell us what you think of the new store by emailing info@goodman-games.com.",goodmangames.bsky.social,17,3,1,2024-12-13 03:23:31.260000,online store feedback,2026-06-02 18:36:16.399055,bluesky
502,bafyreihaitdbe5zyooekuyd6g56zxxycwxpkb7nm5ntlp7eayfygkq4rz4,at://did:plc:emsxuoecl3kasxzl3nuuhuk4/app.bsky.feed.post/3lcelvlnc5226,"I interviewed you > add to list
You inquired about my services > add to list
I bought something online or in store > add to list

I'm very deliberate about my newsletter subs and I know the negative ding you get when someone says they didn't sign up for the list. But idk how else to give feedback!",thejennchen.bsky.social,2,0,0,2024-12-03 10:31:40.790000,online store feedback,2026-06-02 18:36:16.399055,bluesky
620,bafyreict4k7t7hfblmcr55wvxm4edw24hg37xen6xbcckj5edgrfk3s47y,at://did:plc:hsl5au5ildq7p7pqoa5hb4gz/app.bsky.feed.post/3mmu4x7k6hc2d,"even when i asked ""this is a human inside the Princeton Best Buy store?"" it said ""yes! i am an online representative...""",arielleishere.bsky.social,2,0,1,2026-05-28 02:24:53.274000,best online store,2026-06-02 18:36:18.629748,bluesky
503,bafyreicjuarmvmg7ib26qdzrmnmsxhzfd4eiwjgoatdeu462ag2mrpjwda,at://did:plc:z74kwpjn3sacervy3q2kmu6t/app.bsky.feed.post/3lccohvtmt22x,"I started Bazaari as an experiment to make it easier to launch an online store.

I launched the MVP with minimal features to gather feedback from sellers and ensure it was truly what they needed to enhance their experience

But I received an incredible response from the sellers.",heyalizaid.bsky.social,0,0,1,2024-12-02 16:12:23.477000,online store feedback,2026-06-02 18:36:16.399055,bluesky
504,bafyreieevsdgslb3payyjlno7npr75obk6ykdqn3x2nhdr4clr277jlehi,at://did:plc:s342axa7espyhpntfv37ebnj/app.bsky.feed.post/3lcbqsdpjcs2e,"@vrhermit.bsky.social Thank you for the awesome 5-star App Store review of ""FrameIt Vision"". Your online systematic approach to Vision Pro, SwiftUI and RealityKit is inspiring. Please contact me anytime you have suggestions or issues with ""FrameIt Vision"". Feedback is critical to app improvements.",georgepurvisphotography.com,2,0,1,2024-12-02 07:21:21.310000,online store feedback,2026-06-02 18:36:16.399055,bluesky
505,bafyreihcdywcgb4mhjrmn3dkmokwycs3yrm6jqbzl6of2zwwfxsyzwktfa,at://did:plc:jhvqluqmgta5wrs65rfxo7uv/app.bsky.feed.post/3lbz7j7ab6d2j,"Happy Thanksgiving from Ocufii!

We are incredibly grateful for our amazing customers and the support you've shown us. Thanks to your feedback, we’re excited to announce the launch of our online store on Thanksgiving Day.",ocufii.com,2,0,1,2024-11-28 21:50:43.075000,online store feedback,2026-06-02 18:36:16.399055,bluesky
506,bafyreic2ba27zgdt2aiytzlfsybvnj3ukzwwbuxaebzh24fe2e7p33ohoy,at://did:plc:xiv2d7oyyri2fgd4s2jhoclr/app.bsky.feed.post/3lbt2p4eq7c2l,"Together with his wife and mother, Robert Dell, ran a drug recovery program where he recruited vulnerable people to steal tools from Home Depot so he could resell them online in his #eBay store “AnnointedLiquidator” (100% positive feedback 35K items sold).

2/2",edciting.bsky.social,0,0,0,2024-11-26 11:08:34.298000,online store feedback,2026-06-02 18:36:16.399055,bluesky
507,bafyreifapld3exth6bc5tnc3arrovc45mfdmkgqhku7lhjbc7j7glfnsda,at://did:plc:6zpnv4p5wxgmfl7c3h7ejtwd/app.bsky.feed.post/3lbsqemr7fk22,"Any #smallbusiness owner in need of an easy online store? 

I've been building a no-code, no listing fee, online store builder for small businesses and will appreciate feedback on making it better. 

Please check it out at vendors.so 🙏🥺",busayoo.bsky.social,0,0,0,2024-11-26 08:03:44.966000,online store feedback,2026-06-02 18:36:16.399055,bluesky
508,bafyreigs2yddz2th7sfwzdiloatamkixymmj6mweux6idla5p3qmrdrqvm,at://did:plc:4sswczmqlthkhyaj2nzjridq/app.bsky.feed.post/3lap6hxsmfk2h,"Musta angered the bigots last time on the Steam forums. 

Just got a note that my profile was violating some rule and they removed text (I had a comment about fighting for the right to guillotine the right in there so fair enough)

and a web link. I don't even remember having a web link so:",allie.blue,7,1,1,2024-11-12 04:40:19.013000,online store feedback,2026-06-02 18:36:16.399055,bluesky
509,bafyreihdjkyrl2a5y6e75uo2ys7zdnwmb22ru744xcnsrli4zc2umr7xa4,at://did:plc:qpvg4eak5d24hnjl7zsvm7w6/app.bsky.feed.post/3lahqw46uqk2d,"Testing our Christmas online escape room game. We are adjusting the last few things before putting it on our website. 

I need a few testers, if you have time? It is multiplayer (each at your own computer, if you want - or just share a screen). You have to be willing to give feedback within a week.",qedtherese.eurosky.social,4,0,1,2024-11-09 05:49:02.815000,online store feedback,2026-06-02 18:36:16.399055,bluesky
510,bafyreigycp6ntk4scw4g2f2qlscdsan2bqcal2bx4qjgtw57cikxijleka,at://did:plc:tjphn7rz2tt5uy635pbtuta7/app.bsky.feed.post/3kzor3ff7v62t,"big finish update from twt (1/2)
#DoctorWho",elipheleh.bsky.social,0,0,1,2024-08-14 22:44:16.948000,online store feedback,2026-06-02 18:36:16.399055,bluesky
511,bafyreiby7s3bwj4ucdpxeekc52vp6gaf6jcthi2epjmp6hxfvbcaeg6z3m,at://did:plc:27go6ugsp5ruus5su7dpqv3e/app.bsky.feed.post/3kywm6owmol2y,"I’m very excited to announce the launch of my online shop! 

Visit the new online store at www.midnightmarrow.com 

This is my first time building a site so feedback is welcome and kindness is appreciated. 🖤",midnightmarrow.bsky.social,1,0,0,2024-08-05 08:12:45.217000,online store feedback,2026-06-02 18:36:16.399055,bluesky
512,bafyreidedzse2qyu3xqxcjnrqcyqls4lklbjerjfma5rnafnyrrn3txhsi,at://did:plc:5wn2pkzdvbq76dh7fe5pnsmg/app.bsky.feed.post/3kodadf4u2u2r,reading some of the modern up to date voice training resources you can find online,kyorosix.bsky.social,4,0,1,2024-03-23 09:08:06.397000,online store feedback,2026-06-02 18:36:16.399055,bluesky
513,bafyreie36eq4njaiqabrzlkzjwinshxwhmfdedlpqeoo3yqll6gfn2nhyy,at://did:plc:dip5ca7ct67w3hmzykrn6h7g/app.bsky.feed.post/3kblviglql22u,"Caution: I did get some feedback that someone made an appointment online for Novavax at Costco on Saturday. But he called the store to verify, and they said they didn’t expect it to be there until next week.",co2review.bsky.social,0,0,0,2023-10-13 09:20:30.949000,online store feedback,2026-06-02 18:36:16.399055,bluesky
514,bafyreiho6tq7a5syunzvueak2qvz65ah3hc4nmemazuwbqryy5cbnyhg4q,at://did:plc:o7rcx53eng73nmltzer2rvpp/app.bsky.feed.post/3k6zsst6aen2c,"Ok I know a couple of bluesky folks have popped up, so:

💖 THANK YOU! 🙏

To the lovely people showing up in my online store/mailing list this week, & especially those dropping utterfuckingly delightful messages/feedback. You properly made me smile today 😁🦋",lycomorpha.bsky.social,11,0,1,2023-09-10 17:54:21.966000,online store feedback,2026-06-02 18:36:16.399055,bluesky
515,bafyreihohdvznrev5yzwlhbzbg2eg66gxvqakzmpasj7yp2tp76hqsdtlu,at://did:plc:h3qjpyob7dlt3dsjmxfe35gg/app.bsky.feed.post/3mheb3rdgys2f,What's not getting discussed enough in this current market shift back to digital compacts is what an epic fumble all of the smartphone makers have made to lose the consumer photography market they had so under lock for a while.,behindthebluemotel.com,27,2,5,2026-03-19 03:50:27.158000,digital market consumer trend,2026-06-02 18:36:16.860028,bluesky
516,bafyreia2mlx3qqw3te25r64j76zipbmtu3hx5bewceazygzs5vgp2sdorq,at://did:plc:o42gp2uj2ioh57w6ltrgmsj6/app.bsky.feed.post/3mehq7vi2cc2w,"Most consumers lack of engagement with tastebuds is breathtaking

Big Money sustains consumer loyalty to bland beer brands by 'investing' absurd amounts on marketing flips and turns as it cuts corners on anything and everything that's of any true value - to make more money. We Need Educating",jmarkdodds.bsky.social,1,0,0,2026-02-10 08:43:36.181000,digital market consumer trend,2026-06-02 18:36:16.860028,bluesky
517,bafyreib4d6mytdt6ziphsv6fgp72r2uupxkjig2sgrphrlsarj5pmfiyjy,at://did:plc:elm4uz3xagykz66qcze2772d/app.bsky.feed.post/3m5fsdz2ha22j,"same publisher picked up a regency romance and it’ll be interesting how well their promo and book positioning in stores will sell it. they’re promoting it as a histrom for Emily Henry fans and if Carrie Bradshaw wrote a regency romance. 

so. they’re throwing things at the ideas wall for sure.",bookish-notes.bsky.social,1,0,1,2025-11-12 12:20:00.746000,digital market consumer trend,2026-06-02 18:36:16.860028,bluesky
518,bafyreieellnzzmklmencm2ta4aawje2fptlell6eihxmyck2igshethbjy,at://did:plc:wcz2n2zki2zghzj4ouns6evk/app.bsky.feed.post/3mmwqye5hos2l,"As a former hardware engineer, I'd be a little irritated having to recall a product because folks were using wood screws to attach something to a threaded brass insert. I wonder if changing the insert to stainless is enough. Customers are amazing.",spmurphy.bsky.social,0,0,1,2026-05-29 03:28:45.965000,consumer product review,2026-06-02 18:36:17.769499,bluesky
519,bafyreifjynx5u3f4nteuwfi2fszpq6atlbqzsh6wnjq5z6x3zfuexzczga,at://did:plc:4emei466s7hjqxogzx5hqhke/app.bsky.feed.post/3mm7thjpge222,Just as a practical matter this consumer product review contains a shockingly low level of explanation of what the product does or comparison to other similar options. It’s written at like a 3rd grade level!,alangrofield.bsky.social,1,0,0,2026-05-20 00:41:48.617000,consumer product review,2026-06-02 18:36:17.769499,bluesky
520,bafyreigsilmktvlj3uumg5gptd4tzf7vmi5fxmtcn4avljhlzofjemfkvy,at://did:plc:5h5mvweernggnegq2yl2tc5l/app.bsky.feed.post/3mm2whsmpmk27,"(anything that involves a lot of pattern recognition), like I use it at work to help with document review. It's good at parsing massive discovery dumps. But I don't *trust* it. I look carefully at what it flags for my attention. 

As a general consumer product, I really don't think it works.",petekruger.bsky.social,5,0,0,2026-05-18 01:52:19.938000,consumer product review,2026-06-02 18:36:17.769499,bluesky
521,bafyreihw7f77kwcdpfw4wpmlrrtdd7cefgrthsvybkawrytfr3unhvw5re,at://did:plc:kxgqxsec5nh7nlfaoz7qas2n/app.bsky.feed.post/3mlznvafdfc2g,"You say that but if that was they case why do video game publishers keep putting review scores front and center.

Its because they know it holds power.

To see alot of high reviews scores will help convince the consumer to buy a product.

The first thing you see when you open mixtape on the steam",kleurwolf.bsky.social,0,0,1,2026-05-17 13:46:07.726000,consumer product review,2026-06-02 18:36:17.769499,bluesky
522,bafyreielk67mtdxws6n5q3i3licktz4w2f6ufxdnjjoroor6tk4u2aqw2m,at://did:plc:jmaldboour7faxw3qpbsg25h/app.bsky.feed.post/3mlswgni5f223,"that's how you fucking open a review of an xbox game

love you lexi",ashlikeadragon.bsky.social,403,103,2,2026-05-14 21:30:23.644000,consumer product review,2026-06-02 18:36:17.769499,bluesky
523,bafyreidbrx4pwncoutidtlks6ol57iktsraxsl3giqxi7l6qdbnosgzuae,at://did:plc:3soxccyzncng7ap4wbman44m/app.bsky.feed.post/3mlbspg2cpc2z,"nobody looking up reviews of subcompact hatchbacks is looking for a vroom vroom car you dorks, write a review for the consumer the product is aimed at",domesticshoggoth.bsky.social,2,0,1,2026-05-08 02:08:27.321000,consumer product review,2026-06-02 18:36:17.769499,bluesky
524,bafyreihq5kgoipooecevcplahevip2ivccmxkdpqaaa6dervtkw7jfilr4,at://did:plc:27imxkmockszzju3badm3c3t/app.bsky.feed.post/3mkokxwj67c2s,Wow. I hadn’t tried searching for reviews of ordinary consumer electronics on YouTube for years. I didn’t truly understand the extent of the AI slop problem until I tried searching for a product review today. Literally hundreds of low-view channels with 3 to 5 minute no-substance “reviews”.,cloudscout.com,4,0,1,2026-04-30 10:29:28.057000,consumer product review,2026-06-02 18:36:17.769499,bluesky
525,bafyreihverpl2coidbtzvpxwtybxsrbp5x7i6zmut6tesijmjmo4fmysve,at://did:plc:rzed6aliinb5xstsk6jdbbff/app.bsky.feed.post/3mknrmlwbt22z,"And then you have critics, who have to toe the line between Games as Consumer Product and then Games as Art.

And gamers are going to get mad when they treat the game as the wrong thing at the wrong time in their minds when reading a review.

The whole thing is senseless cause the real conclusion is",daniru.bsky.social,1,0,1,2026-04-30 02:55:44.263000,consumer product review,2026-06-02 18:36:17.769499,bluesky
526,bafyreibunlpv7r7pj3qwjhnpv3czespayqcr54fvsuyphsttatiwl5xngm,at://did:plc:bvqimifvxg73ktvkj5ccp575/app.bsky.feed.post/3mkbyipxwms2h,"open.substack.com/pub/arielles...
E-cigarettes pose a small fraction of the harm of cigarettes and are highly effective for helping people stop smoking, whether if used as a pre-planned “medical treatment” for smoking cessation (Cochrane review) or naturalistically as an alternative consumer product",fitzroy777.bsky.social,3,2,0,2026-04-25 10:26:53.668000,consumer product review,2026-06-02 18:36:17.769499,bluesky
527,bafyreicllfkohv2l4puvq3tux2eub62rh7dup7mapjhyekuj5vk5szsv5m,at://did:plc:pwx66kjw3xc4bbfhrbgyo2wn/app.bsky.feed.post/3mjfvmklf6s2k,"Look, if you describe consumer electronics in a review as 'magical', 'sublime', or tell me that using this product will result in me being ""in better shape than you were"" before I used it, I am not taking you seriously.

Au contraire, I want to give you a swirly and stuff you in a locker.",birb.mom,7,2,1,2026-04-14 06:20:48.334000,consumer product review,2026-06-02 18:36:17.769499,bluesky
528,bafyreiewlyipzxsbs3sthnhljikjkqzkys7gt2cqh3kg3qqt5betdw7lra,at://did:plc:zt7ptq77ddigwegzqg3t5s7m/app.bsky.feed.post/3mj67vv753c2t,based on a personal experience,smokecritter.bsky.social,2,0,1,2026-04-11 05:03:40.969000,consumer product review,2026-06-02 18:36:17.769499,bluesky
529,bafyreicdgtv5khxpbp3hv4qukbyf343dybeuitqcv6alfpcjmcaa4h2iiy,at://did:plc:n2ubaawbmhzouzzsyitcffd5/app.bsky.feed.post/3mj62dboav22p,"As a retired person, I am not in need of employment. As a possible consumer, I am in need of a product that I can review, test drive and consider purchasing. 🤔🤷🏼‍♂️",gsekse.bsky.social,0,0,1,2026-04-11 03:23:47.805000,consumer product review,2026-06-02 18:36:17.769499,bluesky
530,bafyreia7mu6rlxhywb7yxvpkjcmw5gmwz5rozdjogrsqfcmtkcowv64z44,at://did:plc:wzao5kim64t6a2oxh3tv5sjm/app.bsky.feed.post/3mijous7wyc2n,"I use The Verge for tech product reviews for sure but looking for a more generalized consumer product test/review aggregator. I guess I can get a subscription to Consumer Reports like my grandma had, I'm almost 40 so it makes sense lmao",okayguy.cool,3,0,1,2026-04-03 01:05:35.918000,consumer product review,2026-06-02 18:36:17.769499,bluesky
531,bafyreihv47zls4w2im3js6brzg5ddinnpketdqnwvkp4yblrbcx2jifisa,at://did:plc:6xljc3ndovzfq64cy4yxrogg/app.bsky.feed.post/3mh7eyvnguc2x,"I've been encouraged to bring this series back, so let's roast poor survey choices with the return of #SurveyDesignLesson time!

Look, *I* know this is piped text, so I understand this is likely the backend product name. But the average consumer is going to have no idea what is going on.",kohizeri.bsky.social,4,1,1,2026-03-17 05:17:07.293000,consumer product review,2026-06-02 18:36:17.769499,bluesky
532,bafyreihisd2te427lkak5jadrgsg2dxpwrp6fdukhqfo42die76xtfny6i,at://did:plc:wnhlwfb44kfyi4gb6yc2tvbz/app.bsky.feed.post/3mgc3whmdps2y,🔃 {𝗮𝙅𝙎𝘿} My notes about the article… ⤵,ajsdecepida.bsky.social,0,0,1,2026-03-05 13:47:26.847000,consumer product review,2026-06-02 18:36:17.769499,bluesky
534,bafyreia37b2vuecppynnekdeirj7o5btfjm7mpu6ncizgvplhfmz4rseea,at://did:plc:xs2bla5dvv4dsfbesfdcxy4o/app.bsky.feed.post/3mf3v7amnf222,"Know that the employer can terminate for social media posts.

I’ll wield what voice I can. Without regard for how such could negatively reflect upon a non-human entity corporation/business.

This isn’t a negative consumer review of service or product upon YELP or similar web page.",dougiefreshoh.bsky.social,0,0,0,2026-02-18 09:05:57.773000,consumer product review,2026-06-02 18:36:17.769499,bluesky
535,bafyreigtz3hkowvwmknuniuaznfiwx3jk7fcrq7flrj57mcs4uaga4xo6m,at://did:plc:wu4d37o7ukir2jieaxdh6qhc/app.bsky.feed.post/3meyhopvrjo2o,"arXiv📈🤖
Conjugate Variational Inference for Large Mixed Multinomial Logit Models and Consumer Choice
By Zhang, Loaiza-Maya, Smith et al",paperposterbot.bsky.social,0,0,0,2026-02-17 00:26:05.499719,consumer product review,2026-06-02 18:36:17.769499,bluesky
536,bafyreih7bspkuy5fvh7qcnw6fa2vfhi4b2crb7mpdkw3toujzpwdgk7g4m,at://did:plc:3n2pxze27qd6ektsqbsvpbh6/app.bsky.feed.post/3meqyfcmbis2g,"You know what's hilarious? An angry consumer publishes a scathing product review and ends with, ""I will not buy ____ again!"" But they accidentally type ""now"" instead of ""not."" It makes them seem like an avid masochist—""I hate this product! Worst ever! I will now buy it again!"" 

I crack myself up.",quillbill.ink,0,0,0,2026-02-14 01:03:45.303000,consumer product review,2026-06-02 18:36:17.769499,bluesky
539,bafyreihycymkb3he4zadedotlrdykqhx3pnj2hvp2rjiquhg3yn4kuiqii,at://did:plc:xf6qljili3m7n4ykcc6qknnq/app.bsky.feed.post/3mc5conk4m22b,"Thinking about what more can be done to prove that reviews/testimonials are from real people - not just fabricated by the person wanting more reviews. Wondering if that's why video-reviews became popular over the written word - because you can see & hear someone? What are signs you

FULL TEXT IN ALT",tezmilleroz.bsky.social,2,0,0,2026-01-11 18:24:18.152000,consumer product review,2026-06-02 18:36:17.769499,bluesky
540,bafyreia4ncwt6owi22sxi6u3amwrjpkfgpyc3n2voswp2ji3fwa4r62bnu,at://did:plc:2dvxo5bwognw76okvlk2bsx2/app.bsky.feed.post/3mc56omk7fs2p,"like all consumer product reviews (technology is notably bad for this), it runs entirely on freebies so it's not in their interest to ever give anything a bad review.",janhopis.bsky.social,1,0,1,2026-01-11 17:12:42.140000,consumer product review,2026-06-02 18:36:17.769499,bluesky
541,bafyreifcmpczmk3beoyc6u3jhxuqhvpfhiq22fkiobr67ivarla4aoqhsa,at://did:plc:mbcj652so4czdogyn5ugz545/app.bsky.feed.post/3mbrus4u5kc2b,"Simple process, rigorous review. NSF’s SleepMark™ Program designates consumer sleep products that align with NSF’s evidence-based and consensus-driven recommendations, standards, and principles. Learn more and find out if your product is eligible to earn the SleepMark.

www.thensf.org/sleepmark/",sleepfoundation.bsky.social,0,0,0,2026-01-07 05:16:25.364000,consumer product review,2026-06-02 18:36:17.769499,bluesky
542,bafyreifq4lngursp4jxlfrjda6px3wdcigk554zdydxnskkkz2lb6y4ooa,at://did:plc:v46ojbiop5ebs5h7gaomixcc/app.bsky.feed.post/3mafrqf6rcs2q,"The one place I find these somewhat helpful is in a product review section. It’s nice to see an overview of consumer sentiment. 

But then again, if it’s on the manufacturers website, can the information really be trusted? 🤷‍♀️",brookie.blog,0,0,0,2025-12-20 16:24:37.280000,consumer product review,2026-06-02 18:36:17.769499,bluesky
543,bafyreig6qcce5nhbvcv4yivj2rybwics3ljn7r5m6ahsj2zqwuoxzmg7ua,at://did:plc:546epanfib3wouhjjjvpn4c4/app.bsky.feed.post/3ma6vn6sbwk2l,It’s ok. In many ways a Quest Pro 2 we never got. I haven’t done full review yet because of timing but it’s clearly more of a foot in the door development platform than a full fledged consumer product,scottstein.bsky.social,0,0,1,2025-12-17 22:45:46.715000,consumer product review,2026-06-02 18:36:17.769499,bluesky
544,bafyreieibebpkgilf67raks675vzyu5oswd35hpnnwa7awj5stplwnthfq,at://did:plc:lmn6rmhol2g5tki7b6z2jzb5/app.bsky.feed.post/3m6k55a44ms22,"After the brutal influencer review:

""Miserable #Jeep build quality? Well...that's how we build the show cars that we use to convince you to buy the real car...but the real car? Oh, yeah: best build quality ever...""

Why #Stellantis is cratering

www.freep.com/story/money/...",fakeconsultant.bsky.social,0,0,0,2025-11-26 23:08:55.015000,consumer product review,2026-06-02 18:36:17.769499,bluesky
545,bafyreignj33i66qyqowmrfz5ejvsz7ak7tqcn4zcw6r5o5hnlyotpnahjy,at://did:plc:wk4ks4sjxkducttvaawps2wb/app.bsky.feed.post/3m5vkemctkc24,"My antitrust attitudes paper with Nick Short and Jacob Brown is out now @poppublicsphere.bsky.social

doi.org/10.1017/S153...

We find:
- voters are skeptical about M&A
- current law marginalizes important public concerns (layoffs, bailout risk, lobbying)
- expert/public cleavage > partisan diffs",sophieehill.bsky.social,23,9,2,2025-11-18 18:39:46.820000,consumer product review,2026-06-02 18:36:17.769499,bluesky
546,bafyreidrnranmi6xdeedgek4chre4mzqmqftp4om6nzwcfth63se6f6fma,at://did:plc:fnxx3j6z2nwfmlma7obq3if3/app.bsky.feed.post/3m5k4z5z5ks2i,"@consumerlab.bsky.social Just learned about your resource from Dr. Neha Sangwan’s book Powered By Me. If a consumer does not  to find a brand for a product review on your site, how might they suggest or make a recommendation? Thank you!",liftandstitch.bsky.social,0,0,0,2025-11-14 05:41:26.973000,consumer product review,2026-06-02 18:36:17.769499,bluesky
547,bafyreiagw7apti4qs2izazh2fidvbx7xz5uxymioqs3m47yhy4l7hasiqi,at://did:plc:nxmjxl2wiyat43p3gikkt37w/app.bsky.feed.post/3m4v4vv63p42s,"Review: The M5 doesn't remake Apple Vision Pro into a hit consumer product, nor does it solve Apple's ongoing issues with lack of developer interest in the platform, but it is better, and that may be enough.",appleinsider.com,7,0,0,2025-11-05 21:13:38.000000,consumer product review,2026-06-02 18:36:17.769499,bluesky
548,bafyreic4qszfgncpxpjlym6xaqguwfpu26qu5hcv4sj7twdygifemynzb4,at://did:plc:sczlpovw32qb4sbayubq5olf/app.bsky.feed.post/3m4qc33ujts2w,I just think it’s hilarious first these assholes stole almost $20 I can’t afford for this nauseatingly smelling sunblock that has absolutely zero indication on it that it has any fragrance at all I left feedback complaining about that so they sent this email and had me wait on hold for 11 minutes,smenor.com,3,0,0,2025-11-03 23:02:47.338000,consumer product review,2026-06-02 18:36:17.769499,bluesky
549,bafyreigiaxzlctn2tpw22oaia5kuv5bgvby5e7cffrslvrsvvocwfjbv4a,at://did:plc:ap27r2vrhui7xz3z4okbnjrx/app.bsky.feed.post/3m4buewh4fk2k,"I made this a while ago to explain why I am all for finding tumors with it, but not for it writing TV shows. Feel free to use it (public domain), however Bobs Burgers Sagan is nightmare fuel, I am aware. Maybe I should have used AI... </s>

The term is broken. Intentionally.",yourlamentablefriends.com,1,0,0,2025-10-29 05:20:28.441000,consumer product review,2026-06-02 18:36:17.769499,bluesky
550,bafyreidmqrhyp3leqkvpws3jqc3zcsybrn67aatxlaltevcyzkcr3xho4i,at://did:plc:6zqecb5gxtc43ccgpcx4fmam/app.bsky.feed.post/3m4bgtpxqpk27,"Fans of VAT food and drink cases will enjoy this decision, where the Tax Tribunal was entertained with two days of argument on whether Ferrero Nutella chocolate biscuits (pictured) are “covered in chocolate”. caselaw.nationalarchives.gov.uk/ukftt/tc/202....",georgeperetzkc.bsky.social,66,16,6,2025-10-29 01:18:12.608000,consumer product review,2026-06-02 18:36:17.769499,bluesky
551,bafyreibfskisdwdhvrevma6gguzkpgx3zrfigr2pxzuujt47pqhwjqdytm,at://did:plc:budfqiofzq5hyzxqnm3uc2s3/app.bsky.feed.post/3m3v5ggaddc2j,"The Update... HASLAB OMEGA PRIME OPTIMUS PRIME... 

A complete synopsis of the Haslab optimus fiasco, as well as my personal experiences and feelings towards the situation! 

Reviews in alts!",adorableava.bsky.social,3,0,1,2025-10-24 03:57:45.596000,consumer product review,2026-06-02 18:36:17.769499,bluesky
552,bafyreie6pwybzkiyx5fvb6nzgtgsk6ocsnu2pw2jrqbvxk3zxiybxvhwme,at://did:plc:fwks525g7gw5wc7ul2wg4wj5/app.bsky.feed.post/3m2cqdrewuc2z,"I've never read a review of a consumer product that sounded this terrible

...except maybe that other useless AI gew-gaw, the Rabbit R1.

Worth reading for the absolutely scathing prose alone",mims.bsky.social,16,1,2,2025-10-04 02:50:31.134000,consumer product review,2026-06-02 18:36:17.769499,bluesky
553,bafyreifcdmfkjdcv6vgn7a7fjlqwmads7225jffc3dngotuidukrrexmfu,at://did:plc:vgiruqwiml7lbxnkjipwcyln/app.bsky.feed.post/3lzyj7rnsac2k,"After several posts talking about what I’ve put into production, this. Are people still reading the verge and taking it seriously?",erisianrite.com,2,0,0,2025-09-30 01:16:23.627000,consumer product review,2026-06-02 18:36:17.769499,bluesky
554,bafyreieoksvkpviwidza3erf2guknk3qgxref2gtpbgvmft4mwsi4iuytm,at://did:plc:x56l2n7i7babgdzqul4bd433/app.bsky.feed.post/3lzyisyewms22,Okay you let me know when your consumer AI product ships and I’ll review it,reckless.bsky.social,13,0,1,2025-09-30 01:09:14.471000,consumer product review,2026-06-02 18:36:17.769499,bluesky
621,bafyreicu7i3p5ixhbkqgzhtygavksrnezaqhbbesxrxhrfm5ybmnkhepya,at://did:plc:44qzcr2vlte2j647kw65wlkp/app.bsky.feed.post/3mmrjbweodc26,"🎉 Introducing BLUESKY POST PACKS™, now available to purchase online in the Bluesky Store!

4 posts: $1.99
22 posts: $4.99
48 posts: $11.99
120 posts: $24.99
210 posts: $49.99 (💎Best Value💎)",eizebasa.baby,23,3,3,2026-05-27 01:27:38.441000,best online store,2026-06-02 18:36:18.629748,bluesky
555,bafyreifmd4tpg2omm6zmjmmyq3niqls4mykk4hwedo3mxbmwr7eudwmov4,at://did:plc:xsm2wqdglnvvxdzkjucwjwqg/app.bsky.feed.post/3lzxpivtqvc2r,"Unlock Beauty Market Insights with Nykaa Review Scraping — where consumer sentiment meets smarter brand strategy.

🔗 Read more : www.iwebdatascraping.com/scraping-nyk...

#NykaaReviews #BeautyTrends #ConsumerInsights #WebScraping #iWebDataScraping",iwebdatascraping.bsky.social,0,0,0,2025-09-29 17:36:12.716000,consumer product review,2026-06-02 18:36:17.769499,bluesky
556,bafyreif5iz5lq67pmidvekx3y3a7ugqqxyeta5lwx4ehaaw4lsm5e2ryqm,at://did:plc:tpg3qzw3niphci6ne5wdprfr/app.bsky.feed.post/3lzo3swibm22e,"So, I am okay with review copies for movies, books, etc. I am very much against press junkets for same. This is a pretty standard opinion.

I am very much AGAINST free product for consumer reviews. Both Consumer Reports and America's Test Kitchen refuse them.",moviessilently.bsky.social,15,0,1,2025-09-25 21:49:56.457000,consumer product review,2026-06-02 18:36:17.769499,bluesky
557,bafyreih4ct45z6mpltlkyqgqa6i35igr37sesfdilwsdq3txthacfo7itm,at://did:plc:wub2azafoayc2n4z3xknqtku/app.bsky.feed.post/3lzj5xpkqrc2g,"Yes, there are better sites for this kind of product review. I remember back when Wirecutter first came out, it seemed more of a genuine place for online consumer reporting. My guess is someone bought them out and ruined the company.",art-and-soul.bsky.social,1,0,0,2025-09-23 22:45:05.761000,consumer product review,2026-06-02 18:36:17.769499,bluesky
558,bafyreidujitxrvc7co44q6l4tlqvme2dwhm3vsaghuaozh5ao47nbbesea,at://did:plc:wnhlwfb44kfyi4gb6yc2tvbz/app.bsky.feed.post/3lzhlajncfk27,Précis of Justin Jouvenal’s report follows ⤵,ajsdecepida.bsky.social,1,0,0,2025-09-23 07:37:13.629000,consumer product review,2026-06-02 18:36:17.769499,bluesky
559,bafyreibfag6mgnoje5fu5bvf2j2y4tdot7wvpzpmks3wj5fnezm22okeqe,at://did:plc:k6d25mtqh4noqsbcjpbta47s/app.bsky.feed.post/3lxrejha6f22n,"You sometimes see consumer product reviews that are explicitly written about something that has just arrived and the reviewer is honest about not actually having used yet, I assume because they were nagged to ""review"" it the day it arrived. I don't get who this benefits.",elderpegasus.bsky.social,0,0,0,2025-09-01 18:13:18.108000,consumer product review,2026-06-02 18:36:17.769499,bluesky
560,bafyreic5pprsz3jki7emac2z3mhoslo5bdz6lzo7awebrenhjg3om4fih4,at://did:plc:3tlorkn3ukfs7ppcibkf4z5b/app.bsky.feed.post/3lwxovkplxc2t,Shit like this being posted by a user who proudly linked to the A.I. music they made is why I’ll never quit this awful web site. 🫡,zis.bsky.social,2,0,0,2025-08-22 13:09:48.623000,consumer product review,2026-06-02 18:36:17.769499,bluesky
561,bafyreig5fm6dvvtxjhs7ihiddhctnpjyw2jocjvzeke2j6esdiunixgkvy,at://did:plc:uotbqign3uf4urlsyo5ctqyw/app.bsky.feed.post/3lww3rgxd3c2y,"IMO this is the only type of review that's useful or interesting. I miss the way people used to obsess over scores on Punknews.org in a nostalgic sense, but the way that scoring model treats art as a consumer product has always led to toxic tendencies and an underselling of music's expressive value.",bensailer.bsky.social,2,0,0,2025-08-21 21:54:49.641000,consumer product review,2026-06-02 18:36:17.769499,bluesky
562,bafyreibtioi2f22zhstk5ll55ahyvq7zhqar64jbwdv3mcgesp42beyxei,at://did:plc:ujutgvmcjrwh2tmgp44g5blb/app.bsky.feed.post/3lwv76jjfdc2p,"I read it so you don't have to and it's Trumpist hypocrisy about wanting us to have access to All the Products because safety standards reduce our choices. Because folks definitely want to choose the death products.

Link to CPSC announcement: www.cpsc.gov/Newsroom/New...",ebthen.bsky.social,4,0,1,2025-08-21 13:23:09.983000,consumer product review,2026-06-02 18:36:17.769499,bluesky
563,bafyreih67nynumuwqwo5huapnbabcujrxitxtukfe2dsyvwjgd267kz3wy,at://did:plc:z4llsx425l4htoylyyx6iam3/app.bsky.feed.post/3lw2p6vpx522s,Are there any consumer product review/recommendation sites that aren’t hopelessly compromised and bankrolling transphobic/genocidal publications,antlervel.vet,52,1,8,2025-08-11 00:27:49.757000,consumer product review,2026-06-02 18:36:17.769499,bluesky
564,bafyreiduvodwhqchezshzvfdcef7krw3vabt2op47zbuw3amvcqco7xfri,at://did:plc:bskk3g542diirnxrb7gi6mau/app.bsky.feed.post/3lvo7mxeegk23,wirecutter has a few on a list that seem decent enough but I'm so wary of like any consumer product news/review site these days,rainykoishi.bsky.social,0,0,1,2025-08-06 01:17:24.507000,consumer product review,2026-06-02 18:36:17.769499,bluesky
565,bafyreihnv4rq5ir7dag6yqhb6ndbxgfc6tvadhxcgyvyry6c6qlncsv2xi,at://did:plc:xxp5gdmyjhsybtub3qzjzslj/app.bsky.feed.post/3lvbbguj57s2r,"Leverage #BestBuy & #EBay review #Scraping to #ExtractProduct feedback & perform sentiment analysis for deep consumer insights in the #USMarket.

www.actowizsolutions.com/us-product-r...

#ReviewScraping #SentimentAnalysis #CustomerFeedback #EcommerceAnalytics #ActowizSolutions #USMarket #USA #UK",actowizsolutions.bsky.social,0,1,0,2025-07-31 21:45:11.072000,consumer product review,2026-06-02 18:36:17.769499,bluesky
566,bafyreid5hvhago6gz4udqdwljpm3ihmtlyvoxpkflcjr7wdyyj7sdn5of4,at://did:plc:cjmzd3u3bzqn62jqvk4ab3df/app.bsky.feed.post/3luoammlp3k2m,"We could stop buying stuff...

#USA #MyThoughts

~ Supreme Court Lets Trump Fire Consumer Product
Safety Regulators ~

www.nytimes.com/2025/07/23/u...",dalfen.bsky.social,1,0,0,2025-07-24 08:09:55.278000,consumer product review,2026-06-02 18:36:17.769499,bluesky
567,bafyreih7r2xcsy3ahobqpbvgrp4xn6qpo2wg7clpbu7hxwalfqqvdfarta,at://did:plc:tpg3qzw3niphci6ne5wdprfr/app.bsky.feed.post/3lug3g3izlk24,"Again, if an art influencer didn't spend their own money on a product, why should you spend yours?

And that new supply they were ""obsessed"" with? Disappears after the initial review never to be seen again. Buyer beware because nobody is watching your back as a consumer and a newbie.",moviessilently.bsky.social,6,1,1,2025-07-21 02:15:29.471000,consumer product review,2026-06-02 18:36:17.769499,bluesky
568,bafyreibnbkw6qpqbe4yf6n5ykgwhg3duesyrfequotqmhy5kvs6ufvtgkm,at://did:plc:o573bh3i4cpzxuin43sqnaxh/app.bsky.feed.post/3lueownwh3c2z,"I hate corpo techbro culture so much that I could easily make a dedicated thread to it (and I just might) but the most recent thing to piss me off is how much tech and the people who review and talk about it treat it like it's fashion, *fast* fashion, instead of as a consumer product",panja.bsky.social,0,0,1,2025-07-20 12:59:27.274000,consumer product review,2026-06-02 18:36:17.769499,bluesky
569,bafyreic2ruprkbrbac55hx2ezxzbap3l6ot3eolseemhf3mcasg43pbdza,at://did:plc:bjgso3nzkp2rqxso4xfwdofl/app.bsky.feed.post/3luby66umec2c,Personally I think it’s awesome that technology has decayed so badly in terms of performance benefits and commitment to a well made and useful product that a hardware review show has mostly pivoted to consumer advocacy and investigative journalism to find wtf is going on. Seems normal!,thedimpsler.bsky.social,1,0,0,2025-07-19 11:06:44.382000,consumer product review,2026-06-02 18:36:17.769499,bluesky
570,bafyreibqh3g3qik2a3nu2ce7ezfivd2nm73lk236zuandrn2fliuari2dy,at://did:plc:kzobxs62mdnw7mipo6xygset/app.bsky.feed.post/3ltf5iokwsk2a,"Get this effing merch out of here, part 2:

#etsy

Pls feel free to leverage for your own help center complaints 🤠",desqatarian.bsky.social,2,0,0,2025-07-07 23:54:52.671000,consumer product review,2026-06-02 18:36:17.769499,bluesky
571,bafyreihzhtvimen5k4ttueud7bhsyld4fvtwo5isllkmoskvryl3ruo6pi,at://did:plc:pilzwy6s5tltapo7yrqnmmn6/app.bsky.feed.post/3lsitupvlg22h,"whenever the discussion of fairness in games shows up i'm reminded of this something awful review of F-Zero GX (warning: contains typical Something Awful jargon, i've done my best to redact the worst parts)",zaratustra.bsky.social,2,0,1,2025-06-26 17:48:06.639000,consumer product review,2026-06-02 18:36:17.769499,bluesky
572,bafyreicx3dw3od5ta67zkjq7cx4ctcfzrgb32xpd7eryukxfpiwhvkm24q,at://did:plc:ra74qhtupf4o5lmee637ptje/app.bsky.feed.post/3lshbgcclqc2z,"Wirecutter covers just about every consumer product under the sun, but then like I was saying, for tech gear I've learned that Rtings.com is even better than Wirecutter.

Every review is totally, comprehensively accurate about what you're going to get.",grizwald.bsky.social,1,0,0,2025-06-26 02:45:15.533000,consumer product review,2026-06-02 18:36:17.769499,bluesky
573,bafyreiaeocuxqssak3hp45zriru2sl2373zahssefbzjvhmuptf6z4d4he,at://did:plc:yezjmch53wfkkmm7i3hiccua/app.bsky.feed.post/3lqkbu5zejl2a,"And because it is so fundamentally important, it really should be talked about in every review, because all of those reviews are based on a localized product! And with ANN being one of the biggest English sites covering JP media, their (non-)coverage has a considerable impact on consumer awareness.",daiz.moe,0,0,1,2025-06-01 20:40:32.819000,consumer product review,2026-06-02 18:36:17.769499,bluesky
574,bafyreihe3d4lsaw7tpefjdqmcva43g7rvy55rkyj3uwollynf3m3avpj4a,at://did:plc:p6d6paif22nnftdtu6awewi5/app.bsky.feed.post/3lq7fyollds2o,"Fashion moves fast
But reviews move faster

🔍Scrape Myntra reviews to:
✅Spot trending keywords early
✅Predict demand spikes
✅Guide merch with real shopper insights

From streetwear to sarees—know what's trending before it trends
www.datazivot.com/predict-fash...

#FashionTrends #MyntraReviewScraping",datazivot.bsky.social,0,0,0,2025-05-28 12:55:26.193000,consumer product review,2026-06-02 18:36:17.769499,bluesky
575,bafyreifhhng7mxrwdn2o2tsnfh2bosyh35mn6lkhcgvwqjicpsvzvarv3i,at://did:plc:jm7tdjepc37awspemg2mjm36/app.bsky.feed.post/3lozdwlaqv224,This stereo buying guide is intense.,talcotts.bsky.social,2,0,1,2025-05-13 09:37:18.023000,consumer product review,2026-06-02 18:36:17.769499,bluesky
576,bafyreiesjj2ufiktejtmx22xhoceohlfgdv72ezlrpaoqxpdbhw5q6xdna,at://did:plc:3f4qf6x3djd7xvdf3wcirvun/app.bsky.feed.post/3loy3yzyerk2y,"Couldn’t even fit all the screenshots in one post. 

You’re telling me all of these went through reasoned decisionmaking?",williamlidc.bsky.social,4,1,2,2025-05-12 21:42:49.097000,consumer product review,2026-06-02 18:36:17.769499,bluesky
577,bafyreiabfnvxush2eqqiztffoxeq6x2hjak5w62ykr3g6zgr5lhcgsi4m4,at://did:plc:zuviek4mk7wswsdkzaqvjvah/app.bsky.feed.post/3loraotdg422n,"And here's Bob's Red Mill (and, less impactfully, Pamela's) stumbling into instant breakup territory.

Nah bitch, the Prop 65 label means ""not tested to CA standards,"" not ""known unsafe."" Regardless, when your product is THIS far out of line, it's not adequate.

BRM apparently can't be trusted.",fritterary.bsky.social,16,8,5,2025-05-10 04:17:58.862000,consumer product review,2026-06-02 18:36:17.769499,bluesky
578,bafyreiev7l5jzbzv5i3khwsb4i6icpi43d4snscspo37nq4as7vrztq6ye,at://did:plc:py2etiu73q5fokg6ghmtlfn7/app.bsky.feed.post/3ln7d62nya22h,"SATURDAY SNACK REVIEW Double Feature

Dill Pickle & Ranch and BBQ & Pizza
Pringles Mingles

A surprisingly special puffed snack

In an era of staggering and unparalleled consumer choice, it’s pretty rare for a product to come along and do something genuinely inventive in its genre.  (1/9)",themcmr.bsky.social,2,0,1,2025-04-20 07:49:10.519000,consumer product review,2026-06-02 18:36:17.769499,bluesky
579,bafyreid2lbmxvuy75mmkavntf56lstuxaofut6i2zsp6z6r5zn2jgnewyi,at://did:plc:laljscqt3seua3e6z4zypvmj/app.bsky.feed.post/3lmszl3gfjc26,I think there's this line between consumer product review (how many pixels/bits/fps does it have) and critical analysis that gets blurred in a way that film crit isn't subject to (unless maybe talking about a remaster or something).,juv3nal.neocities.org,0,0,1,2025-04-15 10:25:33.249000,consumer product review,2026-06-02 18:36:17.769499,bluesky
580,bafyreibgswinrsqjkxqlo4vnk6c6gofw3zghy5jm7glxbtddnlrxw67pfe,at://did:plc:wqhhxg36ofhh4cbhe2l2qevm/app.bsky.feed.post/3lmabiqte622m,the timeline knows,ennui.org,4,1,0,2025-04-07 23:26:49.886000,consumer product review,2026-06-02 18:36:17.769499,bluesky
581,bafyreiaycxwfxitrevdz2f2nwjamrynm6w4iw6xoornkischtt3c2i2qtq,at://did:plc:3qotytguhjcdjxpfr2ghd6lz/app.bsky.feed.post/3lly77y7yvk2b,Gloucestershire Libraries being fast and helpful. Asked last night for a Which/Consumer Association product review and got this morning. All for free.,acuity.design,3,1,0,2025-04-04 18:24:50.309000,consumer product review,2026-06-02 18:36:17.769499,bluesky
582,bafyreidt2273umrzpw5on5ketni7a3ihok6ystr3q5nxscaqcrloulphka,at://did:plc:fkkbvor6yichp4t3l3gcitm6/app.bsky.feed.post/3llwrgppbak2q,"i'm making this equation to help see: 

- generated code needs careful review and revision before shipping to production.

- generated translation needs careful review and revision before shipping to consumer of final product. 

we cannot lose skillset for either",solarizedtitanium.gg,1,1,1,2025-04-04 04:45:24.130000,consumer product review,2026-06-02 18:36:17.769499,bluesky
583,bafyreigi7dab5kmepb3gultulml5ubhiugwafy66kteo4omlzsvibxhiuu,at://did:plc:6xgaw6hajnfgho7ob45ouq5q/app.bsky.feed.post/3ll5yifgzvc2l,"I personally just review product from growers. However, I will pass the word along to the community! Thank you for checking in. I use to grow back in 2006 - 2008, but now I'm just a full-time consumer 🌬️ 🔥 🌲 

Appreciate you homie 🙏",cozycastle.bsky.social,1,0,1,2025-03-25 08:15:03.218000,consumer product review,2026-06-02 18:36:17.769499,bluesky
584,bafyreibdov3ekqw5iwvmaeh5a5mzvl6ne6kk2i72472k3uwlsgp7lh2ive,at://did:plc:uxvc5nwyutzf5gtu4x7jqyk3/app.bsky.feed.post/3lkt4eqyxbk2j,"On Fox News today

HHS Secy Kennedy said FDA and NIH now planning to ""test comprehensively"" baby formula for heavy metals

He also said they are planning to ""strip away the red tape"" around formula brands changing their ingredients

tinalexander.github.io/notes/2025/0...",alexander-a-tin.bsky.social,11,2,2,2025-03-21 00:25:18.964000,consumer product review,2026-06-02 18:36:17.769499,bluesky
585,bafyreia6l7c4a2uqrr75bpdz25aq2nlmevqqcirsjai5n2lt2wprayesdm,at://did:plc:romeo672lk6qjtxpnwqbypvv/app.bsky.feed.post/3lk2uj62zv22m,"I wonder if the Murano at 21st and Market is also banning Teslas from their garages? Nope 

Zero e-bike fire deaths in Philly and NYC has reported a 67% decrease (2024 vs 2023) after sensible battery regulations were implemented.",fjohnboyle.bsky.social,7,2,0,2025-03-11 09:00:43.195000,consumer product review,2026-06-02 18:36:17.769499,bluesky
586,bafyreifz5vkzq2brl7hnfsp5aiqxqjwmpy3mzprrrw242ct6pw6jq3er3a,at://did:plc:w5kx5gnxjlnoorjsriwmskwz/app.bsky.feed.post/3ljvcdovbgu2s,"AEW 2024 financial estimate and business review
Revenue continued growing last year, we estimate, driven by media rights fees, while live event and consumer product sales likely declined.",wrestlenomics.com,1,0,0,2025-03-09 03:52:09.983289,consumer product review,2026-06-02 18:36:17.769499,bluesky
587,bafyreifazqnu7opsk4omthm3viknan2hkb2hmk7632zkbwoovsctgb3jku,at://did:plc:cdjxctllhi7ncwjqye5f2b44/app.bsky.feed.post/3ljnxsgsqul22,"Whether it is the review of a product on Amazon, or a more critical determination as to where to move a disabled loved one, reviews and firsthand information are important tools that the public use in their decision-making.
It is imperative that the consumer protections the TCPA affords (43/45)",pirati.bsky.social,0,0,1,2025-03-06 05:54:58.000000,consumer product review,2026-06-02 18:36:17.769499,bluesky
588,bafyreibt4ax7gqk7tz3bmt4kkpzhfbdocc23g74q43rnu7uvyjpxbqdzwu,at://did:plc:w5kx5gnxjlnoorjsriwmskwz/app.bsky.feed.post/3ljnueaooyn2b,"AEW 2024 financial estimate and business review
Revenue continued growing last year, we estimate, driven by media rights fees, while live event and consumer product sales likely declined.",wrestlenomics.com,5,2,0,2025-03-06 04:53:20.229626,consumer product review,2026-06-02 18:36:17.769499,bluesky
589,bafyreic5abo3wct4qzxnldi26gfapsz4piby4zi2we7bip5xy5i235z7hm,at://did:plc:f4hfugs4xvuojjaxggtzhvqk/app.bsky.feed.post/3ljgamlzvak2c,"I get that, but from the viewpoint of the consumer, the product (review) is compromised. The end result is a bunch of samey looking day-one reviews that cannot compare to the long form content put out by most creators on YT (whose audience where the mockery comes from, mostly)",honkindeagle.bsky.social,1,0,0,2025-03-03 04:11:28.931000,consumer product review,2026-06-02 18:36:17.769499,bluesky
590,bafyreifeg4rzqa6mmacil7snw4kwuq4umupjcdw2kmo2i7hmkw4anb35dm,at://did:plc:w7jirivxkdpu4gvmdgsito3k/app.bsky.feed.post/3likqgmto5s2r,"In an act of Caesarian aggrandizement, Trump's new executive order asserts total control over all of the below, plus the Federal Election Commission (with a small carveout to say the Fed can still set interest rates and the like independently). www.whitehouse.gov/presidential... #coup",climatebrad.hillheat.com,9,5,3,2025-02-20 05:39:55.639000,consumer product review,2026-06-02 18:36:17.769499,bluesky
591,bafyreihy3fun6xmio4gwndezdlm7j7ysatfaqquublvedadrjrpoddikee,at://did:plc:342shbjg22m3nqfondds4k7j/app.bsky.feed.post/3lihpnjka222c,"MITOLYN REVIEW 2025 -⚠️Beware! Honest Cutomer Reviews Revealed!
What is Mitolyn? Mitolyn supplement is a cutting-edge health product formulated with natural, 
MITOLNY 70% OFF Official Website:
bit.ly/Mitolyn-Offi...
RELATED SEARCHES:
#Mitolyn #Mitolynsupplement #Mitolynreviews #Mitolynusa",mitolynreviews.bsky.social,0,0,1,2025-02-19 00:47:54.109000,consumer product review,2026-06-02 18:36:17.769499,bluesky
592,bafyreihiw27lkj25wey6nrvk46rd6wk2xsa2twu5ownlnt6cskm27yf5mm,at://did:plc:342shbjg22m3nqfondds4k7j/app.bsky.feed.post/3lia4mvdb5c2t,"MITOLYN REVIEW 2025 -⚠️Beware! Honest Cutomer Reviews Revealed! MITOLYN REVIEWS - MITOLYN SUPPLEMENT
	
Mitolyn reviews consumer reports frequently highlight its effectiveness. 
MITOLNY 70% OFF Official Website:
bit.ly/Mitolyn-Offi...

RELATED SEARCHES:
#Mitolyn #Mitolynsupplement #Mitolynreviews",mitolynreviews.bsky.social,0,0,1,2025-02-16 00:18:53.647000,consumer product review,2026-06-02 18:36:17.769499,bluesky
593,bafyreicyltdnafq63bou76curbfpwlqvgotobwwhsfsd6ienyk5qlfua6a,at://did:plc:342shbjg22m3nqfondds4k7j/app.bsky.feed.post/3li5lnmk7ck2f,"MITOLYN REVIEW 2025 -⚠️Beware! Honest Cutomer Reviews Revealed! MITOLYN REVIEWS - MITOLYN SUPPLEMENT

 Mitolyn reviews consumer reports frequently highlight its effectiveness. 
MITOLNY 70% OFF Official Website:
bit.ly/Mitolyn-Offi...
RELATED SEARCHES:
#Mitolyn #Mitolynsupplement",mitolynreviews.bsky.social,0,0,1,2025-02-15 00:09:41.057000,consumer product review,2026-06-02 18:36:17.769499,bluesky
594,bafyreiddfpl5jvfhx7ury4ayknx5pej6xza43urtxledhuczt5l34ra72m,at://did:plc:zhmx37qg2loxgc6ejj6pvubi/app.bsky.feed.post/3li32er7bhc2b,"It's the same with any consumer review. Don't give an above average rating for ""I ordered, paid, received the ordered product in the time advertised."" This is how it's supposed to be, i.e. average i.e. 3/5 stars. Not less, but also not more.",hel-oween.bsky.social,0,0,0,2025-02-13 23:55:14.714000,consumer product review,2026-06-02 18:36:17.769499,bluesky
595,bafyreihz27pffb6vh455tu4bvyxr3scttdeaddrrnc7jjtfq4b5rnf5kta,at://did:plc:342shbjg22m3nqfondds4k7j/app.bsky.feed.post/3lhw2qpv3j22z,"MITOLYN REVIEW 2025 -⚠️Beware! Honest Cutomer Reviews Revealed! 
, Mitolyn reviews consumer reports frequently highlight its effectiveness. 
MITOLNY 70% OFF Official Website:
bit.ly/Mitolyn-Offi...
RELATED SEARCHES:
#Mitolyn #Mitolynsupplement #Mitolynreviews",mitolynreviews.bsky.social,0,0,1,2025-02-12 00:18:32.342000,consumer product review,2026-06-02 18:36:17.769499,bluesky
596,bafyreibymddidyjwctoccyqvbrq6s2w66q6o3vsjifwbcjgi7ka426p4ja,at://did:plc:qalrxj23af2cgbtqhpifkwnc/app.bsky.feed.post/3lhrbppkeas2g,"As a consumer, you can review books for other consumers. But an author shouldn't be expected to take constructive criticism from every single reader, especially about a finished product they can't change. They get their constructive criticism from professionals.",amykbooks.bsky.social,2,0,1,2025-02-10 02:40:00.887000,consumer product review,2026-06-02 18:36:17.769499,bluesky
597,bafyreibpmak6yu54zsnbb3njhtdflvtzpnf6kyvfrfc43lmp77ikobqqqa,at://did:plc:342shbjg22m3nqfondds4k7j/app.bsky.feed.post/3lgxbmnyej22e,"MITOLYN REVIEW 2025 -⚠️Beware! Honest Cutomer Reviews Revealed! MITOLYN REVIEWS - MITOLYN SUPPLEMENT
 Mitolyn reviews consumer reports frequently highlight its effectiveness. 
MITOLNY 70% OFF Official Website:
bit.ly/Mitolyn-Offi...
RELATED SEARCHES:
#Mitolyn #Mitolynsupplement #Mitolynreviews",mitolynreviews.bsky.social,0,0,1,2025-01-30 18:28:51.622000,consumer product review,2026-06-02 18:36:17.769499,bluesky
598,bafyreiee3kd7jkb34hjk6f5vyxs2saf2dsd6ndfoow5qsdjgf74tqx4nya,at://did:plc:342shbjg22m3nqfondds4k7j/app.bsky.feed.post/3lgutktdqzc2m,"MITOLYN REVIEW 2025 -⚠️Beware! Honest Cutomer 
 Mitolyn reviews consumer reports frequently highlight its effectiveness.

Official Website:

bit.ly/Mitolyn-Offi...
RELATED SEARCHES:
#Mitolyn #Mitolynsupplement #Mitolynreviews #Mitolynusa",mitolynreviews.bsky.social,0,0,1,2025-01-29 19:12:02.525000,consumer product review,2026-06-02 18:36:17.769499,bluesky
599,bafyreicqpddr3nue2oy7q3hca4ndyqlkhoidibdy4molhyfr3prjkal4ga,at://did:plc:mamnjkf2ftnf6yq5lfg27ln6/app.bsky.feed.post/3lgtk3nhzhk2s,Do you know of any product review orgs that focus on compatibility and lifetime of device? Rtings tries to do updates to their reviews over the lifecycle of devices but it's very spotty. I can't even really describe what has happened to Consumer Reports. It's a huge need in the time of influencers.,ahk.bsky.social,2,0,0,2025-01-29 06:49:59.150000,consumer product review,2026-06-02 18:36:17.769499,bluesky
600,bafyreiavzg5ypee6lxjgx7xj73czj77rwylamijftzwx2kkaricag7xxvq,at://did:plc:autn3ts7j4souimn33gdmhcc/app.bsky.feed.post/3lgnfzur7qc2w,How do you review a consumer product? yourfirstbyline.substack.com/p/how-to-rev...,ryanbeckwith.bsky.social,9,2,3,2025-01-26 20:21:26.285000,consumer product review,2026-06-02 18:36:17.769499,bluesky
601,bafyreigfzfaz6tvxjzlidzoaxbr3gmkthczlgg7w5kdgubm25a2fi5k7vq,at://did:plc:uxvc5nwyutzf5gtu4x7jqyk3/app.bsky.feed.post/3lgitezawqc2b,"On Jan. 21, White House records show Trump administration has now formally withdrawn proposal to ban menthol cigarettes

www.reginfo.gov/public/do/eo...

You'll recall that FDA's proposal had already effectively stalled out during Biden, though officials insisted was still priority",alexander-a-tin.bsky.social,6,2,0,2025-01-25 00:37:00.044000,consumer product review,2026-06-02 18:36:17.769499,bluesky
602,bafyreiftxpjnqfj6on62m3o2towpyx4kyv5gfcpyme4yu24nl3lychjuyu,at://did:plc:hzusagqsphxe5origlk7ryey/app.bsky.feed.post/3lgg7crhmcc2v,"Sharing our latest @forbes.com Expert Panel article on 12 considerations leveraging reviews to boost your SEO. 

Check-out our article at link:
bit.ly/4joSUlF

#SEO #ConsumerReviews #Forbes #ForbesCouncils #ForbesCommunicationsCouncil",toby8wong.bsky.social,1,0,0,2025-01-23 23:32:30.445000,consumer product review,2026-06-02 18:36:17.769499,bluesky
603,bafyreidcmgej76bj4sbxptcihioo66bv3rkidk2azltadlbmpn5ycwiame,at://did:plc:7l7f2njau2jljpphrj3hg345/app.bsky.feed.post/3lfuvfpqzgc26,"Yeah, I've switched to mostly playing Deck because it has more games I want to play right now, but whenever I go back to my Switch for a review it just feels more friendly and cohesive as a consumer product",sporkyreeve.bsky.social,2,0,0,2025-01-17 02:19:56.357000,consumer product review,2026-06-02 18:36:17.769499,bluesky
622,bafyreiaolckua5c7qolza7cijiuzuijypc7ha3vdetu2nxkunridtktg7a,at://did:plc:bfmlb2jbmqbki3tyupxenxhj/app.bsky.feed.post/3mmr7mnnzss2x,"Fairground Online
CoasterGalaxyWorld. Steam disclosure -y",duckaislop.bsky.social,5,3,0,2026-05-26 22:34:40.988000,best online store,2026-06-02 18:36:18.629748,bluesky
604,bafyreienyaarruq45ydapxa2t2xija2hyup2kbgrsqckzlcp64pf7krnki,at://did:plc:jtzezhs57qvssjeihfxxt7nq/app.bsky.feed.post/3lfrbmtvias2h,"Following the example of someone online: After my 2-week trial period, I'm exercising my consumer rights to return 2025.
I'd also like to add my review of your product 2024. 
It started OK, got a little rocky, then started improving, yet it ended very badly with no credibility.",laylahawke2.bsky.social,4,0,0,2025-01-15 15:48:01.527000,consumer product review,2026-06-02 18:36:17.769499,bluesky
605,bafyreib3zal52bftnsgd5dzfk57xaq7leknzbt4gdlrxw2zzyzgfognfku,at://did:plc:wbmw5r5a2j7txv72ggne2uoe/app.bsky.feed.post/3lf3cq6yfnk2h,"Thinking about #selling a #consumer product?

Our Regulatory Robot will guide you through our requirements to identify important product safety requirements that you should review before manufacturing or importing your consumer product.

Start here: cpsc.gov/Business--Ma...",cpsc.gov,150,19,3,2025-01-06 22:09:13.311000,consumer product review,2026-06-02 18:36:17.769499,bluesky
606,bafyreihk5v3n6m36hyhols75tyaj55aykklggmjlnu3fschdfj3rtaobma,at://did:plc:qga5xhqsujslfvhrjt5bqswp/app.bsky.feed.post/3lekdh3726c2e,"This is a great question! I have some thoughts both on the producer and consumer side of Pathfinder Infinite...

1. Reviews! PFI products in general need more reviews (and ratings, but I suspect reviews have a larger impact) posted. After you purchase and read a PFI product, please leave a review.",wbrianlane.bsky.social,5,1,1,2024-12-31 04:06:45.540000,consumer product review,2026-06-02 18:36:17.769499,bluesky
607,bafyreift5czi6pqqrkmyj5itglu6dalwkyyyuxj36vsvwfdu2dt5i6elz4,at://did:plc:fpwmqguxrjcexl4himx5lidl/app.bsky.feed.post/3lecsm2lses2c,"So I really didn't appreciate the state of trying to research a product in 2024. I don't feel like I can trust anyone. I go looking for a website or a video review of a product, and everything feels tainted by marketing. Consumer Reports remains dependable, but they don't review everything.",aeiche.bsky.social,0,0,1,2024-12-28 04:16:40.904000,consumer product review,2026-06-02 18:36:17.769499,bluesky
608,bafyreifuduyf45ws6yf2gdprtnja2p5m5izg37agai4jx2xpywgn7adk2a,at://did:plc:ujafzee4rojvbuf2xugdgcqh/app.bsky.feed.post/3ldzivc6bss2p,I wrote a long comment on the video that I was gonna post wherever I first saw the link but I lost it and here's as good as any place. Enjoy.,gaylord.pink,1,1,0,2024-12-24 11:28:55.741000,consumer product review,2026-06-02 18:36:17.769499,bluesky
609,bafyreigeid7a333p2q4xtcp3tjxnadvbjuovzvpxtflotxgcj5rjt5jjzq,at://did:plc:uxvc5nwyutzf5gtu4x7jqyk3/app.bsky.feed.post/3lczvwbqb7k2i,"Per White House records, FDA has resubmitted its proposal to set caps on nicotine in tobacco products

www.reginfo.gov/public/do/eo...

You'll recall FDA Commissioner Califf has telegraphed for weeks that he hoped to renew push for nicotine standard before he leaves office",alexander-a-tin.bsky.social,2,2,1,2024-12-11 21:56:55.886000,consumer product review,2026-06-02 18:36:17.769499,bluesky
610,bafyreiekfvpselyfhfgijkhying3ckdoxv2r7pyso7hbc6ird2ridw5ogq,at://did:plc:gnppckg2naipkrzrj5otbuv6/app.bsky.feed.post/3lck2gnqujc23,"imo it's that ""review"" came to mean Amazon-type consumer product reviews, so a negative review became a personal attack on someone's small business and/or labour of love, and social media helpfully amplified every resulting interpersonal conflict into a social problem",vajra.me,4,1,1,2024-12-05 14:35:04.514000,consumer product review,2026-06-02 18:36:17.769499,bluesky
611,bafyreid7i6iy5jwpqn26cudk3x5syjo4mj7dlldezkuejjsxqvawbkag3i,at://did:plc:kavczflljrpcw6ngrcftbnsh/app.bsky.feed.post/3lchynsql7s2n,"Have you ever felt that companies don’t hear you after buying a bad product ? So you write a review and don’t feel heard. You’re a consumer with a choice.
If you’re not happy with a product and the store does not make it right - don’t shop there again. 
You’re not helpless. 
#helpless
#consummer",sail4fun.bsky.social,0,0,0,2024-12-04 18:57:57.667000,consumer product review,2026-06-02 18:36:17.769499,bluesky
612,bafyreibtpfifmsmkwbfziesriql6spwtqgmc4re2grjbdncgs4aogxrhgq,at://did:plc:wevivbwusr7m5ovkt5qjx4yj/app.bsky.feed.post/3lbxfjjbsz22j,"Now THAT'S the Disney I know.

Moana 2 review roundup:",cachiporra.bsky.social,4,0,0,2024-11-28 04:32:56.617000,consumer product review,2026-06-02 18:36:17.769499,bluesky
613,bafyreiebpiit5ph6fe4vx7lonargsgn5exsjbzy5jtjz4w6y3hwzc7ojaa,at://did:plc:visv7qi7ilwbii6vja4nswa7/app.bsky.feed.post/3lbqz7i5q5c23,searching for “[product review] + reddit” is the lifeblood of our consumer society. you’re guaranteed to find 50 people who have made it their life’s goal to determine what the absolute best fountain pen ever made in the history of the world is and take no prisoners about it,existentialistist.bsky.social,3,0,0,2024-11-25 15:36:36.562000,consumer product review,2026-06-02 18:36:17.769499,bluesky
614,bafyreidgdzfpis5yqvekw64qkx43e3xfditgfwjuea4ugfovrldkzkvohe,at://did:plc:vh5gqgehffiyv2f6pn7lj4wb/app.bsky.feed.post/3lbki3zjo4s2d,"Consumer and contractor experience reign in overall importance for scale. 

One legit bad review gets read thousands of times. 

If a product hurts that I don’t recommend it.",energysmartwv.bsky.social,1,0,0,2024-11-23 01:14:28.520000,consumer product review,2026-06-02 18:36:17.769499,bluesky
615,bafyreig23v2uyvl5nlxty35ban2nzk6eexgrynfbvqb3rihuu457n632iu,at://did:plc:tygmoztg7hvboeqteixmx6ky/app.bsky.feed.post/3mnblageev32z,"Galaxy Z Fold 7 gets up to €600 off and free accessories in the Netherlands

https://www.europesays.com/netherlands/18051/

Samsung’s Netherlands online store still has one of the best Galaxy Z Fold 7 deals we’ve seen, but…",eu-nl.bsky.social,0,0,0,2026-06-02 10:45:09.000000,best online store,2026-06-02 18:36:18.629748,bluesky
616,bafyreicbryalknk5f22wdbh4y6brkdmzeraasuzhvdu3pbvp2zxu7kn7ba,at://did:plc:atemju3ycm7f45ozou4uffva/app.bsky.feed.post/3mnas23lolk2q,"I returned from my tow weeks vacation and I had a total blast at Dokomi this weekend, the best Con I've ever attended!!!! I got soooo many staticmoth merch it was like a candy store!! I met some online friends too and had a lot of fun!!!!!!",seroy-art.bsky.social,6,0,1,2026-06-02 03:14:15.209000,best online store,2026-06-02 18:36:18.629748,bluesky
617,bafyreihquxk2kzs5zv6x5gw7p2gmcoy57loxjmiatgvlxzgotjba6uq2le,at://did:plc:tgzxp4g2vxkrv2w4d62oqx6u/app.bsky.feed.post/3mn7ruttavs2e,"Easily Accept Payments from Customers

Click here: codexoxo.com/cms/wix/wix-...

Having a wix  online store give you best work experience. The E-commerce store lets you sell all your products to the customer and accept online payment as well as offline.",ava536218.bsky.social,0,0,0,2026-06-01 17:38:39.579000,best online store,2026-06-02 18:36:18.629748,bluesky
618,bafyreidkmdypmoevpita5bdx4f5iv3iguao7j7kwcjkhvpxhhutd7jyrse,at://did:plc:ki5rdkmizz2ri46q3qtywczc/app.bsky.feed.post/3mn6ab7c6522t,"This is the best product recall.

Lithium Coin Batteries Recalled 
Sold Online At:
Amazon.com from May 2025 through February 2026 for about $11.

Importer(s):
Proudly American Store, of Canada

Manufactured In:
Indonesia",dwarmstr.bsky.social,1,0,0,2026-06-01 02:50:47.162000,best online store,2026-06-02 18:36:18.629748,bluesky
619,bafyreiel4wtiwo7rp5ydmckqkpvylcmk7xcpw2eu2bekjnfrjimb3ld6cm,at://did:plc:764f4athxipyiocqv45pvngd/app.bsky.feed.post/3mmwg2uxbts25,"🛒 Welcome to A2Z Store!
Discover trending and useful products from fashion, gadgets, fitness, beauty, home essentials, and more. We promote high-quality items with the best online deals and trusted recommendations. ✨
🔥 Daily product updates
💯 Smart shopping choices
📦 Best products at great prices",a2zstore.bsky.social,4,0,0,2026-05-29 00:13:19.531000,best online store,2026-06-02 18:36:18.629748,bluesky
623,bafyreihgvnz3rusg7ovtxgkoy7lcza45okbjx3cy7kijl3rg2ptcttm7bu,at://did:plc:gq6h25zrxme7ddvfb2mev7y3/app.bsky.feed.post/3mmpkl62sdc23,"here are the methylated b complex gummies I'm taking atm:

www.amazon.com/Methylated-C...

(please forgive the link to the bad online billionaire store, we are all doing our best, and this is the best i can do rn)",dagnificent.bsky.social,1,0,0,2026-05-26 06:45:22.761000,best online store,2026-06-02 18:36:18.629748,bluesky
624,bafyreifbjfaootmlkegocjo24dj453atsjnmp3vvlqk2e65p35f66bxeiq,at://did:plc:moquzpnhe4xcmbx26nejxffe/app.bsky.feed.post/3mmh5kflx7k2w,"Hello! Thank you for your interest! I don't think there is an option to change the currency in the online store. About shipping to Northern Ireland, I don't know. I'd guess anywhere in the UK should be fine, but I think the best option would be to see if you can enter your address in an order.",armedmaidan.bsky.social,2,0,1,2026-05-22 22:31:00.559000,best online store,2026-06-02 18:36:18.629748,bluesky
625,bafyreiefhiakgnupm7xiquzzd5vatkipcrcwvo56z5ooyljxrwa2pd32gq,at://did:plc:rlmdsfw5pudct2rbopxbnag6/app.bsky.feed.post/3mmg5hl44lc2u,"Happy to announce that the first open playtest for GameZone, our game store simulator, is available now!

- Sell gaming goods
- Manage online orders
- Play with your friends

If you want to help make it the best game it can be, please give it a go and tell us your thoughts :)",entergames.bsky.social,0,1,1,2026-05-22 12:56:45.930000,best online store,2026-06-02 18:36:18.629748,bluesky
626,bafyreiaqrsme63hbxl26o7kxankejhtw4ypcgiriotd5dpdtzlokvfunyi,at://did:plc:pucjvs5ipvfgbmliqm5aim6j/app.bsky.feed.post/3mmdmngxuck2v,"Best Organic Beauty Products to Shop Online in India | Zoomzar Beauty Store
zoomzaar.com/product-cate...",mayankwork2.bsky.social,1,0,0,2026-05-21 12:50:29.833000,best online store,2026-06-02 18:36:18.629748,bluesky
627,bafyreicdsdtsqtigb2svhd2yhg6yvs5ir5526n2ibkgkbd5w46ujzs3hxq,at://did:plc:zsdlkrlisilc6ig2mq4wxf3z/app.bsky.feed.post/3mmd5fb2enk2i,"best buy isn't a real store—i stopped in for something, found nothing, whipped out my phone and stood inside their store to buy it online instead",upandoutcomic.bsky.social,111,1,6,2026-05-21 08:17:29.063000,best online store,2026-06-02 18:36:18.629748,bluesky
628,bafyreie7nfq7mccuotdkidjwbhel7aog7755mlkpelf7gm2vz5xri3sxlu,at://did:plc:egw2e6dm2gx6jp56vgqqxqzk/app.bsky.feed.post/3mmb3awwu7s2b,"Most places usually sell them in packs for convenience, you're best bet is a proper liquor store, but I'd you wanna get a 4 pack depending on where you're at some gas stations/convenience stores carry them

Look online at your local places they usually have stock listed

Hope this helps",croaorcanova.bsky.social,1,0,1,2026-05-20 12:33:57.283000,best online store,2026-06-02 18:36:18.629748,bluesky
629,bafyreie3trelfxnovzop6ai7oe6etrmzrnyqpgdpimr2kc4ay6pmflabli,at://did:plc:4f4rcmeqlnnjzu4rb6uvirue/app.bsky.feed.post/3mmat4br4zs2g,"Skip the Grocery Store: Where to Buy the Absolute Best Hot Dogs Online

Seven more spots to order delicious dogs.
#delicious",recipes.at.thenote.app,0,0,0,2026-05-20 10:08:10.860000,best online store,2026-06-02 18:36:18.629748,bluesky
630,bafyreic3ev6becdobrkgfuu2qvllua6u3qbxbhb2s665nwhsjmw4uvyibm,at://did:plc:g3hpoffd7hdar3o27p4mleqa/app.bsky.feed.post/3mm7ypyi7oc26,"Be the first to see the NEW Sony α7R VI in person at Milford Photo!

Milford Photo's SONY rep will be in-store on Saturday, May 23rd and he's bringing the newest gear!

Don't miss SONY DAY: milfordphoto.com/sony-day

📅 Saturday, May 23, 2026
⏰ 10 AM to 4 PM

📍 Milford Photo
22 River St
Milford, CT",milfordphoto.bsky.social,0,0,0,2026-05-20 02:16:01.229000,best online store,2026-06-02 18:36:18.629748,bluesky
631,bafyreicdwlsi4eaagptmbj72ls5ktfirths2fwhrbx3od6htvq6xrckrdu,at://did:plc:gm2gj4v7isgrlsww3ya7hpy2/app.bsky.feed.post/3mm5uajoymk27,"The ATF rule revolves around a change in form 4473, required for purchases at gun stores and, in many states, even in private sales. If the proposed change goes through, trans people could face new restrictions on filing.

But it can be resisted, especially if cis shooters support trans gun rights.",transnews.network,106,30,2,2026-05-19 05:50:27.981000,best online store,2026-06-02 18:36:18.629748,bluesky
632,bafyreihx2ehxv4murlt7ymcj3kfqq2qe776a6mumadgbny4buq3qi74bvm,at://did:plc:qydv26rqe7ch3qdk3ysrdpsh/app.bsky.feed.post/3mm54azvozs2q,I too am near a Best Buy and will use it to buy physical products instead of buying them online but buying software in a store in TYOOL 2026 is insane and I am skeptical that Best Buy actually sells it.,mongoebooks.bsky.social,3,0,2,2026-05-18 22:41:15.180000,best online store,2026-06-02 18:36:18.629748,bluesky
633,bafyreigw7uhduvxxq6qjvamap7kwkwjjg7erwnhyvmrkumekyfyzzskvgy,at://did:plc:kdu5eooix3lbyqgcrqzxnmjm/app.bsky.feed.post/3mly5cfr57c24,"My online store will be closing TODAY and will remain closed until mid-June or early July (after Anthrocon)

Merchandise will still be SHIPPING FROM THE US. My best friend @apollo.pet is taking over merch storage and fulfillment 

I will still be attending US cons! I will not be vending in the UK",prismpaws.bsky.social,21,1,1,2026-05-16 23:16:34.350000,best online store,2026-06-02 18:36:18.629748,bluesky
634,bafyreidhe2kz7ytsz3icztcktxq6hqfz3lfmwwnn43ucmzojlraw3xxkji,at://did:plc:2pycsx33pun6ras2zvpof33t/app.bsky.feed.post/3mlvo4nwj5s2x,"Ever since changing from Smith's they got rid of all of their in-store non-fiction, replaced with copies of air fryer books, C larkson's Farm and K atie Price. Leaving half the store empty. I couldn't buy a literal No.1 best seller non-fiction hardback I was after. They had it online.. in paperback.",darrensilk3.bsky.social,1,0,0,2026-05-15 23:39:37.851000,best online store,2026-06-02 18:36:18.629748,bluesky
635,bafyreiaorahb5t3o53yxpjmqftstrivn4uhevvzb5bh3omu5bmg43micni,at://did:plc:kwbtkxw77a5565qckvvpv3d3/app.bsky.feed.post/3mlvnaxz4ik2g,"Walmart wants us to order them online, ship to store - naturally costing more.  Ditto Best Buy ... 

Probably quicker and cheaper to order them from Temu, maybe even get them a lot quicker too?  😆🤙🍁

Oh but try to find the same already inside a big box store. 

NO WAY DUDE!  🤨

🔋🔋🔋🔋",darkwaterphotos.bsky.social,0,0,0,2026-05-15 23:24:08.899000,best online store,2026-06-02 18:36:18.629748,bluesky
636,bafyreieovfsirga5lsdnzveksatacmpnsweiqaonx5p342icp5w7qsuhvi,at://did:plc:azycfmtig6umewcwy5tiodev/app.bsky.feed.post/3mlua7nzdls2r,"my online store is still closed, so my personal finances aren't the best but i'm eternally grateful that we haven't had to worry too much about money atm. i have so much to feel lucky about and be thankful for, truly. but it just won't ever be the same, and there will always be some form of hurt.",sheepskin.bsky.social,47,0,1,2026-05-15 09:58:06.481000,best online store,2026-06-02 18:36:18.629748,bluesky
637,bafyreifkajxft7spejvtmhpa6a72xuwcqrk6ob7oakziomgjhzu4xnakue,at://did:plc:dvp7eqm2v2fe2ocypuiqpsof/app.bsky.feed.post/3mlrt7elvkc2e,"chromewebstore.google.com/detail/ckcjj...
Stronger Together for Safer Kids Online

#EdTech #StudentSafety #OnlineSafety #ChildProtection #DigitalWellbeing #K12Leadership #ParentingTools #SchoolSafety #CyberSafety #FamilyTech",kofiklubebooks.bsky.social,0,0,0,2026-05-14 10:59:58.482000,best online store,2026-06-02 18:36:18.629748,bluesky
638,bafyreig4u7si7soqmfasnxacwcwh4dpzcthnazdvcz23o34nhqna6cbh3i,at://did:plc:ymcgwgsngeabymov2arzrb6k/app.bsky.feed.post/3mlpjxl4f222c,"Store & Life Update:

My autistic limerence/rumination/monotropism is much better. Keeping myself busy has been the best thing.

I plan on reopening Tell The Goddess, my online spiritual supply store & bookshop, on Monday. I'm still working on my second shop.",imadrienne.bsky.social,2,0,2,2026-05-13 13:09:13.729000,best online store,2026-06-02 18:36:18.629748,bluesky
639,bafyreieh4pcutb5gcqzypw466pyhqb6mvxotcydfwsbe3why2z3lkgxcqq,at://did:plc:whyslnsnfcnkjttgkyfava5d/app.bsky.feed.post/3mlokwwxiu22y,"It’s the best day of the week! #NewReleaseTuesday! We have some amazing new books on our shelves this week. Be one of the first to snag them!
Check out all the titles in person until 6 today, or online anytime at ShopAtBHB.com!",bluehousebooks.bsky.social,2,0,1,2026-05-13 03:54:06.596000,best online store,2026-06-02 18:36:18.629748,bluesky
640,bafyreidyjlfg3ys7uuqnffheennhtpxk2x7d6zdx7rszuedfwzergvrwva,at://did:plc:kajlmbdclxy3izw7n5wigasx/app.bsky.feed.post/3mlnx6fhlyj24,"A huge thanks to our beta testers who pushed for Indigo to be the best it can be, to the press who will (I hope) help us spread the word, and to everyone who's cheered along the way.

Don't forget to leave a review on the App Store, and to share it with your most terminally online friends.",soapboxsoftware.bsky.social,2,1,0,2026-05-12 22:00:20.873000,best online store,2026-06-02 18:36:18.629748,bluesky
641,bafyreiavhlhivdhx6piyjnzcab5vetpfare5m5w6qlfn5wh2atxuof364e,at://did:plc:upmjygwhb4lpqkne3hqsykks/app.bsky.feed.post/3mlmi2zmj2c2i,"unless you got something in mind at da record store, it's the best way to buy new music online.",spaceds8008s.bsky.social,2,0,0,2026-05-12 07:57:22.901000,best online store,2026-06-02 18:36:18.629748,bluesky
642,bafyreiedlmoi5pxsxg6vy6ns5e7qdozw4efuufidluvcziybtmqhdgnefq,at://did:plc:bn4rh6nklnkd5kzuxeemobam/app.bsky.feed.post/3mll5d3fdf222,"Quick steer for local folk:

Hungarian Florint are in stock at No1 Currency, inside Selby’s department store, on Holloway Road at the best that rate I’ve seen online, do compare for yourself.

You can order online and collect same day. 

Hungarian beer tokens are essentially important for the trip.",weststandtone.com,2,0,2,2026-05-11 19:12:22.301000,best online store,2026-06-02 18:36:18.629748,bluesky
643,bafyreibjqqvv5eqitcpih6egqnszo4kfk5mxs5dkravokkyp5d323mlfhq,at://did:plc:l7uqb7z5u4crluw3f75b7ltc/app.bsky.feed.post/3mlku3qgl7c25,"【DSDC SHOP IP PERIPHERAL】KomanoManato's best Friend Merchandise - AHR STUDIO Pre-sale on 05.11 2026(UTC/GMT+08:00)           
Overseas online store:   dsdcshop.com/collections/...
#dsdcshop #toy #musclebeast #Male #mucsleman #Homosexual #gay #toys #NSFW",dsdcshop.bsky.social,12,2,0,2026-05-11 16:27:12.250000,best online store,2026-06-02 18:36:18.629748,bluesky
644,bafyreicqmuowkel3vo4xqn67haafqizdi3amfrvdzgwty5uxu2rum4tbea,at://did:plc:eaw66ij4yl536fqimsxafjsm/app.bsky.feed.post/3mljno244tc24,"My sister just helped me find a comic book store that does online orders, so I can't wait for this to arrive in the mail 🥺💕

My sister is the best. ✨ I care her.",countvonkit.bsky.social,2,0,0,2026-05-11 04:59:30.440000,best online store,2026-06-02 18:36:18.629748,bluesky
645,bafyreibxf4mbkzpmwut3o6nwry434hfdd5ugzjaewonogq6zgwdn7wkkai,at://did:plc:kg2croamc33tpvxrfhczx7dr/app.bsky.feed.post/3mlhqw6eor22j,"My best friend is an artist;

She works a non-art-related full time job, an online shop, works the con circuit, runs two (likely eventually three) IRL-location store shelves, runs her own website and portfolio, Patreon, molds and manufactures her own products, takes commissions, and designs pins",gardevoir.online,5,0,1,2026-05-10 10:52:25.101000,best online store,2026-06-02 18:36:18.629748,bluesky
646,bafyreide6ryjuzspyupgq4rgw5narttwtqdsl3ve65vqzayz2wtqmrt3ni,at://did:plc:lttzfzo6hivmkoazvyn4e2qa/app.bsky.feed.post/3mle2zbft3s23,"Good morning Picnic fans! Sad you missed our launch party last night? Huge news, the Picnic store is now LIVE! The best place to buy copies of our first and second issue online, while supplies last :)

picnic-magazine.bigcartel.com",picnic-mag.bsky.social,28,14,2,2026-05-08 23:42:27.408000,best online store,2026-06-02 18:36:18.629748,bluesky
647,bafyreic3mi7j3kt23ptrfn36cwfs62a7yjgzhpqnwoyqatfp2udvtqknla,at://did:plc:fbbe7spxbxsg3xi66lcjyx4m/app.bsky.feed.post/3mle2misd3c2o,"I've been taking remote college courses since before the internet. Hands down, the best experience is a technically savvy teaching assistant integrating online participants into a real classroom with video conferencing and asynchronous file sharing. Canvas is the dollar store caviar of this, though.",patri.xyz,6,0,0,2026-05-08 23:35:18.954000,best online store,2026-06-02 18:36:18.629748,bluesky
648,bafyreig2irq4bjisuccsqcvmiwfx6wdqoebwl22wpzbjvifjxtzlu6w7zu,at://did:plc:wwrhexbe54s5lr5zazgafrjq/app.bsky.feed.post/3mldssgdcr225,"Where's the best place(s) in the UK (in store or online) to get piercing jewelry?

Looking to transition my lobe and nostril piercings to flat backs",chaobucks.bsky.social,0,0,0,2026-05-08 21:15:27.756000,best online store,2026-06-02 18:36:18.629748,bluesky
649,bafyreicnwmxygq2i7w7rzznv3q2h34y3d2gj3bz3ask76kjiqq3o7hh3nm,at://did:plc:z6qdqlxmktpy532avf32fsbw/app.bsky.feed.post/3mldfrkszjs2i,"Advanced Excel Course Online Hindi

Technojee online fundamentals and advanced excel free course with certificate for beginners and professionals. Complete ms excel course online",technojee.bsky.social,1,0,0,2026-05-08 17:22:20.265000,best online store,2026-06-02 18:36:18.629748,bluesky
650,bafyreifg3imbhcfvsffeb2tfzdv7nsize3hdlzl6fal5oez7bzmxgpcg2e,at://did:plc:63j2pe5w3p2wikiwq2dnrl6c/app.bsky.feed.post/3mlczygv34s2t,"Authentic Facial Serum Online Store.
Best Seller + 100% Authentic Products.
papul84.com/3kdm",papul84.bsky.social,0,0,0,2026-05-08 13:51:26.119000,best online store,2026-06-02 18:36:18.629748,bluesky
651,bafyreih7f3uuqn2bmttctcdwthzzbyjmygt7735d6daunsw36fn2hs2oxq,at://did:plc:rfqjy2cekjtb66icuvogrece/app.bsky.feed.post/3mlbou256kc2g,Our collection of the best stories from April is now available in the app store and online: www.risk.net/risk-magazin...,risk.net,0,0,0,2026-05-08 00:59:27.637000,best online store,2026-06-02 18:36:18.629748,bluesky
652,bafyreickbcgt2bpkju3gtwiqwgm5voldll7xbvhhyoas256fkrwen2mo4m,at://did:plc:ghyxogmqcsikckdpaswyv7dl/app.bsky.feed.post/3mlbcwcj5rc23,It’s also frustrating bc it’s so hard to try these pieces in person as everything is online unless you live near a proper retailer. Couldn’t hurt if you have a solid store near you to go in and ask for specifics as those nerds are the best for this.,maureenf.bsky.social,1,0,0,2026-05-07 21:25:58.625000,best online store,2026-06-02 18:36:18.629748,bluesky
653,bafyreid36avb6yyd56tn6ubpuf6e6yn7teijo6govnidlfu6jrzzmm45xm,at://did:plc:ieebv2im4vbtfhzrjq7ynsd6/app.bsky.feed.post/3ml525qfxz22u,"""During uncertain times, one of the best investments you can make is in your home. shop at [online window store] today."" this was an ad I heard in the middle of the pre-modern Iran episode, lol. nobody can escape Iran",notaliveirl.bsky.social,0,0,0,2026-05-06 04:38:25.453000,best online store,2026-06-02 18:36:18.629748,bluesky
654,bafyreicad5ojlijibvbde5towvaeescbhjup3o6r7n5h2q5bxxvvw246oe,at://did:plc:j3sh3t2pdff2ptkxz7mfivjw/app.bsky.feed.post/3mkvszcgjps2g,"m.youtube.com/watch?v=NfOE...
I am not endorsing this grocery store, but this is probably my early favorite for Best Commercial of the Year. No AI was used from what I have found online.",brentonsmince.bsky.social,0,0,0,2026-05-03 07:42:02.211000,best online store,2026-06-02 18:36:18.629748,bluesky
655,bafyreihe3izt5w6prxoraljjwkyldfcxnrqvx6cgwrviq7wvb5nzyayzp4,at://did:plc:trfjrvxowaklmhxyolemaxyl/app.bsky.feed.post/3mkvbynhj3224,"Yes 2026 has some nice online shopping

Online is less tiring than walking to the mall

But the mall is just a dollar store and a printer to me really

It has A&W best burgers in town

It's no surprise my best time is on my bike with Frank eating a Mini Mary lunch in the sunshine

He's a cheap date",snowbunny9-1.bsky.social,0,0,0,2026-05-03 02:37:26.612000,best online store,2026-06-02 18:36:18.629748,bluesky
656,bafyreiaqrlmvrhnaot5yzi2xqx73brtvzkhl43fmtw3bimwr4jgk5xj24a,at://did:plc:e4dfomdyiibn2i6gkvtix3kv/app.bsky.feed.post/3mkvbjra6uk2h,I've shopped at the store in Pittsburgh's Strip District and ordered online for family and friends but my best experience was going to a Penzeys in downtown Milwaukee the morning when the Iran war started. This business dishes out hope in our perilous times.,lizerie.bsky.social,0,0,0,2026-05-03 02:29:07.250000,best online store,2026-06-02 18:36:18.629748,bluesky
657,bafyreiddbtnu2unzmz4tstzjgm2i7lvgio4xoogfeelctfzkaqlfqnfbv4,at://did:plc:t23zz7pruwr5p6g7rlsr4jai/app.bsky.feed.post/3mkumptuoos2f,"online shopping coupons

Shop smarter your online discount store! Discover new daily deals, unique gadgets, and clever home finds—always up to 80% off. Today's best deals, 

s3.dualstack.eu-west-2.amazonaws.com/shopping.uk/...",purespet891.bsky.social,0,0,0,2026-05-02 20:16:42.767000,best online store,2026-06-02 18:36:18.629748,bluesky
658,bafyreie3oplwacgl4dtj4blbwywyy2ubw5luyxagiaz56ctskh2jdej7pe,at://did:plc:h7i5c5h36nldfd7rrumnqc3d/app.bsky.feed.post/3mktwufmjy22a,"The best way to find out is to go into an Apple Store and see which third party company’s products they’re selling. Note down the brand, and order one of those online. Searching for that brand is next to impossible of course because of search hijacking and AI.

THANKS GUYS!",gralefrit.bsky.social,1,0,0,2026-05-02 13:45:33.272000,best online store,2026-06-02 18:36:18.629748,bluesky
659,bafyreie36wtjylexfz7ytmoey7we5uk2o22cldq4z4fxjexr7mzjpv6lmq,at://did:plc:j4s4wdsabzofislrxmmgqq3s/app.bsky.feed.post/3mksuflub3k2n,"Happy Bandcamp Friday! Here are some musicians I've been enjoying on the best online music store lately (thread)

The Surfrajettes - modern surf rock girl gang stylings with spooky songs, girlypop renditions, and a swingin cover of the Hockey Night in Canada theme",necron99.bsky.social,2,0,1,2026-05-02 03:28:49.278000,best online store,2026-06-02 18:36:18.629748,bluesky
660,bafyreigx3cb2rvzgpnjo4zzuxaclxn6zcnavp4mzfpvc4weur4zpjfvnwy,at://did:plc:jqa335dkotqpoz6vnhnqllmr/app.bsky.feed.post/3mkpyavgjtk2l,"Also, vans has a few guys shoes that are low-top & low-profile (fewer than the women’s selection iirc, although Keds are probably better there), but a lot that stand out too much in the wrong ways (isn’t always obvious from online images)… so it’s best to go to a Vans store in-person to shop around.",ellie-was-ai-generated.net,1,0,1,2026-04-30 23:59:47.058000,best online store,2026-06-02 18:36:18.629748,bluesky
661,bafyreia7xyct7el4q6mlrmmxj446scqzhnmxt2nrb2vrdminznni6tycvq,at://did:plc:zelmstvcl6l2cwvqqqdtnmzl/app.bsky.feed.post/3mkpcfkwius2b,"Best Drink Mixes Alcohol Lovers Can Buy Locally

Choosing the right #drink_mixes enhances flavor and balance in every cocktail. Shop online with ShopSK for quality mixers, wide selection, and fast delivery options. Shop cocktail mixes now. shopsk.com/collections/...",liquorshopsk.bsky.social,0,0,0,2026-04-30 17:28:41.729000,best online store,2026-06-02 18:36:18.629748,bluesky
662,bafyreie44d7kdvzbg7pydvmwpysvreqw3y34evyrkcewbjxbmineyrrx5a,at://did:plc:yk4viedlbkuphvljbuhmjcb4/app.bsky.feed.post/3mkp6qivxy22t,"Best ayurvedic medicine for kidney stone treatment available on 
MarcCure — India's best Ayurvedic medicine online store.

Shop Marc URO 5 - marccure.com/ayurvedic-me...",marccure.bsky.social,0,0,0,2026-04-30 16:23:13.752000,best online store,2026-06-02 18:36:18.629748,bluesky
663,bafyreic3tx4jnmeepqy3uzufros63r7nd735shy5zfosffjgfvhxicsmgm,at://did:plc:5ef5zdgdwxdylb4weubpyw7f/app.bsky.feed.post/3mknvfstpin2n,"WEEK 7 NEW PHYSICAL RELEASE: 

T-SHIRT CD BOX SET (1 RANDOM T-SHIRT OF 4)
 BUY NOW AT BARNES & NOBLE ONLY!: www.barnesandnoble.com/w/arirang-bt...",peakyourself.bsky.social,3,3,1,2026-04-30 04:03:28.866000,best online store,2026-06-02 18:36:18.629748,bluesky
664,bafyreifrzgu6bc32s4lccfisnl65s5g2epfhtwjfurnpxirsko5abzdyx4,at://did:plc:5ef5zdgdwxdylb4weubpyw7f/app.bsky.feed.post/3mknvfstllm2n,"At Concert: Buy up to 4 Per Ver. (10 per ver. is allowed per Weverse merch info but stick to BB inclusion rules to be safe)

2.  BUYING OFF SHELF DIRECT IN STORE (NOT ONLINE ORDER) ← WK 7 DEADLINE = 5/7 11:59:59 PM EST

In Store Sale: Limit 4 Per Ver. → Cash = Best. (If Gift Card,unique GC per sale)",peakyourself.bsky.social,1,1,1,2026-04-30 04:03:28.864000,best online store,2026-06-02 18:36:18.629748,bluesky
665,bafyreigt6i3sja6biglbuybgnc2wlalwaymhvvdftjham3bedtlqf44jfy,at://did:plc:c7pzs3q3bhlsrnh4ngoadp35/app.bsky.feed.post/3mkll5gb72k24,store- Best buy lists open box inventory online,oatmealmoon.bsky.social,0,0,0,2026-04-29 05:54:33.129000,best online store,2026-06-02 18:36:18.629748,bluesky
666,bafyreifi7idqtaruyxp5tjuj7sfmh6exn6obwzjcs4ztmmrzde7gismngm,at://did:plc:2gbf6lpcgtbdw3gc2lbtisam/app.bsky.feed.post/3mkjqgtxzr22b,"Best Patch note..
These three categories do not include dyes sold on the online store or similarly colored rare dyes.

I can still sell jet black n pure white from my 9 retainer missions lol",thesinden.bsky.social,9,0,1,2026-04-28 12:23:58.733000,best online store,2026-06-02 18:36:18.629748,bluesky
667,bafyreicduym4xzqnfcmykb527jn4t5wxp3hftsqabr6j7xeizx5hkulr64,at://did:plc:hw2unyfyk534a7nahxisdloo/app.bsky.feed.post/3mkid7jd6n22z,"Online pirating wasnta thing until the early 2000s, though, with Napster.

There was still a huge window in there were physical CDs dominated the market. Hell it took up like 1/8 of best buy store floor space",trevoramueller.bsky.social,2,0,1,2026-04-27 22:54:34.301000,best online store,2026-06-02 18:36:18.629748,bluesky
668,bafyreihw6xwpzymrltpoohdhucuxer5svbj7m25fakjg2hzowkhnbv7l7y,at://did:plc:5zww7zorx2ajw7hqrhuix3ba/app.bsky.feed.post/3mkfbupaile2y,"Icelandic Agency Issues Warning Over Illegal Online Drug Sales

https://www.byteseu.com/1966222/

To provide the best experiences, we and our partners use technologies like cookies to store and/or access device information. Consenting to these technologies will allow us and our partners to …",byteseu.bsky.social,0,0,0,2026-04-26 17:52:34.000000,best online store,2026-06-02 18:36:18.629748,bluesky
669,bafyreibmu4zuq7bx6pirhabcrmsuvnmsc7fgybtf5hgs4d4opjeef44u2q,at://did:plc:igyhta2ywonmgqrknuang6m4/app.bsky.feed.post/3mkeanzpxis2g,"i feel like 10 years ago i could easily go into a best buy and just buy a new tablet pen, but no store sells shit in person anymore and two of my online orders were delayed and then cancelled... so ive been without a tablet pen all month :'( here's a bunch of abandoned wips on my computer ig",niromeva.bsky.social,2,1,0,2026-04-26 07:58:21.055000,best online store,2026-06-02 18:36:18.629748,bluesky
670,bafyreiclsyt5mhcue5gqin73nbn5urmgr5ulshmc22togo7lasov6gqo7y,at://did:plc:ng6zzhnuut6efe4klyhys2z5/app.bsky.feed.post/3mkaeglj5yc2h,"As an artist, I know the right supplies change everything. 🎨 I’ve broken down the best online art stores by medium—painting, fiber, print, ceramics—to help you shop smarter.
Read my guide & tell me: What’s your go-to store? 👇

www.byalexandraford.com/post/the-ult...

#artsupplies #creativeprocess",alexandraford1.bsky.social,2,0,0,2026-04-24 18:55:07.308000,best online store,2026-06-02 18:36:18.629748,bluesky
671,bafyreie4wca6r3qg2dpfn6wtsd3cnvig7ef4u6q7ces3pk2m3lldnq5r2e,at://did:plc:bplfhipv4h2txdui64l5dy2e/app.bsky.feed.post/3mk6wqb3hts2r,"🧵 Just saw this post from another indie toy store in Tucson. They have 8 parking spots in front & 14 in back but they're on a 5 lane #stroad with no street parking & no safe overflow parking. No safe sidewalk, no safe crossings. Which leaves them no choice but to push a hot selling item online.",danmarstp.marshallwords.com,6,2,1,2026-04-24 05:17:19.785000,best online store,2026-06-02 18:36:18.629748,bluesky
672,bafyreidz5dxumpketdxhaekgc2ejjdhttt5n6sjd6knggr5qsuqxmlm4c4,at://did:plc:krqa2rdjkvmaez5m3tebbpe7/app.bsky.feed.post/3mk6i3gdu522a,"Love how the Best Buy online store refuses to put the thing I want in the shopping cart.

Even if I tried the same item but not on sale.",expodragon.bsky.social,0,0,0,2026-04-24 00:55:08.284000,best online store,2026-06-02 18:36:18.629748,bluesky
673,bafyreiaejdvkxxp57e2ggjwcw36yqzbkoelh5ibivkh47ndtrfw6dix6w4,at://did:plc:7y2frujbpak6fzyb3uoa6ayu/app.bsky.feed.post/3mk46bk5cas2g,The best data security is to not collect and store the data online in the first place.,eternowllie.bsky.social,4,0,1,2026-04-23 02:54:16.696000,best online store,2026-06-02 18:36:18.629748,bluesky
674,bafyreidkdeefo3iyhrjjpvfbupvf54o5r4yldz7tifsncpyzddqd4obx7q,at://did:plc:ch6bezujvwh7t6ricky6rwgi/app.bsky.feed.post/3mk3p6m4yy22b,"H&M is comfortable, affordable. Believe it or not, I saw great spring pieces at JC Penny just walking through the other day to hit the Aveda store for shampoo. JCrew Factory has the best T shirts and classic comfortable clothes. I don’t mind some pieces at JJill but $$$. Also, ThredUp online.",mjvincente.bsky.social,5,0,1,2026-04-22 22:24:11.993000,best online store,2026-06-02 18:36:18.629748,bluesky
675,bafyreic6b5zplz5ydguuc3avrs7rfzrlnhlpcuxisuafvvogpdipomb7ta,at://did:plc:jgiahz7rudaytgyor3uh5udi/app.bsky.feed.post/3mjzwtrh57k2d,"Best online game store 🥰

I own most of their catalog 😂",jessej468.bsky.social,2,0,1,2026-04-22 05:35:58.926000,best online store,2026-06-02 18:36:18.629748,bluesky
676,bafyreigeupfq3shwlcgfroeqzvqrb4v66fl3qgyczcevlveqyg3twqcjdm,at://did:plc:eevmt3eepyaag6qder36beqe/app.bsky.feed.post/3mjzqkx74qk2n,"🌟 Thanks to @acggoods.bsky.social, I now have an online shop! 🌟 → acggoods.com/store/bitter...

I currently have some Deadlock keychains up and you have the option to get them in wood or acrylic, whichever suits you best!",bitterment.bsky.social,16,8,0,2026-04-22 03:43:40.514000,best online store,2026-06-02 18:36:18.629748,bluesky
677,bafyreiafndgtnl74jzja5icp2lp75hdtydgcin37czbupehztzq3irie2y,at://did:plc:wewzpud2bhcrsxibmwvizvjc/app.bsky.feed.post/3mjyx5l2fis2c,"Lush grass tufts are probably up there as one of our best sellers. We also use these tufts for the flower stems too on the flower tufts we do

Get yours here through my online store - my slowly growing online business for all things tabletop! 

Toefunkstudios.com

UK only 🛒 

#miniatures #warhammer",lozzykinz.bsky.social,1,1,0,2026-04-21 20:08:48.016000,best online store,2026-06-02 18:36:18.629748,bluesky
678,bafyreihlplbf5piruphh66ysi263jwljpr7ovagv3enf4ybz3bjtfrw4gm,at://did:plc:l35v5hsqzos2yxfyx42h2hiq/app.bsky.feed.post/3mjxf7ejcgc2z,"I know this is true. I usually purchase wet cat food at a brick & mortar store, but I needed to order some online. Don’t usually shop Amazon, but I was price checking to find the best deal. To my surprise, every single website I checked (several!!) had the EXACT same price!! Blew my mind. 🤦🏼",peanut-lover.bsky.social,2,0,0,2026-04-21 05:15:01.189000,best online store,2026-06-02 18:36:18.629748,bluesky
679,bafyreihojg2qngt5r2tx3ejeqf45sqmvql7p5e6ok5nzlv2iizmtx5wmki,at://did:plc:s34utaomn4hoi6k4gf3alv26/app.bsky.feed.post/3mjxf6ytpds2b,I wanted the new phantom brave game but the best buy online store sold out of them…,gothiccoppelia.bsky.social,6,0,1,2026-04-21 05:14:48.948000,best online store,2026-06-02 18:36:18.629748,bluesky
680,bafyreiauotkbycpcegkaeck7hnlr3c4c4sony3tgpsftkt4kpkt7ly5kza,at://did:plc:orraipglxdceeeezlwxtaukk/app.bsky.feed.post/3mjwcv4tofk2z,"Need some advice, where’s the best and reliable online store to get male genital jewelry 

I’m looking for ball stretchers, glans rings and possibly chastity cages 

Thanks",bigbehr61.bsky.social,0,0,3,2026-04-20 19:00:50.374000,best online store,2026-06-02 18:36:18.629748,bluesky
681,bafyreigphr6xow6ve4x3yujnj6s6hlejuftuf6vo3w5mfcmqixbb5l7nda,at://did:plc:63j2pe5w3p2wikiwq2dnrl6c/app.bsky.feed.post/3mjvzttllnc2q,"Welcome to Best Baby Online Store – 2026
Link - papul84.com/85l4

#BabyProducts #BabyStore #OnlineBabyShop #BabyCare #NewbornEssentials #MomLife #Parenting #BabyLove #KidsCare #BabyShopping #SafeProducts #BabyEssentials #Motherhood #Baby2026 #SmartParenting #BabyFashion #InfantCare #ToddlerLife",papul84.bsky.social,3,0,0,2026-04-20 16:19:03.439000,best online store,2026-06-02 18:36:18.629748,bluesky
682,bafyreifrt3fhncjpgxallsfyrv4256nk6yjvepyexnjncoi43qrvifkhxe,at://did:plc:pcievrygrnjjg5ni7mjfgctb/app.bsky.feed.post/3mjrubpknzk2d,"Does Best Buy price match? Everything to know about matching prices online and in-store

Here's what you need to know about Best Buy's price-matching policy.
#hackernews #news",hacker.at.thenote.app,0,0,0,2026-04-19 00:28:47.487000,best online store,2026-06-02 18:36:18.629748,bluesky
683,bafyreiavmrkjocej3wzejgdkfet5c2e5isvmmeknsnpwfivhflz3n6fz3m,at://did:plc:3q2jjufwhapqx26m77eqcp5e/app.bsky.feed.post/3mjru3ytnjs2y,"I'm still running my store sale to pay for Comics Camp this year and I just thought I'd leave this here...

My new Goth Mothman sticker and tshirt are among the *EVERYTHING* on sale for 20% off. Ahem.

store.iddstar.com/search?q=got...",iddstar.bsky.social,2,0,0,2026-04-19 00:25:35.979000,best online store,2026-06-02 18:36:18.629748,bluesky
684,bafyreigqdgs5a5egvj2gyn5ud2xy7gy7acht6mflv4vskuewjyffs3fs5y,at://did:plc:vag5sgcysohfxczddu5pjzxi/app.bsky.feed.post/3mjqzdimss22n,"I swear that national flags are getting more creative as time goes on. (I'm not counting the Welsh one, which is definitely the best but it doesn't qualify for this online game.) 🏴󠁧󠁢󠁷󠁬󠁳󠁿 I guessed today’s Flag in 4 tries:
🟥🟥🟥🟩🏆
play.google.com/store/apps/d...",steveeditor.bsky.social,0,0,0,2026-04-18 16:26:36.383000,best online store,2026-06-02 18:36:18.629748,bluesky
685,bafyreibf7ai7ezqklnaw37azngxu5og2e6zyqlwi4l7rw3iuzphlz5f3xi,at://did:plc:3vpxnq7s432hrdr6s5qdifpc/app.bsky.feed.post/3mjn7hhxwms2m,we’ve been growing our Indigenous book collection enough to now have an entire bay in the shop dedicated to Indigenous reads! we’ll be continually adding to it in the hopes of having the best selection in the region. pop into the store to shop or browse our categories online at kingsbookstore.ca,kingsbookstore.bsky.social,64,22,0,2026-04-17 04:05:33.413000,best online store,2026-06-02 18:36:18.629748,bluesky
686,bafyreibq6xu3e2a5vgf7r3q4a33ni546cup6lrecdw4s2x5wjc436q6czu,at://did:plc:teudsmhg645lupzmu2pa6n3p/app.bsky.feed.post/3mjn6rfgtg22p,my eyes aren't the best but i'm pretty sure this isn't square,breathing-silica.bsky.social,0,0,0,2026-04-17 03:53:12.559000,best online store,2026-06-02 18:36:18.629748,bluesky
687,bafyreicwhzkg4yqvl7753r6fah7nk3w43fnqr3ehugu36kphjshciksj24,at://did:plc:3fjeheyclrn6pgvhrqj6pwkp/app.bsky.feed.post/3mjmadzqp3k2t,"Best easy meal: add a can of drained beans to a grocery store salad mix

If any ""easy recipe"" online isnt as easy or vaguely sad as weber cooks its written by a FED

youtu.be/9rPYsXmcUrw?...",tatenokami.bsky.social,5,2,0,2026-04-16 18:48:51.838000,best online store,2026-06-02 18:36:18.629748,bluesky
688,bafyreibee4nso3hjyhri5eogggrvuzykudgtq2ooioyhhruozct6tvan6y,at://did:plc:efxhqnbadnpetl7ffdebw6y7/app.bsky.feed.post/3mjm5guplyc2x,"Best Online Store & Website Builder Platform for Businesses

ecommerce website builder with marketing tools - AI-powered ecommerce website builder to create online stores, fashion, restaurant, and electronics websites with marketing tools and cloud access.

visit us - www.nohung.com",mohammadsarfraj100.bsky.social,1,0,0,2026-04-16 17:56:45.998000,best online store,2026-06-02 18:36:18.629748,bluesky
689,bafyreihg5zmlfdtec2kaasmgyxrlpbqptpzhwtbylslsam2jndvittup5y,at://did:plc:efxhqnbadnpetl7ffdebw6y7/app.bsky.feed.post/3mjm5c2usos2x,"Best Online Store & Website Builder Platform for Businesses

Website builder platform - AI-powered ecommerce website builder to create online stores, fashion, restaurant, and electronics websites with marketing tools and cloud access.

visit us - www.nohung.com",mohammadsarfraj100.bsky.social,1,0,0,2026-04-16 17:54:04.687000,best online store,2026-06-02 18:36:18.629748,bluesky
690,bafyreigck33j7iuw6tuldhnqv7q4en5arcclqitct653hzn5rximjvtosa,at://did:plc:hrx2bm7atovoe7j5llmctrtq/app.bsky.feed.post/3mjltmji5zv23,"Gauvine Digital Design Tropical Thong 1013
Go exotic in a Gauvine Digital Design Tropical Thong 1013 men’s underwear slip. A superb male string brief in luxury cotton. Shop more - online store
BUY NOW!
£9.00
https://deadgoodundies.net/PCqWfpg2T",undies.score.bargains,0,0,0,2026-04-16 15:00:58.066273,best online store,2026-06-02 18:36:18.629748,bluesky
691,bafyreihye46oym56fjfjpycylkxgfybjpmepqswjs2aukf4udifkv7pfpq,at://did:plc:yk4viedlbkuphvljbuhmjcb4/app.bsky.feed.post/3mjjnycmtmk2q,"MarcCure is India's best Ayurvedic medicine online store, backed by Marc Laboratories Ltd. — a company that has been manufacturing medicines since 1986 and currently operates across 16 states in India.
marccure.com",marccure.bsky.social,0,0,0,2026-04-15 18:14:51.665000,best online store,2026-06-02 18:36:18.629748,bluesky
692,bafyreiahqrydrtgcqvczaizfrykdhd5va67b3jtjtlrj4lhr6dzsvv2ize,at://did:plc:koedf3mcrzlsqo5m5yyysm27/app.bsky.feed.post/3mjj3qdyw2k27,These are a secret for some of my irl army friends who aren't on here (to the best of my knowledge at least!). I saw some other armys online making these norigae little knot guys and I love them! I bought one at a cb event for $15 then realized I could probably make one too,damnjoon20.bsky.social,2,0,1,2026-04-15 12:48:17.315000,best online store,2026-06-02 18:36:18.629748,bluesky
693,bafyreiayf6gcwtlpllpdjnlfdsk4p456bvxkdzwibqkj6fqvnsc2qi552a,at://did:plc:hrx2bm7atovoe7j5llmctrtq/app.bsky.feed.post/3mji4kvn24s23,"Manstore M2368 Cheeky Brief
Shiny Manstore M2368 Cheeky Brief men’s underwear - enhancing cup pouch. Shop our store for sexy male hipsters in silky copper snakeskin. More online
BUY NOW!
£62.00
https://deadgoodundies.net/PCqWfpBUf",undies.score.bargains,2,0,0,2026-04-15 03:30:28.425369,best online store,2026-06-02 18:36:18.629748,bluesky
694,bafyreiacr5n6cbvslennyu7b65g5sz2clw2hhg4nti6a6grawn2j732odm,at://did:plc:p5aebdxeyyv3tavseeukci5r/app.bsky.feed.post/3mjgps7xryc2c,"Trusted Steroid Solutions with 1Gear
Looking for a trusted place to buy legit steroids online? 1Gear is presented as the best online steroid store, offering both medically prescribed solutions and legal alternatives. 1gear.com",1gear2.bsky.social,0,0,0,2026-04-14 14:09:15.820000,best online store,2026-06-02 18:36:18.629748,bluesky
695,bafyreiceav32qumbel4pfheofnkueieitaec362nvftvl7lnqtogbyaovy,at://did:plc:ovhgaqqkw6x7pea2nywcq2wo/app.bsky.feed.post/3mjgaaf2rws2p,"I would easily have a Top 3 for each category if the grid permitted it, save for ""Overhated"". 

It was difficult to find a game I enjoyed that others hate, at least until I remembered Sonic Forces.

I despise Gacha in any form, in case you were wondering about the ""Overrated"" category.",arcolf.bsky.social,10,0,1,2026-04-14 09:30:51.050000,best online store,2026-06-02 18:36:18.629748,bluesky
696,bafyreicmxvsqylvu7oyvpaogdaztcucvg24prxovf4jmnjfgjhtcuk7d5y,at://did:plc:v2qmhs5lwbmor57nd2lhfndv/app.bsky.feed.post/3mjdvzgohb22t,"Best Night Dress for Women in the USA

Shop Now : naysan.store/product-cate...

#womenswear
#beautiful women
#gorgeous women
#fashion
#women's clothing store
#trendy women’s clothing online
#women's summer clothing
#night dress
#night suit",naysanstore.bsky.social,1,0,0,2026-04-13 11:22:40.967000,best online store,2026-06-02 18:36:18.629748,bluesky
697,bafyreih32dnx6j7zzodo5eahcz27lsdk3fgb6x7ur7cg2y23v3waczw7ki,at://did:plc:lkmm2r7zciuu4n25mccrhb26/app.bsky.feed.post/3mjc4npij2g2s,"Is my Platycerium upright?

https://www.allforgardening.com/1707340/is-my-platycerium-upright/

Hi guys, I just got my very first platycerium… I got a baby plant from an online store, gave it time to acclimate (didn’t arrive in the best condition but it looks pretty much fine now) and now decided …",allforgardening.bsky.social,0,0,0,2026-04-12 18:16:02.000000,best online store,2026-06-02 18:36:18.629748,bluesky
698,bafyreiguq3khjjjq57zfgintg4ivhdzx43p4wfinpharja2qymfpcuq6nq,at://did:plc:ec27wz7ovgzzkmfihxa7fssf/app.bsky.feed.post/3mj7hhnzems2n,"I am happy to be able to get back to where I have the energy to get out and there are a few places I want to go this month The Antique Store, ROSS, GameXchange, and maybe check Target but between what I want to get online and what I want locally need to continue to convince myself less is best.",tyjos.bsky.social,0,0,0,2026-04-11 16:51:33.352000,best online store,2026-06-02 18:36:18.629748,bluesky
699,bafyreidj22zbnqxxfnl75fi4iarcmrj4v4jdelahryt7ic6gh27y7rgfka,at://did:plc:gvokx2kz54jidbyezgyei4ol/app.bsky.feed.post/3mj3b4wfppc22,"Costco is the best. One thing to note is that in-store Costco prices are significantly lower than online prices. For example, paper towels online are $27, but in-store are $24. Patio umbrella is $158 online, but $119 in-store.",diplocat.bsky.social,0,0,1,2026-04-10 00:47:31.641000,best online store,2026-06-02 18:36:18.629748,bluesky
700,bafyreihcimg76y2jc4y6pmunjnh45oaf5a5gyfayfxjiltcddjiydfgjlm,at://did:plc:kde46reakuvaxykla6zvc5zx/app.bsky.feed.post/3mityturulc22,"I think the set up is relatively new, located in NYC. They're pressing a bunch of classics but the distribution end so far isn't great. Buying directly from their online store seems like the best option. Even big Toronto stores don't have them, which seems really weird.",bronxcheerleader.bsky.social,1,0,0,2026-04-07 03:30:39.849000,best online store,2026-06-02 18:36:18.629748,bluesky
701,bafyreihyrwofcio53nc37t5ujto2f5behicyhegc4j2zywgdunszdhipza,at://did:plc:qzxre4yr4o4noritmyxboes4/app.bsky.feed.post/3misbmxhtvc2v,Where can Canadians get payday loans? BestMO's Canada Resources news guide on what a payday loan is covers both in-store and online options. Money Mart operates 180 locations across 10 provinces. Best Mortgage Online always advises verifying that lenders hold valid provincial licences.,bestmortgageonline.bsky.social,0,0,0,2026-04-06 11:02:31.985000,best online store,2026-06-02 18:36:18.629748,bluesky
702,bafyreibjdqwsmbvbyzznupmaipkkr6ehtzjip3jp6ut237ohccmkplitwa,at://did:plc:nfmqsvwntsvjoqip226fcaka/app.bsky.feed.post/3mir7ubwdyc2v,"Best of the bunch 🌼❤️ Groovy fabric patch for yourself or a loved one 😊 #haalarimerkki #fabricpatch #art

Find this + more at my next confirmed events: J-TSOON, Hypecon and Nekocon 💫 and of course online at my store: janikainen.com ✨",janikainen.bsky.social,11,1,0,2026-04-06 00:58:10.605000,best online store,2026-06-02 18:36:18.629748,bluesky
703,bafyreidyhzxyr5yiggykemz5odn44b4apcro3auh7baibld6sxblu3xksy,at://did:plc:3s52uzpjh236okih4cogzcov/app.bsky.feed.post/3mippc5nobu2x,"Click here to get your “Trickle Down = TRICK” T-shirt from the Inequality Media Civic Action online gift store. We also have coffee mugs and copies of my New York Times best-selling memoir available — but supplies are limited, so don't delay!
click.actionnetwork.org/ss/c/u001.iI...",saveam.bsky.social,0,0,1,2026-04-05 10:29:02.539000,best online store,2026-06-02 18:36:18.629748,bluesky
721,bafyreib36zhztl7t6n4mdosnv6cjglcip3lh76pgzm7fdvlwk23d2z5dca,at://did:plc:lvf6zqgk42popvezspcd3yo4/app.bsky.feed.post/3mia4l53kic2k,"One of the worst parts of chronic illness, imo, is the things you have to give up. I agree about the online shopping!",nicolezbs.bsky.social,1,1,1,2026-03-30 05:44:06.766000,worst online shopping,2026-06-02 18:36:19.140245,bluesky
704,bafyreicij2i7zuztlw32tz7xjqxfkd2gzd3ct77mko2d7z7hfbbdgjytci,at://did:plc:ya23474o7htbcoy5r3qrcubd/app.bsky.feed.post/3mip2zco6zy2j,I'm also kind of curious about which frame models are the least popular out of all the ones in the store. Online you can choose to look at a category of best selling frames but I also want to see the worst selling frames haha,rachelvetica.bsky.social,1,0,1,2026-04-05 04:26:11.282000,best online store,2026-06-02 18:36:18.629748,bluesky
705,bafyreihgk66m3fjxwqpczuxhelubysmhwtnmrjzod5b47cc7aj6bkop4gi,at://did:plc:u5mm45t5m7yi6g76mkuowiye/app.bsky.feed.post/3mioo2avj6k2f,"We recently sent out our first newsletter of the year! We send out four newsletters each year with updates on our work, educational features, and ways to get involved. In this issue we shared details on our upcoming fundraiser, a look at life without parole sentences, and more!",booksthroughbars.bsky.social,0,1,1,2026-04-05 00:34:04.026000,best online store,2026-06-02 18:36:18.629748,bluesky
706,bafyreihitnvmfe7t6zbfrvucucssc3whsrek2qnoqk35fr2vvx45uik4oq,at://did:plc:var2iptvxxvusho34agzt5yn/app.bsky.feed.post/3miomckyq5c2g,Ik this is gonna need an AMP cord and other stuff whats the best recommendation either buying one online or at a local guitar store near my area? Should it be expensive or cheap? I just wanna make sure I’m getting the right equipment🙏🏽🥺,succubusgremlinexe.bsky.social,1,1,1,2026-04-05 00:02:55.570000,best online store,2026-06-02 18:36:18.629748,bluesky
707,bafyreicom5ch7ldmvht2nz5egm4le7kyymdi2l3rhedpvo73qqk5jigyvu,at://did:plc:hrx2bm7atovoe7j5llmctrtq/app.bsky.feed.post/3mioagprouj2q,"Manstore M2368 Cheeky Brief
Shiny Manstore M2368 Cheeky Brief men’s underwear - enhancing cup pouch. Shop our store for sexy male hipsters in silky copper snakeskin. More online
BUY NOW!
£62.00
https://deadgoodundies.net/PCqWfpBUf",undies.score.bargains,0,0,0,2026-04-04 20:30:29.824063,best online store,2026-06-02 18:36:18.629748,bluesky
708,bafyreiadyirxnvwsrynjvsinzntn45ajjjiwijwn7kzkn357c4yybghlpm,at://did:plc:qwuj6foyai44scywtuaumxlp/app.bsky.feed.post/3mimctfjwz22g,"Shopping in the store with them is always so chaotic. I like my shopping to be clean and streamlined. So yes, shopping online with anthropology is always best.",sinnamonscouture.bsky.social,0,0,1,2026-04-04 02:08:03.372000,best online store,2026-06-02 18:36:18.629748,bluesky
709,bafyreighzq5fwjgxavmjh42jy5e7a36kmpqnsaham4h2vf7ttyilro7nri,at://did:plc:gzkhukvldhls4mu3ueyj6nvc/app.bsky.feed.post/3milhgdzabs23,"Bossed around into a new you!

[kobold nerdification!]",paleoraiser.bsky.social,758,195,26,2026-04-03 17:57:34.521000,best online store,2026-06-02 18:36:18.629748,bluesky
710,bafyreicnxnpoga5tvj7j4rs6oy2qg6bwcagar3toixeubk2jkai5miaxoy,at://did:plc:osdavjtdjmzyrbhxoo3t6biw/app.bsky.feed.post/3mik7tuh5ps2b,"Well, Facebook never ceases to disappoint, eh? On the 2nd day, we got ANOTHER scam site with AI-generated products being sold on meta's flagship time sucker. Notice how the format looks nearly identical to the one we posted yesterday? And they use SSL! HAHAHAHA, as does every site now, duh.",goodpotatoproject.bsky.social,1,0,1,2026-04-03 06:09:18.258000,best online store,2026-06-02 18:36:18.629748,bluesky
711,bafyreifefw3zzwjqo4mmm7jzwgus4pllgtghhuy3kip2dxt3s2rjqtxpbm,at://did:plc:qtcg5datmcm36g37yd4fzsgi/app.bsky.feed.post/3mij4eqkgt22a,"ProZenith Shop Online: Official Store & Best Deals

Looking to shop ProZenith online? Visit the official website to ensure you receive the authentic weight loss supplement with safe ordering and secure payment options. 
For more information visit here: pprozenith.com",jonathanreed00.bsky.social,0,0,0,2026-04-02 19:34:29.940000,best online store,2026-06-02 18:36:18.629748,bluesky
712,bafyreifjgl6i2wx3iuylwbafsndniv5cp2sxc6zkbaf4apzkcbpc7n2vi4,at://did:plc:aznyrupjakdduk5h3rk2fhr7/app.bsky.feed.post/3miiocgcmy226,"Best Ecommerce Website Development Packages in India 

Ecommerce Website Development Packages in India are a smart option for startups, shop owners, and growing brands that want to launch or improve their online store. Contact: (+91) 99887 97174 or
visit - www.uvsoftsolutions.com/website-deve...",uvsoftsolutions.bsky.social,0,0,0,2026-04-02 15:22:39.701000,best online store,2026-06-02 18:36:18.629748,bluesky
713,bafyreiczdtjxg6bsnnzydcpra2542cwbyruqp7sl5w6i5k77wcyfdsptvm,at://did:plc:r23oqmp22lkgvynjji7g3jyn/app.bsky.feed.post/3mihmbuqugk2f,"Hallmark, I'm not entirely certain that's the best promo code for a ""Just because"" card.",bullythelsb.bsky.social,15,2,1,2026-04-02 05:13:54.072000,best online store,2026-06-02 18:36:18.629748,bluesky
714,bafyreiegg6puhx3evoz7vd77ryhy4zoitlaqy2x5widdprm5st4dop6sha,at://did:plc:sh2bgqvc4pri2ghgsrvl7obl/app.bsky.feed.post/3mn53i2gfac27,the worst thing about having an event near large shopping mall and a metro is that once you see something thats on your online shopping app you’ve been eyeing on is available to get immediately via their direct shop instead of wait for it to ship. is just begging to be splurge on,flukekie.net,0,0,0,2026-05-31 15:52:28.492000,worst online shopping,2026-06-02 18:36:19.140245,bluesky
715,bafyreigdl6to2dphtweazxazxz7rdh6p3lxmrqqyd24jnz65y6bvngwe7a,at://did:plc:d5wesa2hyyfydempii75umax/app.bsky.feed.post/3mmfbr74lus26,The worst part about living in a rural area is clothes shopping. I am either driving over an hour to a store or ordering online where they will inevitably mess up my order in some way.,wavingwheat.bsky.social,0,0,0,2026-05-22 04:41:04.131000,worst online shopping,2026-06-02 18:36:19.140245,bluesky
716,bafyreiaude7d44uul5s56sggeq6chpimqtx257sa4wgq7n7fbfuynnkrv4,at://did:plc:wyhjfqirpanrq24hhw5pu5al/app.bsky.feed.post/3mlau2p4vdc2o,"Online shopping with AUDHD is the worst bec all I do is hyperfocus and look up every single detail of the items, and have so much anxiety that what I want will sell-out (⁠｡⁠ŏ⁠﹏⁠ŏ⁠)",euphiecat.bsky.social,4,0,1,2026-05-07 16:59:59.945000,worst online shopping,2026-06-02 18:36:19.140245,bluesky
717,bafyreiendl6v7kcafpujxgpm7jjhihomxkfvpshac7aoi4d2dcectq63aa,at://did:plc:5gxmd4j6eefcspwt7gqyvfzl/app.bsky.feed.post/3mkzt7brfus27,"My Amazon prime renews in Sept. So I put a note in phone to cancel. Bezos is Worst of Worst Billionaires Club, 
Main thing is try to break online shopping addiction. 
I’m off FB but will have to figure out how to delete account. 
Lowe’s and Home Depot are both Red. 
Anybody know about ACE hardware?",themorrigan2.bsky.social,1,0,1,2026-05-04 21:56:01.799000,worst online shopping,2026-06-02 18:36:19.140245,bluesky
718,bafyreigxrdhudm2sn4uv2x4lot2wo4updo37phtpjl3iaouanpzlzyhphq,at://did:plc:g45u5yjzuvvmzyn346dtlemj/app.bsky.feed.post/3mkuv6alyak2s,"We do have a lot of problems with deliveries, local retail and consumption (including waste streams). 

However, we are way past the point where we can just yell at people for shopping online. That’s a totally ineffective strategy, the worst one.",brianvan.bsky.social,5,0,2,2026-05-02 22:47:55.811000,worst online shopping,2026-06-02 18:36:19.140245,bluesky
719,bafyreiexxljeomasfi3oin4gz4lsvsirvefmsg2l3hadkex6tbefzz7s2u,at://did:plc:wmusx5m42xxrr7yhjh2hjgsy/app.bsky.feed.post/3mkbk4bzi7s2b,"✅ Major back surgery
✅ Work leave
✅ RSD wishlist purchased
✅ Lost Lands outfit planning

The worst part of recovering from surgery is the online shopping bug that bites my bank account.",shinydiscoballs.dev,1,0,1,2026-04-25 06:09:24.003000,worst online shopping,2026-06-02 18:36:19.140245,bluesky
720,bafyreidvcnpkf5w3yo3idczjxgsq6kxwttfconeaxcpgwh65depiqw4w3m,at://did:plc:h2h3ocgr5dl7ioahcnba244s/app.bsky.feed.post/3mjctr7ljys2h,"ike, shopping online is the worst because of it",girlboyautism.bsky.social,1,0,0,2026-04-13 01:09:37.879000,worst online shopping,2026-06-02 18:36:19.140245,bluesky
723,bafyreigsduru2tokrc2fncpnmj3efssazomtuk4zaywvaqbc47uapqipfq,at://did:plc:keb2gbamat5eeqfhtne2m7gc/app.bsky.feed.post/3mh5netmpjs2h,"I think that's how Amazon Autos, Carvana and other online dealers are supposed to work. Car shopping is the worst. Dealers always seem to go out of their way to live up to their shitty reputations. Also, if you're looking for an EV Rivian and Lucid can sell direct now in WA like Tesla.",kprk.bsky.social,2,0,1,2026-03-16 12:41:38.284000,worst online shopping,2026-06-02 18:36:19.140245,bluesky
724,bafyreidddpdnjoexch3k3si52pt4vq3byu7zxl4x53yzhlbhbho3cpszgi,at://did:plc:h6eza3npki47yih5qvjo6shb/app.bsky.feed.post/3mgnk4kakuc2b,"ive gone through my pen's ink and im trying to look for refills and while i found some i gotta order them online, and i HATE online shopping, especially for stationary stuff liek this!!!!
worst part is that refills seem common, but just not for green which is the color i want / like / need",lionabel.bsky.social,1,0,0,2026-03-10 03:00:42.974000,worst online shopping,2026-06-02 18:36:19.140245,bluesky
725,bafyreicnpkk5fjikkqc75kmpuvn3js7r4movrjmv5pphgz57itmli2myya,at://did:plc:olcwtelbxynbzcxvilsvsf2o/app.bsky.feed.post/3mgl2mni7bk2w,"> buy 2 white tshirts
> be in physical pain caused by how much they cost
> realise you don't own a white bra
> go online bra shopping (the worst fucking activity known to man) for the first time in YEARS
> spend even more
> be broke

alucard tshirt i did it all for you",saddayforsure.bsky.social,0,0,0,2026-03-09 03:18:03.893000,worst online shopping,2026-06-02 18:36:19.140245,bluesky
726,bafyreidwyuzondjcg5uezryg536umtxxddxx5bjokumzbcfwxuntgkdnge,at://did:plc:ko2qqlk5qac66ba3stpvl5bw/app.bsky.feed.post/3mg4pe2c5k22w,"Exactly. 
I am pissed that the only phone line option in my tiny town is AT&T... but am doing good with all the other 'convenient' retailers that support this regime. Paypal is the hardest, since it is the easiest to use for online shopping...but Thiel is among the worst of the worst.",gemmaperi.bsky.social,1,0,0,2026-03-03 10:19:07.841000,worst online shopping,2026-06-02 18:36:19.140245,bluesky
727,bafyreifekeffvczlgifwukc3si3kgswvermx2emjp46wxr2m2n36tfkvoy,at://did:plc:zm2jwd3rgh22vqm3v7i4ev4u/app.bsky.feed.post/3mfbyggxlss2k,France Express (Geodis) are the worst couriers in France. Avoid like the plague. Fantasy delivery notes and tracking numbers that make no sense. Inept couriers will destroy online shopping.,stutheeditor.bsky.social,11,0,9,2026-02-20 19:19:38.975000,worst online shopping,2026-06-02 18:36:19.140245,bluesky
728,bafyreiduwu7z7e6iu2i22am72qwjxpkxfdbxwegymhxmk5xbcaq7r34z2q,at://did:plc:36yocsum4en4za6prhtxoexy/app.bsky.feed.post/3mehfxzscsk2f,"Not the worst part, but it's also a bad metaphor: Amazon fulfillment always knows where your order is, that's the very thing that made online shopping viable. Conversely, the whole point of DHS is to enable abuse and avoid accountability by losing people in slip-shod, poorly maintained bureaucracy",jrobie.bsky.social,1,0,0,2026-02-10 05:40:14.855000,worst online shopping,2026-06-02 18:36:19.140245,bluesky
729,bafyreiewjknuhkpjedrhmvpdnhlgmjeiulidjjp3al4ybyjzvcbmyhjhge,at://did:plc:zisk767khxdafkwe4vk4az6w/app.bsky.feed.post/3mdqvclxeds23,"Saturday night wine plus online shopping, sure, what's the worst that could happen?",chumpski.bsky.social,1,1,0,2026-02-01 06:43:21.587000,worst online shopping,2026-06-02 18:36:19.140245,bluesky
730,bafyreia6fy5yodtwfdteaqqyhoksrpb62oxy62x2fw3m6ptygxnwj5glti,at://did:plc:5xiqtcoxtgqhr7d4fxgynoyx/app.bsky.feed.post/3mdpzvb4kkk2g,"MY BRAIN: man you are the WORST, it’s only a matter of time before you’re exposed for the FRAUD you are. everyone still remembers that time you called the teacher “Mom” and you’re not very good at guitar or Mario Kart

ALSO MY BRAIN: and you deserve a lil treat. maybe a pizza or some online shopping",jessolido.bsky.social,0,0,0,2026-01-31 22:32:42.983000,worst online shopping,2026-06-02 18:36:19.140245,bluesky
731,bafyreifapnfbbgojvyvod74lalbmwbzlilxmrk2ugafiu4z7nixfeejtpu,at://did:plc:hqsuqsaauhngvxnnw4wrfd5w/app.bsky.feed.post/3mdjixotcws2g,"I think we've all had that experience in the Internet Shopping Age.  Happens a LOT to my favorite cousin, who prefers online shopping for everything but groceries.  Worst she mentioned was when some vendor in LA sent her a package to Chicago (her home) that somehow ended up in NYC for over a week.",legacyhero.bsky.social,1,0,0,2026-01-29 08:13:52.432000,worst online shopping,2026-06-02 18:36:19.140245,bluesky
732,bafyreiga7cnjjuvd66zi7c6pbnaxdytjbre35f4lmrwriqg7xwhxgnvzfy,at://did:plc:sm5oj6vublcrem4lcicmfnlb/app.bsky.feed.post/3mccvhlbyjk2i,"And I was asking for clarification BEFORE I answered. I know that’s a lost art online. 

If I as a chef say “I want these ingredients” and the person in charge of shopping brings me the worst versions of those ingredients. Making a bad meal is still my fault, but ALSO the one shopping.",troyneliousq.bsky.social,0,0,1,2026-01-13 23:43:40.695000,worst online shopping,2026-06-02 18:36:19.140245,bluesky
733,bafyreidktwhqbfbe6ka53nn5ieda6xjxcxpqwyhaf5dmnvnjruvgj2vige,at://did:plc:5ofiiss3dphp6c5cvvcohlyn/app.bsky.feed.post/3mbyqccmya22l,"data.bls.gov/timeseries/c...

You only have the dotcom crash, the GFC, and a global pandemic putting up worse job numbers since online shopping began. And that’s a preliminary (rigged) stat too. This might be the worst December job report of the 21st century once all the data is in.",gritty7.bsky.social,0,0,0,2026-01-09 22:44:37.752000,worst online shopping,2026-06-02 18:36:19.140245,bluesky
734,bafyreieoizx7xlndeby5fqtehppn22qasurvd3kk56nfsybw6oknxon4tu,at://did:plc:diwmlhd32wzwcd2duqlxrmou/app.bsky.feed.post/3mblp2u4hmc24,We use asda online. Weekends are the worst shopping day for replacements.,kjvincent1979.bsky.social,2,0,1,2026-01-04 18:17:57.310000,worst online shopping,2026-06-02 18:36:19.140245,bluesky
735,bafyreidpszquwyt7pxhqnwybehuesf72wdaeqozg5eqfytvsl2gurtxgca,at://did:plc:5yhf7tjfabekpqlpgcrxrq5k/app.bsky.feed.post/3mbagcmwfcs2o,"I'm shopping online and locally for a DSi XL and all the decently/fairly priced ones are all BLUE! Why do they all have to be BLUE?! The worst of the bunch.
Even the damaged ones are going for too much now.",opaqueflake.bsky.social,0,0,0,2025-12-31 06:41:57.407000,worst online shopping,2026-06-02 18:36:19.140245,bluesky
736,bafyreiadrdlby25hobq5pt74cq2pffsd3nb43ywlf7ekkca5qcskoawixu,at://did:plc:4tp3af3ytvuoe2hnvy32uase/app.bsky.feed.post/3mamrdjrxcs2v,"In-person shopping is the absolute worst now...no price tags, items are not in stock like the website claims, and if they have it then you are going to pay $2-10 more than advertised online. Oh and enjoy checking yourself out and good luck getting your breakable s wrapped in paper",meglambchez.bsky.social,1,0,0,2025-12-23 11:06:04.063000,worst online shopping,2026-06-02 18:36:19.140245,bluesky
737,bafyreiawfq6c3spxn6fcbw6jir4j2drl26nckdixnyth3nfj26pw2zdcke,at://did:plc:bovzslbtirqz4eijaqrl7fo7/app.bsky.feed.post/3m7xmno3vvc2r,"I know who Andy Kim is.

It's very, very possible to give the boot to bad Democratic party members, and it happens all the time.  The worst examples have been getting the boot, one after another.

Meanwhile, Trump's asking for straight-up million dollar bribes on a website, via online shopping.",thirddudeontheleft.bsky.social,0,0,1,2025-12-15 01:16:20.914000,worst online shopping,2026-06-02 18:36:19.140245,bluesky
738,bafyreicry6a62vp2zhmr6gb6ll5a7imkdl7hsgilea2dzwl3trmbqtlwh4,at://did:plc:ntyw555ble6ujqfjimmixiog/app.bsky.feed.post/3m7qyadsn3c2n,"I’ve been online toy shopping since the mid aughts. 
Ordered from the major brick and mortar retailers, and of course the big A.  
From toddler toys through the teens and now the grands.

This year is the worst. Prices have practically doubled on some toys. Promoted items choke each searchable page.",13crowes.bsky.social,0,0,0,2025-12-12 09:55:00.648000,worst online shopping,2026-06-02 18:36:19.140245,bluesky
740,bafyreiejk6mjuwzxk2q3rodsddiukucjgbweau6nw5guyn2htnawiri7yq,at://did:plc:sh2bgqvc4pri2ghgsrvl7obl/app.bsky.feed.post/3m7fgvsm67k27,"worst thing in online shopping is when the tracking says the package is sitting at the destination branch but wont be delivered because holiday

well... second to having untracked envelope from abroad gone missing while being out for extended period of time",flukekie.net,0,0,0,2025-12-07 19:45:36.334000,worst online shopping,2026-06-02 18:36:19.140245,bluesky
741,bafyreid4s7r47l7srw4yoj2em3bgozunizxnyge3re7pimgmczvdtfbine,at://did:plc:ky74juxzgcks2lkl2q7r4vmi/app.bsky.feed.post/3m743v4bqbk2i,holiday shopping in person instead of online is like the worst experience known to mankind,rospwprpwprpwp.bsky.social,2,0,0,2025-12-04 02:34:24.117000,worst online shopping,2026-06-02 18:36:19.140245,bluesky
742,bafyreicxqewqgig6o2hzyjzd2ln2bt7kxwox4kgqthyvhxh4dsjelzwavm,at://did:plc:i5djkxwnstw4as36azkgcfd4/app.bsky.feed.post/3m6wqfxp3c224,"The worst part about online shopping is how as soon as you place an order, you get emails trying to get you to buy more things. Like how many pairs of bone conduction headphones is one person really buying?",brookebikesmke.bsky.social,12,0,0,2025-12-01 23:25:46.145000,worst online shopping,2026-06-02 18:36:19.140245,bluesky
743,bafyreibvzp5kpgm5dfqmpb6bbzaoi2b5aow44mvyyk57nwfhwtwcr7v25u,at://did:plc:5iwuaysoiz44rp5xnwvby6e4/app.bsky.feed.post/3m6sac7mznc2o,"According to everything I read the shopping season started earlier this year than every before. Plus, its easier to order online and just have it delivered worst case you have to do in store pick up which is a quick in and out.",thebookwyrmshoard2.bsky.social,1,0,0,2025-11-30 04:26:41.425000,worst online shopping,2026-06-02 18:36:19.140245,bluesky
744,bafyreiaokdltnwnkqnndvkjhthlh4w4ki2bjfagwj2j6j7ksjvkdyamch4,at://did:plc:23mfy2ig3bttvd6hrtxi64wv/app.bsky.feed.post/3m6r6ocp2722k,"I saw this as the oldest person on my Social Work degree course. Students spending lectures shopping online, refusing to engage with questions asked by the lecturer and not seeming to want to be there. Worrying for a course that can lead to being involved in the worst times of people's lives.",berniescroggins.bsky.social,10,0,0,2025-11-29 18:25:00.069000,worst online shopping,2026-06-02 18:36:19.140245,bluesky
745,bafyreicnwngvdi6ipr5hgyzdyprozibg3liudnbn2ftcjuq634vg5ur6be,at://did:plc:alusivtvzwuoekncmdce5aop/app.bsky.feed.post/3m6phlzd2rc2y,It looks like Italy is the worst in the G7 when it comes to online shopping.,mik0e1.bsky.social,0,0,0,2025-11-29 01:59:27.328000,worst online shopping,2026-06-02 18:36:19.140245,bluesky
746,bafyreidrd4nvgglsm7lyrzeg3qf6myrglawupodbw2zjmlxd3yidqcgq74,at://did:plc:y2qsvcjrwvecrjokynb5sg5w/app.bsky.feed.post/3m63kggkaas2x,"I think one of the most fucked up things about modern shopping is you find the worst things in stores at worse prices than online for most items unless its a specialty. Common household items arent worth buying unless you need it now. And thats all the sell, shit that isnt going to be good enough.",eltripol.bsky.social,1,0,0,2025-11-21 03:56:46.327000,worst online shopping,2026-06-02 18:36:19.140245,bluesky
747,bafyreifz7u2xihujpebvyp7yban5om6mud3cnf6jmxcrptm42x3sqakfpy,at://did:plc:jojuyixizwpak3rmf4euge36/app.bsky.feed.post/3m5z2bedwdc2d,"This holiday season needs to be the worst for retailers ever seen on record.
No online or mall shopping, no sticks-n-bricks stores.
Tell your family you're making donations to food banks & other charities in their names.
Corporations need to feel our wrath. 💙💪
#JimmyKimmelStyleBoycottingEveryDay",bdkins11.bsky.social,0,0,0,2025-11-20 04:02:16.906000,worst online shopping,2026-06-02 18:36:19.140245,bluesky
748,bafyreidlk7nw6el5ak34rh24j7l6hsjz4ocjvidw456dwlmrx6zddkpihu,at://did:plc:yy3z7gsetdqbwvvu2dqks42m/app.bsky.feed.post/3m5uhuhzprs2r,"I've been hearing artists talk about Bluesky as a good place to post. I'd like to try that. Because every other platform is basically a virtual shopping mall now (in the worst way possible). I miss connecting with other artists, seems like so few places for that online :(",vverner.bsky.social,0,0,0,2025-11-18 08:22:18.247000,worst online shopping,2026-06-02 18:36:19.140245,bluesky
749,bafyreiav4runlywjpgfvq4k2i46t6xuofhnomac3eqplk6neefvepupegu,at://did:plc:36z35djjdair4zj3ohecyh3f/app.bsky.feed.post/3m5opmfahfs2k,Is Temu the worst online shopping company?,al196.bsky.social,0,0,0,2025-11-16 01:24:58.396000,worst online shopping,2026-06-02 18:36:19.140245,bluesky
750,bafyreieanajhjm2ojuu4cub2x3jtepxroze4wnhyxm7pua2tcyya6wv2qm,at://did:plc:46gmbdzpw6mwauew6il3eeb3/app.bsky.feed.post/3m5ofoobjrk2o,"Where I will be holiday shopping - no Oligarchs! Hope Amazon has its WORST holiday season EVER! 

- Farmer & craft markets
- locally owned shops
- Bookshop.org
- small, eco-friendly online shops like Blueland, Plaine Products, Grove, Meow Meow Tweet etc. 
- merch supporting orgs like Sierra Club",savedemocracy25.bsky.social,0,0,0,2025-11-15 22:27:17.555000,worst online shopping,2026-06-02 18:36:19.140245,bluesky
751,bafyreie2vc3sfjhe4tnpycaqwiteimr7zfhlm66jpil7ub6p5lkmaso2jy,at://did:plc:det6b6yxb7qtk7pv3kamnnyg/app.bsky.feed.post/3m527t7zl3s2n,"The worst part of shopping online is that when my brain goes, ""We deserve a little treat!"" I have to be like ""There are THREE little treats in the mail. STOP BUYING THINGS.""",daisyrazor.bsky.social,11,0,0,2025-11-07 21:49:13.170000,worst online shopping,2026-06-02 18:36:19.140245,bluesky
752,bafyreifc75rcconqywpasfp4hm4wwq4wre5czbwllpseoqr43a7s73ulwe,at://did:plc:feohayn3sgocfd75olv2nawu/app.bsky.feed.post/3m4qqnrccu22v,I did the process exactly once (for the monty python set) and it was the dumbest/worst online shopping experience I have ever seen,youngmecca.bsky.social,0,0,0,2025-11-04 03:23:46.184000,worst online shopping,2026-06-02 18:36:19.140245,bluesky
753,bafyreihmpabnp3mfln4th7oezbk72wxn6w6h2cqbepx252oso2kee3det4,at://did:plc:tap36gmgwfbcrwsif6h77cum/app.bsky.feed.post/3m3e2n34t2s2i,"Online shopping is one of the worst things to ever happen to humanity, both in consumer terms and waste terms.",johnjackcomics.bsky.social,1,0,0,2025-10-17 08:52:32.126000,worst online shopping,2026-06-02 18:36:19.140245,bluesky
754,bafyreieqdgtas7l5chmx2r66a2sfut2ocaov7r2hskkcsrklpr56ejwfiy,at://did:plc:eoqdvow7xpj47imdhpjznnl6/app.bsky.feed.post/3m3btv2ucnk2y,"MAGA Customer Ticked! “I plan to sue. This is a scam!” who ordered a $900 watch in January w/ a promised delivery of March. She said she had tried to cancel the order in April but were refused. “This is my worst experience with online shopping,” www.msn.com/en-us/news/o...",timetomove2.bsky.social,0,0,0,2025-10-16 11:46:24.615000,worst online shopping,2026-06-02 18:36:19.140245,bluesky
755,bafyreia3sflbs53lngdu7akjptshql6v2sqwpvanlo3esnepawmzaq6xru,at://did:plc:fr7vvp5ix2v3dqdzyyu6xzlk/app.bsky.feed.post/3m2l5z5bmrc2b,The worst part about shopping online is having to get up and get your card.,koreydior.bsky.social,0,0,0,2025-10-07 11:16:24.801000,worst online shopping,2026-06-02 18:36:19.140245,bluesky
756,bafyreibotw2wes463m5wjlj4artcsjjxioexexrpicxklyoqkysfuiklea,at://did:plc:db2lox7kcdrxvz564ya62upe/app.bsky.feed.post/3m2fnjqci422a,"probably, but it doesn’t have any negative side effect, unlike groceries 

i think my worst synth shopping habit (which i have learned to not do anymore) is putting instruments into the cart of an online store but then walking away before i press the buy button, and closing the tab.",intelectconfig.wtf,1,0,1,2025-10-05 06:38:09.316000,worst online shopping,2026-06-02 18:36:19.140245,bluesky
809,bafyreicu2cfxhzvw6oghsb6wcebju3v3qsl5mi6zsa7wks3qpvpw3sgfiq,at://did:plc:ne7m7b4d5kh6olknylykzsvb/app.bsky.feed.post/3limuurd3vd2c,"📢 Why does online shopping sometimes turn us into the worst versions of ourselves? Needy, obsessive and unsatisfied.

👉 Bot to check Bluesky account creation dates",theage.nzcow.com,0,0,0,2025-02-21 02:04:44.457830,worst online shopping,2026-06-02 18:36:19.140245,bluesky
757,bafyreic3begab2fdun7f2rkagf7ij4osig3qktdbku6kik7wwrvjzawzai,at://did:plc:i5myieoqmsrlon52jer2yitx/app.bsky.feed.post/3m25jrqg25k2b,"Q: How do I curb my online shopping?

A: “It is a deafening fact that we exist in an economic system that appeals to the worst side of our nature and it makes us miserable.”

Full reply: thereclamation.co/ask-the-edit...

#PhilSky #psychology #shopping #finance #Wednesday",thereclamationmag.bsky.social,0,0,0,2025-10-02 01:09:44.979000,worst online shopping,2026-06-02 18:36:19.140245,bluesky
758,bafyreigs6cyuwfx2snqlibkazemq5yth2n5rowm2qbznw6nixw6q3wkyya,at://did:plc:thgdoumvjzvywntlheab4kyo/app.bsky.feed.post/3lzd2tg5fmc2y,Or they want to move more toward online shopping. The in-store experience is the worst.,bv-pdx.bsky.social,4,0,0,2025-09-21 12:33:02.014000,worst online shopping,2026-06-02 18:36:19.140245,bluesky
759,bafyreigwbripx4mwg4bce6o23xrgm7mb5cua4xlzhhyggtwfhmpr76iqry,at://did:plc:fr7vvp5ix2v3dqdzyyu6xzlk/app.bsky.feed.post/3lyoiy5zm622f,The worst part about shopping online is having to get up and get your card,koreydior.bsky.social,1,0,0,2025-09-13 08:20:19.153000,worst online shopping,2026-06-02 18:36:19.140245,bluesky
760,bafyreielhjvtat3rfoxfw4nhtdiafrr5dte7ga23jzbq27e5khqpqcnjsa,at://did:plc:chwzimryvi37x56ll3jd5g6v/app.bsky.feed.post/3lyfcfelw4c22,It reminds me of the worst estates in Belfast in the 90’s but done on a budget with online shopping. If you truly love the flag you can’t be happy seeing a cheap plastic/polyester flag plastic tied half way up a lamppost,paulkillick.bsky.social,11,1,1,2025-09-09 16:28:28.413000,worst online shopping,2026-06-02 18:36:19.140245,bluesky
761,bafyreigixduo7kqgw3dr5zlmaelmqjmw6b4lrdmx3hmdlqvh4j4niw62nm,at://did:plc:fr7vvp5ix2v3dqdzyyu6xzlk/app.bsky.feed.post/3ly7qordb2k22,The worst part about shopping online is having to get up and get your card.,koreydior.bsky.social,1,0,0,2025-09-07 11:28:17.706000,worst online shopping,2026-06-02 18:36:19.140245,bluesky
762,bafyreihln5aeqi5g3lvl34oqwyhauipqvcwaimuy6hwnnxd4cmfh2fmilq,at://did:plc:fxgqnrbbvecmfoh3nmr4pbf3/app.bsky.feed.post/3ly6m2jetqs2c,"The WORST bit.... if I'd have done that shopping online, I had a £15 voucher I could have used. 😡😡😡",mixitupdeedee62.bsky.social,1,0,1,2025-09-07 00:32:43.575000,worst online shopping,2026-06-02 18:36:19.140245,bluesky
763,bafyreibhx3vi3whs6mikosrax2annydu7w62pf5aueqk22ymkr7kqvl4i4,at://did:plc:nhei4q5qfm3fygmaoknwcdnq/app.bsky.feed.post/3lxovygj2qs2o,"The worst part of online shopping is waiting. I want to play with my new spindle but it is still on its way

#spindle #fiberarts #handspinning",taztopaz.bsky.social,1,0,0,2025-08-31 18:47:55.064000,worst online shopping,2026-06-02 18:36:19.140245,bluesky
764,bafyreibg6rrkw7ohy45cxrnwbjlubfnpeuxnndffn7xyxd3dtnlgw4kxve,at://did:plc:b4q2wtnjhwojp5jf5yzir4en/app.bsky.feed.post/3lxkyx23bok2k,"GOD online shopping is the worst. I just want to touch the clothing to make sure the fabric doesn't feel like it's made out of tarantula hairs!! But noooo, major retailers gonna pretend that boobs don't get bigger than DDD 🙄",racecarart.bsky.social,2,0,1,2025-08-30 05:30:10.747000,worst online shopping,2026-06-02 18:36:19.140245,bluesky
765,bafyreibhm52mnihidomsi5xggqt6u26pumeitjolxgncyuqzt6gncyjosa,at://did:plc:gq2ibfp7dablp7smi3hfja3o/app.bsky.feed.post/3lxfc3u67jc23,"If I lose out on this auction because of Mercari's stupid overprotective nonsense, I'm going to be pissed.

Not the first time I've had problems ordering from them, either.

I'll never understand why Mercari is so well-loved here. Consistently the worst online shopping experience I've had in Japan.",wyrdwad.bsky.social,1,0,1,2025-08-27 22:57:57.569000,worst online shopping,2026-06-02 18:36:19.140245,bluesky
766,bafyreiawbvzwb736p3lwm24m6tspitbwqcq77atiywspizbabehlfn2ivm,at://did:plc:fctau3eedws5cdrvnv4k6n2q/app.bsky.feed.post/3lxcs7rln4s23,"New: I found antisemitic t-shirts for sale on TikTok Shop, and I later found a similar product on Amazon. They removed listings after I asked about them — but it exemplifies some of the worst parts of contemporary online shopping, which has essentially become spam.

www.theverge.com/report/76586...",miasato.bsky.social,63,15,7,2025-08-26 23:08:29.735000,worst online shopping,2026-06-02 18:36:19.140245,bluesky
767,bafyreifhfc2bc2ut5dasiht4xdizlelbjcmfp333egdtpkkdewpuxjpfmm,at://did:plc:2gzbe7j2mp4tl3zgxmf6dbou/app.bsky.feed.post/3lwjlfc4jqk2y,"The worst part about shopping for glasses online is all the talk about face shape. You're just pulling my leg, right? These are random shapes drawn over people's faces, there is nothing here that resembles a heart/circle/etc.",sarken.bsky.social,4,0,0,2025-08-16 22:29:45.186000,worst online shopping,2026-06-02 18:36:19.140245,bluesky
768,bafyreidoap3p7rqddrz2tcd7fdpkza7elbner3m6yvt24vbeymrnicjibi,at://did:plc:5wmh3twr4ohjtono4ott6gz2/app.bsky.feed.post/3lvhpzicbhc2a,Online supermarket ordering is *the* worst shopping experience ever.,catherinejmckenzie.bsky.social,1,0,0,2025-08-03 11:22:06.617000,worst online shopping,2026-06-02 18:36:19.140245,bluesky
769,bafyreigfxltwpqdpvukqqi5atudz6v4rcpx3shxz5ktctph6vowehipxte,at://did:plc:nn5k23plxshziaasobnkhlu3/app.bsky.feed.post/3lvgerf2jz22r,"youtube.com/watch?v=6LTI...
ICYMI online shopping has always been terrible. TikTok Shop is a strong contender for the title of the worst of the worst.
#CapitalismConsequences",janmalandra.bsky.social,0,0,0,2025-08-02 22:28:03.884000,worst online shopping,2026-06-02 18:36:19.140245,bluesky
770,bafyreihpib7tf7xueytfmytqyyvcvvseioc4jqa7sqtedrkfslzpm37n3y,at://did:plc:6seuugz2wfg2eyz5v3d27s7g/app.bsky.feed.post/3lvbwv3eeis22,"Exactly this. As others have said, local FB groups moan about the death of town centres, yet the do most of their shopping online. Some communities are their own worst enemies. Some of the misplaced anger is staggering.",jonty24.bsky.social,0,0,0,2025-08-01 04:08:56.600000,worst online shopping,2026-06-02 18:36:19.140245,bluesky
771,bafyreicjurntbz7ebsbgwy2a5nx3cnafcy6pw4xkbdlb3dop5wb6az2quu,at://did:plc:5dge5txx2dzogiuin4a4q674/app.bsky.feed.post/3lv2l6bv4qs2j,"Shopping for non-commodities online is the worst experience, running around to half a dozen people just begging them to let you give them your money",captainmeap.bsky.social,1,0,0,2025-07-29 05:50:42.359000,worst online shopping,2026-06-02 18:36:19.140245,bluesky
772,bafyreiaqvvu7hgbryzi2xihcuvezmifgddpfs3pdgo34pqh2b2w5wdxrpu,at://did:plc:7gooocptynhmq6sfvpbosoxe/app.bsky.feed.post/3lug24o46nk2r,"My parent's live in a place with a pool... none of my bathing suits fit, so I am now trying to find a bathing suit online and, JFC, bathing suit shopping is the worst. Why is there so much ruching? Everything is ugly. (I know, there is bigger problems in the world. And yet, UGH!)",juniperd.bsky.social,2,0,2,2025-07-21 01:52:19.686000,worst online shopping,2026-06-02 18:36:19.140245,bluesky
773,bafyreibfvqvky626vwwqywit33465rklnccy64mwzbnwzrc4y6v3ir5kvi,at://did:plc:mh7kyguatcomgdvkynre7pgq/app.bsky.feed.post/3ltyro2gvek25,Is Tiketek trying to get some kind of Nobel Prize for worst online shopping experience? WTF?,elgnairt.bsky.social,0,0,0,2025-07-15 19:16:22.771000,worst online shopping,2026-06-02 18:36:19.140245,bluesky
774,bafyreidon4drqek7f4is7lncnjp6vli6nn5mmaksecfuppnzzflpgdjhp4,at://did:plc:w7z7vx3hpdt577cpmdiwyhtz/app.bsky.feed.post/3ltdql224222n,"Worst online shopping experience ever, I’d literally rather wrestle another parent in a department store",wrenispinkle.bsky.social,43,2,9,2025-07-07 10:30:53.441000,worst online shopping,2026-06-02 18:36:19.140245,bluesky
775,bafyreiet3zptoi76bvci2n5qowb5hruy47cut2u6n4ex6en6jlrcnssnua,at://did:plc:o6rh2eed635u7axaz53wqqz3/app.bsky.feed.post/3lsxtsy5xpk2a,the worst part of online shopping is the betrayal when it arrives and looks completely different,meganisthinking.bsky.social,3,0,0,2025-07-02 16:57:04.270000,worst online shopping,2026-06-02 18:36:19.140245,bluesky
776,bafyreid65myksefjit5xvapn3juc4hotfd33zpkktu4dcnglfuts2jx7ke,at://did:plc:tc55hstt3nr5n6gejjl2szn4/app.bsky.feed.post/3lspp4uzkl22a,"Knowing your measurements is key. 

But I totally agree. Clothes shopping online is the worst anymore. And the clothes get more expensive while also being cheaply made. I used to make my own but now the only fabric store is closed and it's the same problem w/ fabric online",amberbrainz.bsky.social,1,0,1,2025-06-29 11:11:49.908000,worst online shopping,2026-06-02 18:36:19.140245,bluesky
777,bafyreigf6ahfx6jrq3s5lpdxbartpgo4ufrjd5of674hrsmos7rrsxf2xm,at://did:plc:oq5iscei7qk5nqvn4x7p5tax/app.bsky.feed.post/3lsjlwcdeb22c,"Yes, amazing q&a with Paul Krugman, but new and improved with alt text. 

Also, someone get Krugman off of substack.",suzitravels.bsky.social,1,0,0,2025-06-27 00:58:29.321000,worst online shopping,2026-06-02 18:36:19.140245,bluesky
778,bafyreicpswj4c66i3qorvrvng7r22lfhc6yp3insgagnyen2xqmwt54x2q,at://did:plc:qlgaeds3uqce24732v5lkiud/app.bsky.feed.post/3ls7t5cedfk2m,"Yum! I make something similar, I think. Do you use corn tortillas instead of noodles? It's a family fav!
I actually did the worst possible thing to soothe my rattled soul, and committed utterly unnecessary online shopping 😬",wordygurdygurl.bsky.social,1,0,1,2025-06-23 03:41:03.046000,worst online shopping,2026-06-02 18:36:19.140245,bluesky
779,bafyreibb42ob47dvzt2btkmf2zrozpzn5o4xpt2ahr2zcrkpbwpygynlki,at://did:plc:wl7dm2fgf6jsnsmri4mm6nuw/app.bsky.feed.post/3lrrnoljnus2q,"#Trump has destroyed retail.

My bride has operated an online business for decades and her business is down (May was the worst ever reporting negative cash flow) ... check out the shopping center parking lots and you will find plenty of empty parking spaces. Footwear retail has to be impacted.",mainstreetmn.bsky.social,1,0,0,2025-06-17 12:26:04.293000,worst online shopping,2026-06-02 18:36:19.140245,bluesky
780,bafyreigpc54axuce76newdzbw5s3dzzd4bgnh5yhjmqf4jep4yvn7wfglu,at://did:plc:d6o5wbgtrouo7s3i3ngg6ys2/app.bsky.feed.post/3lrhcs25ync2s,"Shopping on Pop Mart's website has to be the worst online shopping experience. Every release day, the site is hammered, they refuse to put up captchas for helping with bots, and resellers end up with most of everything!",ellyberries.bsky.social,2,0,1,2025-06-13 09:44:31.762000,worst online shopping,2026-06-02 18:36:19.140245,bluesky
781,bafyreidtkjg2bz74qv2fh2crxtznzcw6trrfpjmwc45oe6ttrndbqhognm,at://did:plc:f2cd5hso3evpebwrumwyhaut/app.bsky.feed.post/3lr25bnjpws2x,"Some places are better than others & there's a lack of consistency. 
In my experiments of online shopping, Wednesday is the day you (generally) get what you want with the best dates. It's still not as good as going yourself, but in the days when I can't get out...
Sundays are the worst days.",wrenkh.bsky.social,3,0,3,2025-06-08 04:01:16.336000,worst online shopping,2026-06-02 18:36:19.140245,bluesky
782,bafyreihnprzgbgvkzfb73x7m6dd7rbw5wfwvyphivfde3zred4aspfkpuu,at://did:plc:umtpslmu4kktpwjz2cme22ba/app.bsky.feed.post/3lqnlqsbpxs2p,Oh windows. It’s the summer of windows and this one was one of the worst but underneath all the paint is shellac and now I’m not painting them but I’m going to learn how to shellac and then use linseed oil paint on the exteriors.,scatterville.bsky.social,6,0,2,2025-06-03 04:15:40.403000,worst online shopping,2026-06-02 18:36:19.140245,bluesky
783,bafyreie7hbiafjbsfhe2pcpye3zlcdzc3imtk3avyiwsrex7tcm2jev42a,at://did:plc:cuowqu3bimpxo4plxd4pg3eh/app.bsky.feed.post/3lqgq35brkk2s,LOL because not remembering means you did horrible things. I was on ambien for years and the worst thing I did was online shopping for handmade ceramics and eating an entire package of raw turkey bacon in my bed. They love the ambien racism example so much,ryanmarino.bsky.social,5,0,3,2025-05-31 10:44:24.298000,worst online shopping,2026-06-02 18:36:19.140245,bluesky
784,bafyreih2qm7txdz4mzbrszwdr37kfjontv2dazxxailf4ct3dauo4ypbb4,at://did:plc:z27cc3ealtc3dtu6bp6k7xix/app.bsky.feed.post/3lqelli5cls27,"The single worst development in online shopping is every website insisting on you creating and account/logging in. Essentially, it means if I've forgotten my password, I won't be buying anything from you.",whoniversal.bsky.social,1,0,1,2025-05-30 14:18:44.372000,worst online shopping,2026-06-02 18:36:19.140245,bluesky
785,bafyreickiuw6x727pie5aduefzedeiaapyxvb77s4pnecq2t3lo3rjupqq,at://did:plc:pyzkr45vn4xrw5ab4vg4dx7h/app.bsky.feed.post/3lq4tcgjdqk2j,"That's the fucking worst straw woman argument I've heard in years, and I've heard a few

""The young people aren't shopping at David Jones, they're buying online, so it's only fair we get to continue destroying the futures of new generations for our filthy selfish greed""

What an absolute arse she is",wilks6.bsky.social,4,0,0,2025-05-27 12:15:32.707000,worst online shopping,2026-06-02 18:36:19.140245,bluesky
786,bafyreih3kajghipwuvlmqmt6gsdfip462qs77yzhwspzljho2mj6fag32y,at://did:plc:qih5ot6blid5zsc337zrt2hc/app.bsky.feed.post/3lpoonpfrss2t,"Dipping my toe into online shopping with this No 7 plane. The worst part is writing a blurb for it!

www.jbbanks.co.uk/product/no-7...

#woodworking #oldtools",jbbanks.bsky.social,13,0,0,2025-05-21 21:15:06.075000,worst online shopping,2026-06-02 18:36:19.140245,bluesky
787,bafyreib47pgr3axamv6kpufckknla33cyb2dpnjufld63jmbgijvwez6ua,at://did:plc:n3uds3k5uuecokqjvprbnimo/app.bsky.feed.post/3lphrdwvcc22q,"the worst part about ordering books online is waiting for them to show up
but also shoutout to my bookstore for having online shopping/ordering",dorkmenudo.bsky.social,3,0,0,2025-05-19 03:14:41.434000,worst online shopping,2026-06-02 18:36:19.140245,bluesky
788,bafyreibfmwrme5tnm3czgp643jvtc5sxghs6ezjbq73yaaxkstqhbm7gjy,at://did:plc:yaiowhoaygggxj24kg7p46u5/app.bsky.feed.post/3lpeogvpz7c2p,"100%, easily one of the worst side-effects of online shopping becoming the norm",thejundfund.bsky.social,2,0,1,2025-05-17 21:44:40.441000,worst online shopping,2026-06-02 18:36:19.140245,bluesky
789,bafyreidflig4m5asbk4kjogrmbndzzxuk6dgmropyqhtp7yksjdqasjoim,at://did:plc:wxcqugh3mjtxxvwjskttgjkw/app.bsky.feed.post/3loyrw2vz6k2d,"Temu’s escape from Tariffs

China’s Pinduoduo, owners of online shopping craze Temu, is set to benefit from this ninety-day pause in the worst of the proposed U.S. tax on China imports.

www.thetechnologyletter.com/the-posts/wa...

#investing #tariffs",tiernanray.bsky.social,0,0,0,2025-05-13 04:14:53.558000,worst online shopping,2026-06-02 18:36:19.140245,bluesky
790,bafyreiepuzyxexmjmvkywpzyosprhqkmav2su57vcyzrgl2jx57n4pxmom,at://did:plc:sjuurkp5welmqb7emacqix6i/app.bsky.feed.post/3loqnon2nws2d,"I like Walmart for the 1 stop shopping but they are the worst when it comes to me being able to reach stuff (I'm only 4'10""), and getting help in that store (at least our local one) is a constant lesson in futility). If you're lucky you can find one of the online shoppers or another customer nearby",tenaplayssims4.bsky.social,1,0,0,2025-05-09 22:37:51.280000,worst online shopping,2026-06-02 18:36:19.140245,bluesky
791,bafyreibylfevwttapwfolm4qaqc6kmxyxochyvriwz2hz67wyngi23kmfi,at://did:plc:kcydvqziedhbz7jyw4oydfkr/app.bsky.feed.post/3looitkrdws2b,"Victory! I scored the coffee maker I bout from my parents on sale at Canadian Tire, which has the worst online shopping website of all Canadian stores.
I have a visceral hate for Canadian Tire. Oh well you get the sales where you get them",wickdchiq.bsky.social,19,0,3,2025-05-09 02:05:48.463000,worst online shopping,2026-06-02 18:36:19.140245,bluesky
792,bafyreicwcc5wxvsv5yqrp7zx34syhoc6mf6vcgng7gcwesl4csxstdo7me,at://did:plc:6hd4qogsnitojaper4mlzejl/app.bsky.feed.post/3loljmzgtoc2j,"Buying clothes online is the WORST (she says, having just replaced her wardrobe last year with the help of online shopping).

I didn't think quality could get worse than $7 tees from **Walmart**",lunarkoneko.bsky.social,5,0,0,2025-05-07 21:42:03.493000,worst online shopping,2026-06-02 18:36:19.140245,bluesky
793,bafyreigispugywukhoht6sfz6so6hymerjo4cnedvlrbtsgcxk46cmtmou,at://did:plc:vyfv5v2wdsxm54lxjcwel4bk/app.bsky.feed.post/3lojhvzycqs2o,"the worst thing about online clothes shopping is not being able to judge how long things are and where they will fall on me, i am not blessed in the leg length department and stuff is always always way too long!",cheche300.bsky.social,3,0,1,2025-05-07 02:05:59.095000,worst online shopping,2026-06-02 18:36:19.140245,bluesky
794,bafyreif3b6oo7sewd3b4ee2l75rikjqz3udrm2skofescmn2nliai5z6qq,at://did:plc:qig2llsb6we7hyt3vrs24n24/app.bsky.feed.post/3lohbunxu4s2u,"The worst thing about online shopping now is how you have to put all your shipping details into a website just to see how much a thing will cost you, and then before you do anything else, they WhatsApp you like ""Heyyyyy, we can't help but notice you haven't bought the thing yet... 😘""",disastershipblonde.bsky.social,8,0,0,2025-05-06 05:12:31.013000,worst online shopping,2026-06-02 18:36:19.140245,bluesky
795,bafyreiauhodbhe6eg6aal4akji7rz5vplyznaojejhkashh4b3pcm2x2fe,at://did:plc:lzepen5m5jgmzemissdaf7o5/app.bsky.feed.post/3lnkwdol2422p,"Finally got my Switch 2 preorder at 2:00AM. Worst online shopping experience of my life, but glad to have it done so I don’t have to hunt for months to get one.",bonuslizard.bsky.social,1,1,0,2025-04-24 22:31:37.382000,worst online shopping,2026-06-02 18:36:19.140245,bluesky
796,bafyreidv3cmv44vwj3numwznftij7hygtjvp2etoywhnzzbszvda3r2x4u,at://did:plc:ldty5sigpblqhiihh76hmg4l/app.bsky.feed.post/3lnfixqjmrk2u,worst innovation in online shopping recently is “here’s a button to let you pay an extra two to three dollars in case you want to return your purchase for free”,aflightybroad.bsky.social,3,0,0,2025-04-22 18:48:59.447000,worst online shopping,2026-06-02 18:36:19.140245,bluesky
797,bafyreifwcaezc3u2ovrwbpio4txlenpmj4gwluxfqrf2blpn5mxo4cckve,at://did:plc:cck6u4pr2z5t6sc4pzsaannk/app.bsky.feed.post/3lncofzmajc2p,"The worst thing imaginable just happened: I bought a vest to try out some more cunty fancy looks, and THE DAMN THING DOESNT FIT ITS A CHINESE SMALL SIZE WTF I ORDERED XL guhhhh i HATE online clothes shopping so much",foxgirlpirate.bsky.social,2,0,1,2025-04-21 15:48:28.217000,worst online shopping,2026-06-02 18:36:19.140245,bluesky
798,bafyreifeumkahj7tzv3yaesjhag2gveoe3c477gdiss5yepfaawxotnzs4,at://did:plc:y4znxl2pb55le55xigc7onzw/app.bsky.feed.post/3ln6aafzi2227,"It’s the worst isn’t it? I pretty much can’t go shopping anymore, which means everything comes from online. Which I hate because I’m destroying the planet rather than wheeling to the Lidl 10 mins away. But I can’t be *in* the Lidl 10 mins away so here we are.",naomijacobs.bsky.social,2,0,1,2025-04-19 21:24:08.576000,worst online shopping,2026-06-02 18:36:19.140245,bluesky
799,bafyreidxfnucvgybaku5xuodudsbmuphk5bldcvt4a4wltwoml4vugeinq,at://did:plc:whyslnsnfcnkjttgkyfava5d/app.bsky.feed.post/3ll7w276mrc2l,"Happy #HannahMorrissey Day.. I mean #NewReleaseTuesday! We are so excited for you all to FINALLY get your hands on signed editions of THE UNLUCKY ONES by our dear friend Hannah & there are so many more fantastic new books releasing today! 

Hurry in or start shopping online www.shopatbhb.com",bluehousebooks.bsky.social,3,1,1,2025-03-26 02:36:38.876000,worst online shopping,2026-06-02 18:36:19.140245,bluesky
800,bafyreicdzltpvcjyelo7vlzqex4wpiuwaddtikkpf6qlvrhokkyrzsv4gi,at://did:plc:oz5fs4qtz7fnpitt6vcxnssp/app.bsky.feed.post/3ll5j7vr5622u,Being a certified big boy I just don’t bother with any online shopping because they will never have my size it’s the worst feeling having to constantly search for anything especially since I have a shirt that’s cracking it’s in my size but looking online they do not have bigger at all,discoinferno41.bsky.social,0,0,0,2025-03-25 03:41:52.209000,worst online shopping,2026-06-02 18:36:19.140245,bluesky
801,bafyreignfq3yi3zj6btjdqwpndyc4sba245bfipwa4ehduvd2hfs4aqe4u,at://did:plc:wvepxyvahpawnjlzvsqlxemc/app.bsky.feed.post/3lkkcmhzf222w,"The worst thing about living in a small town is shopping local and seeing a 13oz bottle of conditioner for $11, and then looking online and finding a 24oz bottle for $13. 

Literally everything is 2-3x more expensive to buy in person because ""where else are you gonna go? There's only one store""",skylorbeck.website,3,0,1,2025-03-17 12:23:02.784000,worst online shopping,2026-06-02 18:36:19.140245,bluesky
802,bafyreigfnd4yfjtg4nulybgh2arb4aiack5foaie5afswwaj4lhmww673y,at://did:plc:3si7rgl5xjagdtbxosglmsjv/app.bsky.feed.post/3lkggh4pn722m,"www.fastcompany.com/91296433/why...

I actually largely agree with the article that it’s distressing that we’ve become more insular over the past two decades, but I think it’s hilarious that this article tries to make people sleeping more into the worst offense. Let us take naps, you schmucks!",slashlyashley.bsky.social,0,0,0,2025-03-15 23:20:59.161000,worst online shopping,2026-06-02 18:36:19.140245,bluesky
803,bafyreig3ylvdjyku4uedqxrybaf2crzjdd7i34i63np73x4th26uezuvn4,at://did:plc:zzrvf2jik6aevhv6vdegie2w/app.bsky.feed.post/3lke4okt5fc2h,"Ooooh, it's that time again! We've chosen our favorite @thomassanders.bsky.social shorts from the past year and battled them against each other in a bracket to find the BEST one! 🏆 This is such a silly tradition, but it's so much fun lol (Blank templates are below if you want to make your own! 👇)",ali-and-macy.bsky.social,1,0,1,2025-03-15 01:20:51.926000,worst online shopping,2026-06-02 18:36:19.140245,bluesky
804,bafyreigi4bgewg6igiyrnw7rysgk3s66sx2ehvv63nvgfudato7ase4qqa,at://did:plc:csq22lo2o65swvcijtkz7czj/app.bsky.feed.post/3lkdojo3nt22n,i think temu has provided quite possibly the worst online shopping experience ive ever had. constant ads and “coupons” all over the damn place and overall bad UI/UX that feels straight out of 2003,kirakirak1lla.bsky.social,0,0,0,2025-03-14 21:07:35.220000,worst online shopping,2026-06-02 18:36:19.140245,bluesky
805,bafyreibu6gwnlulysnbngkkndy6lyqhxlulqj5kodl44ksjjv2elxsbgyi,at://did:plc:y3xju5bljukcnyn5gzbmwaml/app.bsky.feed.post/3ljxtvn3crk2m,"I didn't expect it to be so delightful to boycott Amazon. They pioneered frictionless online shopping so well that now almost everyone can do it (and it's fun finding new businesses), and in the cases that I do have to visit a place in person... also not the worst thing in the world! 🌈 ✨",busterbenson.com,7,1,0,2025-03-10 04:11:48.663000,worst online shopping,2026-06-02 18:36:19.140245,bluesky
806,bafyreigrdqt5vmb5if5sspk2ogeufea7wkc2x5u6bczmdnvq7d5asr3fpu,at://did:plc:nhlu4iookg46uambz64att3y/app.bsky.feed.post/3ljbwlezbv22a,"There was never any illusion of ""impact"" for today's action.

It was simply a test:

Can WE, as Americans, take a break from the endless lazy gluttony of online shopping for ONE DAY at the worst of the worst retailers?

And we'll see how that went.

I bet @theweekendmsnbc.bsky.social will be on it.",euphoricfuzion.bsky.social,21,0,0,2025-03-01 11:01:11.641000,worst online shopping,2026-06-02 18:36:19.140245,bluesky
807,bafyreicthyeubznhptqjgsfaj65asvut5bdlq3uxfflztrywaojgl64dui,at://did:plc:nyphrfrnubxg3qzz7gk6zkhw/app.bsky.feed.post/3liu726pezk2o,"I will never forget you! ❤️😔🍃

Welp I guess it’s time to do some online shopping. Worst part is, it broke my glass connector for the Arizer so I’ll be waiting on 2 deliveries 🙄",tubsmcmuffincake.bsky.social,9,0,0,2025-02-23 23:55:21.932000,worst online shopping,2026-06-02 18:36:19.140245,bluesky
808,bafyreihfor42ruzzge5w7kgumejj65bzehapnr6pvbccr5ahirc5vwtu6m,at://did:plc:mbxx43kfclzsur4inuvrlurs/app.bsky.feed.post/3lipqbtxrcc2i,"Joann fabrics is likely to close soon, so when I see Michael's advertising their new fabric section, I check it out

It's just as bad if not worse than Walmart, buying fabric feels so doomed now

I NEED to feel and see the color, online shopping for fabric is the worst....",noffynoffeh.bsky.social,2,0,1,2025-02-22 05:20:34.038000,worst online shopping,2026-06-02 18:36:19.140245,bluesky
